国家,省,市,区,行政区划代码,经度,纬度
中国,北京市,市辖区,东城区,110101,116.407526,39.904030
中国,北京市,市辖区,西城区,110102,116.407526,39.904030
中国,北京市,市辖区,朝阳区,110105,116.407526,39.904030
中国,北京市,市辖区,丰台区,110106,116.407526,39.904030
中国,北京市,市辖区,石景山区,110107,116.407526,39.904030
中国,北京市,市辖区,海淀区,110108,116.407526,39.904030
中国,北京市,市辖区,门头沟区,110109,116.407526,39.904030
中国,北京市,市辖区,房山区,110111,116.407526,39.904030
中国,北京市,市辖区,通州区,110112,116.407526,39.904030
中国,北京市,市辖区,顺义区,110113,116.407526,39.904030
中国,北京市,市辖区,昌平区,110114,116.407526,39.904030
中国,北京市,市辖区,大兴区,110115,116.407526,39.904030
中国,北京市,市辖区,怀柔区,110116,116.407526,39.904030
中国,北京市,市辖区,平谷区,110117,116.407526,39.904030
中国,北京市,市辖区,密云区,110118,116.407526,39.904030
中国,北京市,市辖区,延庆区,110119,116.407526,39.904030
中国,天津市,市辖区,和平区,120101,117.190186,39.125596
中国,天津市,市辖区,河东区,120102,117.190186,39.125596
中国,天津市,市辖区,河西区,120103,117.190186,39.125596
中国,天津市,市辖区,南开区,120104,117.190186,39.125596
中国,天津市,市辖区,河北区,120105,117.190186,39.125596
中国,天津市,市辖区,红桥区,120106,117.190186,39.125596
中国,天津市,市辖区,东丽区,120110,117.190186,39.125596
中国,天津市,市辖区,西青区,120111,117.190186,39.125596
中国,天津市,市辖区,津南区,120112,117.190186,39.125596
中国,天津市,市辖区,北辰区,120113,117.190186,39.125596
中国,天津市,市辖区,武清区,120114,117.190186,39.125596
中国,天津市,市辖区,宝坻区,120115,117.190186,39.125596
中国,天津市,市辖区,滨海新区,120116,117.190186,39.125596
中国,天津市,市辖区,宁河区,120117,117.190186,39.125596
中国,天津市,市辖区,静海区,120118,117.190186,39.125596
中国,天津市,市辖区,蓟州区,120119,117.190186,39.125596
中国,河北省,石家庄市,长安区,130102,114.514860,38.042207
中国,河北省,石家庄市,桥西区,130104,114.514860,38.042207
中国,河北省,石家庄市,新华区,130105,114.514860,38.042207
中国,河北省,石家庄市,井陉矿区,130107,114.514860,38.042207
中国,河北省,石家庄市,裕华区,130108,114.514860,38.042207
中国,河北省,石家庄市,藁城区,130109,114.514860,38.042207
中国,河北省,石家庄市,鹿泉区,130110,114.514860,38.042207
中国,河北省,石家庄市,栾城区,130111,114.514860,38.042207
中国,河北省,石家庄市,井陉县,130121,114.514860,38.042207
中国,河北省,石家庄市,正定县,130123,114.514860,38.042207
中国,河北省,石家庄市,行唐县,130125,114.514860,38.042207
中国,河北省,石家庄市,灵寿县,130126,114.514860,38.042207
中国,河北省,石家庄市,高邑县,130127,114.514860,38.042207
中国,河北省,石家庄市,深泽县,130128,114.514860,38.042207
中国,河北省,石家庄市,赞皇县,130129,114.514860,38.042207
中国,河北省,石家庄市,无极县,130130,114.514860,38.042207
中国,河北省,石家庄市,平山县,130131,114.514860,38.042207
中国,河北省,石家庄市,元氏县,130132,114.514860,38.042207
中国,河北省,石家庄市,赵县,130133,114.514860,38.042207
中国,河北省,石家庄市,石家庄高新技术产业开发区,130171,114.514860,38.042207
中国,河北省,石家庄市,石家庄循环化工园区,130172,114.514860,38.042207
中国,河北省,石家庄市,辛集市,130181,114.514860,38.042207
中国,河北省,石家庄市,晋州市,130183,114.514860,38.042207
中国,河北省,石家庄市,新乐市,130184,114.514860,38.042207
中国,河北省,唐山市,路南区,130202,118.180198,39.630874
中国,河北省,唐山市,路北区,130203,118.180198,39.630874
中国,河北省,唐山市,古冶区,130204,118.180198,39.630874
中国,河北省,唐山市,开平区,130205,118.180198,39.630874
中国,河北省,唐山市,丰南区,130207,118.180198,39.630874
中国,河北省,唐山市,丰润区,130208,118.180198,39.630874
中国,河北省,唐山市,曹妃甸区,130209,118.180198,39.630874
中国,河北省,唐山市,滦南县,130224,118.180198,39.630874
中国,河北省,唐山市,乐亭县,130225,118.180198,39.630874
中国,河北省,唐山市,迁西县,130227,118.180198,39.630874
中国,河北省,唐山市,玉田县,130229,118.180198,39.630874
中国,河北省,唐山市,河北唐山芦台经济开发区,130271,118.180198,39.630874
中国,河北省,唐山市,唐山市汉沽管理区,130272,118.180198,39.630874
中国,河北省,唐山市,唐山高新技术产业开发区,130273,118.180198,39.630874
中国,河北省,唐山市,河北唐山海港经济开发区,130274,118.180198,39.630874
中国,河北省,唐山市,遵化市,130281,118.180198,39.630874
中国,河北省,唐山市,迁安市,130283,118.180198,39.630874
中国,河北省,唐山市,滦州市,130284,118.180198,39.630874
中国,河北省,秦皇岛市,海港区,130302,119.600494,39.935383
中国,河北省,秦皇岛市,山海关区,130303,119.600494,39.935383
中国,河北省,秦皇岛市,北戴河区,130304,119.600494,39.935383
中国,河北省,秦皇岛市,抚宁区,130306,119.600494,39.935383
中国,河北省,秦皇岛市,青龙满族自治县,130321,119.600494,39.935383
中国,河北省,秦皇岛市,昌黎县,130322,119.600494,39.935383
中国,河北省,秦皇岛市,卢龙县,130324,119.600494,39.935383
中国,河北省,秦皇岛市,秦皇岛市经济技术开发区,130371,119.600494,39.935383
中国,河北省,秦皇岛市,北戴河新区,130372,119.600494,39.935383
中国,河北省,邯郸市,邯山区,130402,114.539185,36.625866
中国,河北省,邯郸市,丛台区,130403,114.539185,36.625866
中国,河北省,邯郸市,复兴区,130404,114.539185,36.625866
中国,河北省,邯郸市,峰峰矿区,130406,114.539185,36.625866
中国,河北省,邯郸市,肥乡区,130407,114.539185,36.625866
中国,河北省,邯郸市,永年区,130408,114.539185,36.625866
中国,河北省,邯郸市,临漳县,130423,114.539185,36.625866
中国,河北省,邯郸市,成安县,130424,114.539185,36.625866
中国,河北省,邯郸市,大名县,130425,114.539185,36.625866
中国,河北省,邯郸市,涉县,130426,114.539185,36.625866
中国,河北省,邯郸市,磁县,130427,114.539185,36.625866
中国,河北省,邯郸市,邱县,130430,114.539185,36.625866
中国,河北省,邯郸市,鸡泽县,130431,114.539185,36.625866
中国,河北省,邯郸市,广平县,130432,114.539185,36.625866
中国,河北省,邯郸市,馆陶县,130433,114.539185,36.625866
中国,河北省,邯郸市,魏县,130434,114.539185,36.625866
中国,河北省,邯郸市,曲周县,130435,114.539185,36.625866
中国,河北省,邯郸市,邯郸经济技术开发区,130471,114.539185,36.625866
中国,河北省,邯郸市,邯郸冀南新区,130473,114.539185,36.625866
中国,河北省,邯郸市,武安市,130481,114.539185,36.625866
中国,河北省,邢台市,襄都区,130502,114.504820,37.070550
中国,河北省,邢台市,信都区,130503,114.504820,37.070550
中国,河北省,邢台市,任泽区,130505,114.504820,37.070550
中国,河北省,邢台市,南和区,130506,114.504820,37.070550
中国,河北省,邢台市,临城县,130522,114.504820,37.070550
中国,河北省,邢台市,内丘县,130523,114.504820,37.070550
中国,河北省,邢台市,柏乡县,130524,114.504820,37.070550
中国,河北省,邢台市,隆尧县,130525,114.504820,37.070550
中国,河北省,邢台市,宁晋县,130528,114.504820,37.070550
中国,河北省,邢台市,巨鹿县,130529,114.504820,37.070550
中国,河北省,邢台市,新河县,130530,114.504820,37.070550
中国,河北省,邢台市,广宗县,130531,114.504820,37.070550
中国,河北省,邢台市,平乡县,130532,114.504820,37.070550
中国,河北省,邢台市,威县,130533,114.504820,37.070550
中国,河北省,邢台市,清河县,130534,114.504820,37.070550
中国,河北省,邢台市,临西县,130535,114.504820,37.070550
中国,河北省,邢台市,河北邢台经济开发区,130571,114.504820,37.070550
中国,河北省,邢台市,南宫市,130581,114.504820,37.070550
中国,河北省,邢台市,沙河市,130582,114.504820,37.070550
中国,河北省,保定市,竞秀区,130602,115.464966,38.873960
中国,河北省,保定市,莲池区,130606,115.464966,38.873960
中国,河北省,保定市,满城区,130607,115.464966,38.873960
中国,河北省,保定市,清苑区,130608,115.464966,38.873960
中国,河北省,保定市,徐水区,130609,115.464966,38.873960
中国,河北省,保定市,涞水县,130623,115.464966,38.873960
中国,河北省,保定市,阜平县,130624,115.464966,38.873960
中国,河北省,保定市,定兴县,130626,115.464966,38.873960
中国,河北省,保定市,唐县,130627,115.464966,38.873960
中国,河北省,保定市,高阳县,130628,115.464966,38.873960
中国,河北省,保定市,容城县,130629,115.464966,38.873960
中国,河北省,保定市,涞源县,130630,115.464966,38.873960
中国,河北省,保定市,望都县,130631,115.464966,38.873960
中国,河北省,保定市,安新县,130632,115.464966,38.873960
中国,河北省,保定市,易县,130633,115.464966,38.873960
中国,河北省,保定市,曲阳县,130634,115.464966,38.873960
中国,河北省,保定市,蠡县,130635,115.464966,38.873960
中国,河北省,保定市,顺平县,130636,115.464966,38.873960
中国,河北省,保定市,博野县,130637,115.464966,38.873960
中国,河北省,保定市,雄县,130638,115.464966,38.873960
中国,河北省,保定市,保定高新技术产业开发区,130671,115.464966,38.873960
中国,河北省,保定市,保定白沟新城,130672,115.464966,38.873960
中国,河北省,保定市,涿州市,130681,115.464966,38.873960
中国,河北省,保定市,定州市,130682,115.464966,38.873960
中国,河北省,保定市,安国市,130683,115.464966,38.873960
中国,河北省,保定市,高碑店市,130684,115.464966,38.873960
中国,河北省,张家口市,桥东区,130702,114.886902,40.768000
中国,河北省,张家口市,桥西区,130703,114.886902,40.768000
中国,河北省,张家口市,宣化区,130705,114.886902,40.768000
中国,河北省,张家口市,下花园区,130706,114.886902,40.768000
中国,河北省,张家口市,万全区,130708,114.886902,40.768000
中国,河北省,张家口市,崇礼区,130709,114.886902,40.768000
中国,河北省,张家口市,张北县,130722,114.886902,40.768000
中国,河北省,张家口市,康保县,130723,114.886902,40.768000
中国,河北省,张家口市,沽源县,130724,114.886902,40.768000
中国,河北省,张家口市,尚义县,130725,114.886902,40.768000
中国,河北省,张家口市,蔚县,130726,114.886902,40.768000
中国,河北省,张家口市,阳原县,130727,114.886902,40.768000
中国,河北省,张家口市,怀安县,130728,114.886902,40.768000
中国,河北省,张家口市,怀来县,130730,114.886902,40.768000
中国,河北省,张家口市,涿鹿县,130731,114.886902,40.768000
中国,河北省,张家口市,赤城县,130732,114.886902,40.768000
中国,河北省,张家口市,张家口经济开发区,130771,114.886902,40.768000
中国,河北省,张家口市,张家口市察北管理区,130772,114.886902,40.768000
中国,河北省,张家口市,张家口市塞北管理区,130773,114.886902,40.768000
中国,河北省,承德市,双桥区,130802,117.962822,40.954460
中国,河北省,承德市,双滦区,130803,117.962822,40.954460
中国,河北省,承德市,鹰手营子矿区,130804,117.962822,40.954460
中国,河北省,承德市,承德县,130821,117.962822,40.954460
中国,河北省,承德市,兴隆县,130822,117.962822,40.954460
中国,河北省,承德市,滦平县,130824,117.962822,40.954460
中国,河北省,承德市,隆化县,130825,117.962822,40.954460
中国,河北省,承德市,丰宁满族自治县,130826,117.962822,40.954460
中国,河北省,承德市,宽城满族自治县,130827,117.962822,40.954460
中国,河北省,承德市,围场满族蒙古族自治县,130828,117.962822,40.954460
中国,河北省,承德市,承德高新技术产业开发区,130871,117.962822,40.954460
中国,河北省,承德市,平泉市,130881,117.962822,40.954460
中国,河北省,沧州市,新华区,130902,116.838707,38.303700
中国,河北省,沧州市,运河区,130903,116.838707,38.303700
中国,河北省,沧州市,沧县,130921,116.838707,38.303700
中国,河北省,沧州市,青县,130922,116.838707,38.303700
中国,河北省,沧州市,东光县,130923,116.838707,38.303700
中国,河北省,沧州市,海兴县,130924,116.838707,38.303700
中国,河北省,沧州市,盐山县,130925,116.838707,38.303700
中国,河北省,沧州市,肃宁县,130926,116.838707,38.303700
中国,河北省,沧州市,南皮县,130927,116.838707,38.303700
中国,河北省,沧州市,吴桥县,130928,116.838707,38.303700
中国,河北省,沧州市,献县,130929,116.838707,38.303700
中国,河北省,沧州市,孟村回族自治县,130930,116.838707,38.303700
中国,河北省,沧州市,河北沧州经济开发区,130971,116.838707,38.303700
中国,河北省,沧州市,沧州高新技术产业开发区,130972,116.838707,38.303700
中国,河北省,沧州市,沧州渤海新区,130973,116.838707,38.303700
中国,河北省,沧州市,泊头市,130981,116.838707,38.303700
中国,河北省,沧州市,任丘市,130982,116.838707,38.303700
中国,河北省,沧州市,黄骅市,130983,116.838707,38.303700
中国,河北省,沧州市,河间市,130984,116.838707,38.303700
中国,河北省,廊坊市,安次区,131002,116.683372,39.537860
中国,河北省,廊坊市,广阳区,131003,116.683372,39.537860
中国,河北省,廊坊市,固安县,131022,116.683372,39.537860
中国,河北省,廊坊市,永清县,131023,116.683372,39.537860
中国,河北省,廊坊市,香河县,131024,116.683372,39.537860
中国,河北省,廊坊市,大城县,131025,116.683372,39.537860
中国,河北省,廊坊市,文安县,131026,116.683372,39.537860
中国,河北省,廊坊市,大厂回族自治县,131028,116.683372,39.537860
中国,河北省,廊坊市,廊坊经济技术开发区,131071,116.683372,39.537860
中国,河北省,廊坊市,霸州市,131081,116.683372,39.537860
中国,河北省,廊坊市,三河市,131082,116.683372,39.537860
中国,河北省,衡水市,桃城区,131102,115.670020,37.739040
中国,河北省,衡水市,冀州区,131103,115.670020,37.739040
中国,河北省,衡水市,枣强县,131121,115.670020,37.739040
中国,河北省,衡水市,武邑县,131122,115.670020,37.739040
中国,河北省,衡水市,武强县,131123,115.670020,37.739040
中国,河北省,衡水市,饶阳县,131124,115.670020,37.739040
中国,河北省,衡水市,安平县,131125,115.670020,37.739040
中国,河北省,衡水市,故城县,131126,115.670020,37.739040
中国,河北省,衡水市,景县,131127,115.670020,37.739040
中国,河北省,衡水市,阜城县,131128,115.670020,37.739040
中国,河北省,衡水市,河北衡水高新技术产业开发区,131171,115.670020,37.739040
中国,河北省,衡水市,衡水滨湖新区,131172,115.670020,37.739040
中国,河北省,衡水市,深州市,131182,115.670020,37.739040
中国,山西省,太原市,小店区,140105,112.548900,37.870600
中国,山西省,太原市,迎泽区,140106,112.548900,37.870600
中国,山西省,太原市,杏花岭区,140107,112.548900,37.870600
中国,山西省,太原市,尖草坪区,140108,112.548900,37.870600
中国,山西省,太原市,万柏林区,140109,112.548900,37.870600
中国,山西省,太原市,晋源区,140110,112.548900,37.870600
中国,山西省,太原市,清徐县,140121,112.548900,37.870600
中国,山西省,太原市,阳曲县,140122,112.548900,37.870600
中国,山西省,太原市,娄烦县,140123,112.548900,37.870600
中国,山西省,太原市,山西转型综合改革示范区,140171,112.548900,37.870600
中国,山西省,太原市,古交市,140181,112.548900,37.870600
中国,山西省,大同市,新荣区,140212,113.300100,40.076900
中国,山西省,大同市,平城区,140213,113.300100,40.076900
中国,山西省,大同市,云冈区,140214,113.300100,40.076900
中国,山西省,大同市,云州区,140215,113.300100,40.076900
中国,山西省,大同市,阳高县,140221,113.300100,40.076900
中国,山西省,大同市,天镇县,140222,113.300100,40.076900
中国,山西省,大同市,广灵县,140223,113.300100,40.076900
中国,山西省,大同市,灵丘县,140224,113.300100,40.076900
中国,山西省,大同市,浑源县,140225,113.300100,40.076900
中国,山西省,大同市,左云县,140226,113.300100,40.076900
中国,山西省,大同市,山西大同经济开发区,140271,113.300100,40.076900
中国,山西省,阳泉市,城区,140302,113.580300,37.856700
中国,山西省,阳泉市,矿区,140303,113.580300,37.856700
中国,山西省,阳泉市,郊区,140311,113.580300,37.856700
中国,山西省,阳泉市,平定县,140321,113.580300,37.856700
中国,山西省,阳泉市,盂县,140322,113.580300,37.856700
中国,山西省,长治市,潞州区,140403,113.116300,36.195300
中国,山西省,长治市,上党区,140404,113.116300,36.195300
中国,山西省,长治市,屯留区,140405,113.116300,36.195300
中国,山西省,长治市,潞城区,140406,113.116300,36.195300
中国,山西省,长治市,襄垣县,140423,113.116300,36.195300
中国,山西省,长治市,平顺县,140425,113.116300,36.195300
中国,山西省,长治市,黎城县,140426,113.116300,36.195300
中国,山西省,长治市,壶关县,140427,113.116300,36.195300
中国,山西省,长治市,长子县,140428,113.116300,36.195300
中国,山西省,长治市,武乡县,140429,113.116300,36.195300
中国,山西省,长治市,沁县,140430,113.116300,36.195300
中国,山西省,长治市,沁源县,140431,113.116300,36.195300
中国,山西省,晋城市,城区,140502,112.851700,35.490600
中国,山西省,晋城市,沁水县,140521,112.851700,35.490600
中国,山西省,晋城市,阳城县,140522,112.851700,35.490600
中国,山西省,晋城市,陵川县,140524,112.851700,35.490600
中国,山西省,晋城市,泽州县,140525,112.851700,35.490600
中国,山西省,晋城市,高平市,140581,112.851700,35.490600
中国,山西省,朔州市,朔城区,140602,112.432900,39.331800
中国,山西省,朔州市,平鲁区,140603,112.432900,39.331800
中国,山西省,朔州市,山阴县,140621,112.432900,39.331800
中国,山西省,朔州市,应县,140622,112.432900,39.331800
中国,山西省,朔州市,右玉县,140623,112.432900,39.331800
中国,山西省,朔州市,山西朔州经济开发区,140671,112.432900,39.331800
中国,山西省,朔州市,怀仁市,140681,112.432900,39.331800
中国,山西省,晋中市,榆次区,140702,112.752700,37.687300
中国,山西省,晋中市,太谷区,140703,112.752700,37.687300
中国,山西省,晋中市,榆社县,140721,112.752700,37.687300
中国,山西省,晋中市,左权县,140722,112.752700,37.687300
中国,山西省,晋中市,和顺县,140723,112.752700,37.687300
中国,山西省,晋中市,昔阳县,140724,112.752700,37.687300
中国,山西省,晋中市,寿阳县,140725,112.752700,37.687300
中国,山西省,晋中市,祁县,140727,112.752700,37.687300
中国,山西省,晋中市,平遥县,140728,112.752700,37.687300
中国,山西省,晋中市,灵石县,140729,112.752700,37.687300
中国,山西省,晋中市,介休市,140781,112.752700,37.687300
中国,山西省,运城市,盐湖区,140802,111.006800,35.026500
中国,山西省,运城市,临猗县,140821,111.006800,35.026500
中国,山西省,运城市,万荣县,140822,111.006800,35.026500
中国,山西省,运城市,闻喜县,140823,111.006800,35.026500
中国,山西省,运城市,稷山县,140824,111.006800,35.026500
中国,山西省,运城市,新绛县,140825,111.006800,35.026500
中国,山西省,运城市,绛县,140826,111.006800,35.026500
中国,山西省,运城市,垣曲县,140827,111.006800,35.026500
中国,山西省,运城市,夏县,140828,111.006800,35.026500
中国,山西省,运城市,平陆县,140829,111.006800,35.026500
中国,山西省,运城市,芮城县,140830,111.006800,35.026500
中国,山西省,运城市,永济市,140881,111.006800,35.026500
中国,山西省,运城市,河津市,140882,111.006800,35.026500
中国,山西省,忻州市,忻府区,140902,112.734200,38.416800
中国,山西省,忻州市,定襄县,140921,112.734200,38.416800
中国,山西省,忻州市,五台县,140922,112.734200,38.416800
中国,山西省,忻州市,代县,140923,112.734200,38.416800
中国,山西省,忻州市,繁峙县,140924,112.734200,38.416800
中国,山西省,忻州市,宁武县,140925,112.734200,38.416800
中国,山西省,忻州市,静乐县,140926,112.734200,38.416800
中国,山西省,忻州市,神池县,140927,112.734200,38.416800
中国,山西省,忻州市,五寨县,140928,112.734200,38.416800
中国,山西省,忻州市,岢岚县,140929,112.734200,38.416800
中国,山西省,忻州市,河曲县,140930,112.734200,38.416800
中国,山西省,忻州市,保德县,140931,112.734200,38.416800
中国,山西省,忻州市,偏关县,140932,112.734200,38.416800
中国,山西省,忻州市,五台山风景名胜区,140971,112.734200,38.416800
中国,山西省,忻州市,原平市,140981,112.734200,38.416800
中国,山西省,临汾市,尧都区,141002,111.519000,36.088000
中国,山西省,临汾市,曲沃县,141021,111.519000,36.088000
中国,山西省,临汾市,翼城县,141022,111.519000,36.088000
中国,山西省,临汾市,襄汾县,141023,111.519000,36.088000
中国,山西省,临汾市,洪洞县,141024,111.519000,36.088000
中国,山西省,临汾市,古县,141025,111.519000,36.088000
中国,山西省,临汾市,安泽县,141026,111.519000,36.088000
中国,山西省,临汾市,浮山县,141027,111.519000,36.088000
中国,山西省,临汾市,吉县,141028,111.519000,36.088000
中国,山西省,临汾市,乡宁县,141029,111.519000,36.088000
中国,山西省,临汾市,大宁县,141030,111.519000,36.088000
中国,山西省,临汾市,隰县,141031,111.519000,36.088000
中国,山西省,临汾市,永和县,141032,111.519000,36.088000
中国,山西省,临汾市,蒲县,141033,111.519000,36.088000
中国,山西省,临汾市,汾西县,141034,111.519000,36.088000
中国,山西省,临汾市,侯马市,141081,111.519000,36.088000
中国,山西省,临汾市,霍州市,141082,111.519000,36.088000
中国,山西省,吕梁市,离石区,141102,111.144700,37.519200
中国,山西省,吕梁市,文水县,141121,111.144700,37.519200
中国,山西省,吕梁市,交城县,141122,111.144700,37.519200
中国,山西省,吕梁市,兴县,141123,111.144700,37.519200
中国,山西省,吕梁市,临县,141124,111.144700,37.519200
中国,山西省,吕梁市,柳林县,141125,111.144700,37.519200
中国,山西省,吕梁市,石楼县,141126,111.144700,37.519200
中国,山西省,吕梁市,岚县,141127,111.144700,37.519200
中国,山西省,吕梁市,方山县,141128,111.144700,37.519200
中国,山西省,吕梁市,中阳县,141129,111.144700,37.519200
中国,山西省,吕梁市,交口县,141130,111.144700,37.519200
中国,山西省,吕梁市,孝义市,141181,111.144700,37.519200
中国,山西省,吕梁市,汾阳市,141182,111.144700,37.519200
中国,内蒙古自治区,呼和浩特市,新城区,150102,111.751700,40.842600
中国,内蒙古自治区,呼和浩特市,回民区,150103,111.751700,40.842600
中国,内蒙古自治区,呼和浩特市,玉泉区,150104,111.751700,40.842600
中国,内蒙古自治区,呼和浩特市,赛罕区,150105,111.751700,40.842600
中国,内蒙古自治区,呼和浩特市,土默特左旗,150121,111.751700,40.842600
中国,内蒙古自治区,呼和浩特市,托克托县,150122,111.751700,40.842600
中国,内蒙古自治区,呼和浩特市,和林格尔县,150123,111.751700,40.842600
中国,内蒙古自治区,呼和浩特市,清水河县,150124,111.751700,40.842600
中国,内蒙古自治区,呼和浩特市,武川县,150125,111.751700,40.842600
中国,内蒙古自治区,呼和浩特市,呼和浩特经济技术开发区,150172,111.751700,40.842600
中国,内蒙古自治区,包头市,东河区,150202,109.840100,40.657500
中国,内蒙古自治区,包头市,昆都仑区,150203,109.840100,40.657500
中国,内蒙古自治区,包头市,青山区,150204,109.840100,40.657500
中国,内蒙古自治区,包头市,石拐区,150205,109.840100,40.657500
中国,内蒙古自治区,包头市,白云鄂博矿区,150206,109.840100,40.657500
中国,内蒙古自治区,包头市,九原区,150207,109.840100,40.657500
中国,内蒙古自治区,包头市,土默特右旗,150221,109.840100,40.657500
中国,内蒙古自治区,包头市,固阳县,150222,109.840100,40.657500
中国,内蒙古自治区,包头市,达尔罕茂明安联合旗,150223,109.840100,40.657500
中国,内蒙古自治区,包头市,包头稀土高新技术产业开发区,150271,109.840100,40.657500
中国,内蒙古自治区,乌海市,海勃湾区,150302,106.794400,39.654300
中国,内蒙古自治区,乌海市,海南区,150303,106.794400,39.654300
中国,内蒙古自治区,乌海市,乌达区,150304,106.794400,39.654300
中国,内蒙古自治区,赤峰市,红山区,150402,118.886900,42.266800
中国,内蒙古自治区,赤峰市,元宝山区,150403,118.886900,42.266800
中国,内蒙古自治区,赤峰市,松山区,150404,118.886900,42.266800
中国,内蒙古自治区,赤峰市,阿鲁科尔沁旗,150421,118.886900,42.266800
中国,内蒙古自治区,赤峰市,巴林左旗,150422,118.886900,42.266800
中国,内蒙古自治区,赤峰市,巴林右旗,150423,118.886900,42.266800
中国,内蒙古自治区,赤峰市,林西县,150424,118.886900,42.266800
中国,内蒙古自治区,赤峰市,克什克腾旗,150425,118.886900,42.266800
中国,内蒙古自治区,赤峰市,翁牛特旗,150426,118.886900,42.266800
中国,内蒙古自治区,赤峰市,喀喇沁旗,150428,118.886900,42.266800
中国,内蒙古自治区,赤峰市,宁城县,150429,118.886900,42.266800
中国,内蒙古自治区,赤峰市,敖汉旗,150430,118.886900,42.266800
中国,内蒙古自治区,通辽市,科尔沁区,150502,122.243600,43.652500
中国,内蒙古自治区,通辽市,科尔沁左翼中旗,150521,122.243600,43.652500
中国,内蒙古自治区,通辽市,科尔沁左翼后旗,150522,122.243600,43.652500
中国,内蒙古自治区,通辽市,开鲁县,150523,122.243600,43.652500
中国,内蒙古自治区,通辽市,库伦旗,150524,122.243600,43.652500
中国,内蒙古自治区,通辽市,奈曼旗,150525,122.243600,43.652500
中国,内蒙古自治区,通辽市,扎鲁特旗,150526,122.243600,43.652500
中国,内蒙古自治区,通辽市,通辽经济技术开发区,150571,122.243600,43.652500
中国,内蒙古自治区,通辽市,霍林郭勒市,150581,122.243600,43.652500
中国,内蒙古自治区,鄂尔多斯市,东胜区,150602,109.781200,39.608300
中国,内蒙古自治区,鄂尔多斯市,康巴什区,150603,109.781200,39.608300
中国,内蒙古自治区,鄂尔多斯市,达拉特旗,150621,109.781200,39.608300
中国,内蒙古自治区,鄂尔多斯市,准格尔旗,150622,109.781200,39.608300
中国,内蒙古自治区,鄂尔多斯市,鄂托克前旗,150623,109.781200,39.608300
中国,内蒙古自治区,鄂尔多斯市,鄂托克旗,150624,109.781200,39.608300
中国,内蒙古自治区,鄂尔多斯市,杭锦旗,150625,109.781200,39.608300
中国,内蒙古自治区,鄂尔多斯市,乌审旗,150626,109.781200,39.608300
中国,内蒙古自治区,鄂尔多斯市,伊金霍洛旗,150627,109.781200,39.608300
中国,内蒙古自治区,呼伦贝尔市,海拉尔区,150702,119.765300,49.212000
中国,内蒙古自治区,呼伦贝尔市,扎赉诺尔区,150703,119.765300,49.212000
中国,内蒙古自治区,呼伦贝尔市,阿荣旗,150721,119.765300,49.212000
中国,内蒙古自治区,呼伦贝尔市,莫力达瓦达斡尔族自治旗,150722,119.765300,49.212000
中国,内蒙古自治区,呼伦贝尔市,鄂伦春自治旗,150723,119.765300,49.212000
中国,内蒙古自治区,呼伦贝尔市,鄂温克族自治旗,150724,119.765300,49.212000
中国,内蒙古自治区,呼伦贝尔市,陈巴尔虎旗,150725,119.765300,49.212000
中国,内蒙古自治区,呼伦贝尔市,新巴尔虎左旗,150726,119.765300,49.212000
中国,内蒙古自治区,呼伦贝尔市,新巴尔虎右旗,150727,119.765300,49.212000
中国,内蒙古自治区,呼伦贝尔市,满洲里市,150781,119.765300,49.212000
中国,内蒙古自治区,呼伦贝尔市,牙克石市,150782,119.765300,49.212000
中国,内蒙古自治区,呼伦贝尔市,扎兰屯市,150783,119.765300,49.212000
中国,内蒙古自治区,呼伦贝尔市,额尔古纳市,150784,119.765300,49.212000
中国,内蒙古自治区,呼伦贝尔市,根河市,150785,119.765300,49.212000
中国,内蒙古自治区,巴彦淖尔市,临河区,150802,107.387800,40.743300
中国,内蒙古自治区,巴彦淖尔市,五原县,150821,107.387800,40.743300
中国,内蒙古自治区,巴彦淖尔市,磴口县,150822,107.387800,40.743300
中国,内蒙古自治区,巴彦淖尔市,乌拉特前旗,150823,107.387800,40.743300
中国,内蒙古自治区,巴彦淖尔市,乌拉特中旗,150824,107.387800,40.743300
中国,内蒙古自治区,巴彦淖尔市,乌拉特后旗,150825,107.387800,40.743300
中国,内蒙古自治区,巴彦淖尔市,杭锦后旗,150826,107.387800,40.743300
中国,内蒙古自治区,乌兰察布市,集宁区,150902,113.132700,41.034200
中国,内蒙古自治区,乌兰察布市,卓资县,150921,113.132700,41.034200
中国,内蒙古自治区,乌兰察布市,化德县,150922,113.132700,41.034200
中国,内蒙古自治区,乌兰察布市,商都县,150923,113.132700,41.034200
中国,内蒙古自治区,乌兰察布市,兴和县,150924,113.132700,41.034200
中国,内蒙古自治区,乌兰察布市,凉城县,150925,113.132700,41.034200
中国,内蒙古自治区,乌兰察布市,察哈尔右翼前旗,150926,113.132700,41.034200
中国,内蒙古自治区,乌兰察布市,察哈尔右翼中旗,150927,113.132700,41.034200
中国,内蒙古自治区,乌兰察布市,察哈尔右翼后旗,150928,113.132700,41.034200
中国,内蒙古自治区,乌兰察布市,四子王旗,150929,113.132700,41.034200
中国,内蒙古自治区,乌兰察布市,丰镇市,150981,113.132700,41.034200
中国,内蒙古自治区,兴安盟,乌兰浩特市,152201,122.037700,46.083800
中国,内蒙古自治区,兴安盟,阿尔山市,152202,122.037700,46.083800
中国,内蒙古自治区,兴安盟,科尔沁右翼前旗,152221,122.037700,46.083800
中国,内蒙古自治区,兴安盟,科尔沁右翼中旗,152222,122.037700,46.083800
中国,内蒙古自治区,兴安盟,扎赉特旗,152223,122.037700,46.083800
中国,内蒙古自治区,兴安盟,突泉县,152224,122.037700,46.083800
中国,内蒙古自治区,锡林郭勒盟,二连浩特市,152501,116.047700,43.933700
中国,内蒙古自治区,锡林郭勒盟,锡林浩特市,152502,116.047700,43.933700
中国,内蒙古自治区,锡林郭勒盟,阿巴嘎旗,152522,116.047700,43.933700
中国,内蒙古自治区,锡林郭勒盟,苏尼特左旗,152523,116.047700,43.933700
中国,内蒙古自治区,锡林郭勒盟,苏尼特右旗,152524,116.047700,43.933700
中国,内蒙古自治区,锡林郭勒盟,东乌珠穆沁旗,152525,116.047700,43.933700
中国,内蒙古自治区,锡林郭勒盟,西乌珠穆沁旗,152526,116.047700,43.933700
中国,内蒙古自治区,锡林郭勒盟,太仆寺旗,152527,116.047700,43.933700
中国,内蒙古自治区,锡林郭勒盟,镶黄旗,152528,116.047700,43.933700
中国,内蒙古自治区,锡林郭勒盟,正镶白旗,152529,116.047700,43.933700
中国,内蒙古自治区,锡林郭勒盟,正蓝旗,152530,116.047700,43.933700
中国,内蒙古自治区,锡林郭勒盟,多伦县,152531,116.047700,43.933700
中国,内蒙古自治区,锡林郭勒盟,乌拉盖管理区管委会,152571,116.047700,43.933700
中国,内蒙古自治区,阿拉善盟,阿拉善左旗,152921,105.729600,38.851300
中国,内蒙古自治区,阿拉善盟,阿拉善右旗,152922,105.729600,38.851300
中国,内蒙古自治区,阿拉善盟,额济纳旗,152923,105.729600,38.851300
中国,内蒙古自治区,阿拉善盟,内蒙古阿拉善高新技术产业开发区,152971,105.729600,38.851300
中国,辽宁省,沈阳市,和平区,210102,123.431500,41.805700
中国,辽宁省,沈阳市,沈河区,210103,123.431500,41.805700
中国,辽宁省,沈阳市,大东区,210104,123.431500,41.805700
中国,辽宁省,沈阳市,皇姑区,210105,123.431500,41.805700
中国,辽宁省,沈阳市,铁西区,210106,123.431500,41.805700
中国,辽宁省,沈阳市,苏家屯区,210111,123.431500,41.805700
中国,辽宁省,沈阳市,浑南区,210112,123.431500,41.805700
中国,辽宁省,沈阳市,沈北新区,210113,123.431500,41.805700
中国,辽宁省,沈阳市,于洪区,210114,123.431500,41.805700
中国,辽宁省,沈阳市,辽中区,210115,123.431500,41.805700
中国,辽宁省,沈阳市,康平县,210123,123.431500,41.805700
中国,辽宁省,沈阳市,法库县,210124,123.431500,41.805700
中国,辽宁省,沈阳市,新民市,210181,123.431500,41.805700
中国,辽宁省,大连市,中山区,210202,121.614700,38.914000
中国,辽宁省,大连市,西岗区,210203,121.614700,38.914000
中国,辽宁省,大连市,沙河口区,210204,121.614700,38.914000
中国,辽宁省,大连市,甘井子区,210211,121.614700,38.914000
中国,辽宁省,大连市,旅顺口区,210212,121.614700,38.914000
中国,辽宁省,大连市,金州区,210213,121.614700,38.914000
中国,辽宁省,大连市,普兰店区,210214,121.614700,38.914000
中国,辽宁省,大连市,长海县,210224,121.614700,38.914000
中国,辽宁省,大连市,瓦房店市,210281,121.614700,38.914000
中国,辽宁省,大连市,庄河市,210283,121.614700,38.914000
中国,辽宁省,鞍山市,铁东区,210302,123.007600,41.108900
中国,辽宁省,鞍山市,铁西区,210303,123.007600,41.108900
中国,辽宁省,鞍山市,立山区,210304,123.007600,41.108900
中国,辽宁省,鞍山市,千山区,210311,123.007600,41.108900
中国,辽宁省,鞍山市,台安县,210321,123.007600,41.108900
中国,辽宁省,鞍山市,岫岩满族自治县,210323,123.007600,41.108900
中国,辽宁省,鞍山市,海城市,210381,123.007600,41.108900
中国,辽宁省,抚顺市,新抚区,210402,123.957300,41.881000
中国,辽宁省,抚顺市,东洲区,210403,123.957300,41.881000
中国,辽宁省,抚顺市,望花区,210404,123.957300,41.881000
中国,辽宁省,抚顺市,顺城区,210411,123.957300,41.881000
中国,辽宁省,抚顺市,抚顺县,210421,123.957300,41.881000
中国,辽宁省,抚顺市,新宾满族自治县,210422,123.957300,41.881000
中国,辽宁省,抚顺市,清原满族自治县,210423,123.957300,41.881000
中国,辽宁省,本溪市,平山区,210502,123.765800,41.294000
中国,辽宁省,本溪市,溪湖区,210503,123.765800,41.294000
中国,辽宁省,本溪市,明山区,210504,123.765800,41.294000
中国,辽宁省,本溪市,南芬区,210505,123.765800,41.294000
中国,辽宁省,本溪市,本溪满族自治县,210521,123.765800,41.294000
中国,辽宁省,本溪市,桓仁满族自治县,210522,123.765800,41.294000
中国,辽宁省,丹东市,元宝区,210602,124.354900,40.000700
中国,辽宁省,丹东市,振兴区,210603,124.354900,40.000700
中国,辽宁省,丹东市,振安区,210604,124.354900,40.000700
中国,辽宁省,丹东市,宽甸满族自治县,210624,124.354900,40.000700
中国,辽宁省,丹东市,东港市,210681,124.354900,40.000700
中国,辽宁省,丹东市,凤城市,210682,124.354900,40.000700
中国,辽宁省,锦州市,古塔区,210702,121.127200,41.095000
中国,辽宁省,锦州市,凌河区,210703,121.127200,41.095000
中国,辽宁省,锦州市,太和区,210711,121.127200,41.095000
中国,辽宁省,锦州市,黑山县,210726,121.127200,41.095000
中国,辽宁省,锦州市,义县,210727,121.127200,41.095000
中国,辽宁省,锦州市,凌海市,210781,121.127200,41.095000
中国,辽宁省,锦州市,北镇市,210782,121.127200,41.095000
中国,辽宁省,营口市,站前区,210802,122.235300,40.667200
中国,辽宁省,营口市,西市区,210803,122.235300,40.667200
中国,辽宁省,营口市,鲅鱼圈区,210804,122.235300,40.667200
中国,辽宁省,营口市,老边区,210811,122.235300,40.667200
中国,辽宁省,营口市,盖州市,210881,122.235300,40.667200
中国,辽宁省,营口市,大石桥市,210882,122.235300,40.667200
中国,辽宁省,阜新市,海州区,210902,121.670900,42.011800
中国,辽宁省,阜新市,新邱区,210903,121.670900,42.011800
中国,辽宁省,阜新市,太平区,210904,121.670900,42.011800
中国,辽宁省,阜新市,清河门区,210905,121.670900,42.011800
中国,辽宁省,阜新市,细河区,210911,121.670900,42.011800
中国,辽宁省,阜新市,阜新蒙古族自治县,210921,121.670900,42.011800
中国,辽宁省,阜新市,彰武县,210922,121.670900,42.011800
中国,辽宁省,辽阳市,白塔区,211002,123.237300,41.267900
中国,辽宁省,辽阳市,文圣区,211003,123.237300,41.267900
中国,辽宁省,辽阳市,宏伟区,211004,123.237300,41.267900
中国,辽宁省,辽阳市,弓长岭区,211005,123.237300,41.267900
中国,辽宁省,辽阳市,太子河区,211011,123.237300,41.267900
中国,辽宁省,辽阳市,辽阳县,211021,123.237300,41.267900
中国,辽宁省,辽阳市,灯塔市,211081,123.237300,41.267900
中国,辽宁省,盘锦市,双台子区,211102,122.070500,41.119800
中国,辽宁省,盘锦市,兴隆台区,211103,122.070500,41.119800
中国,辽宁省,盘锦市,大洼区,211104,122.070500,41.119800
中国,辽宁省,盘锦市,盘山县,211122,122.070500,41.119800
中国,辽宁省,铁岭市,银州区,211202,123.852300,42.286300
中国,辽宁省,铁岭市,清河区,211204,123.852300,42.286300
中国,辽宁省,铁岭市,铁岭县,211221,123.852300,42.286300
中国,辽宁省,铁岭市,西丰县,211223,123.852300,42.286300
中国,辽宁省,铁岭市,昌图县,211224,123.852300,42.286300
中国,辽宁省,铁岭市,调兵山市,211281,123.852300,42.286300
中国,辽宁省,铁岭市,开原市,211282,123.852300,42.286300
中国,辽宁省,朝阳市,双塔区,211302,120.450900,41.573800
中国,辽宁省,朝阳市,龙城区,211303,120.450900,41.573800
中国,辽宁省,朝阳市,朝阳县,211321,120.450900,41.573800
中国,辽宁省,朝阳市,建平县,211322,120.450900,41.573800
中国,辽宁省,朝阳市,喀喇沁左翼蒙古族自治县,211324,120.450900,41.573800
中国,辽宁省,朝阳市,北票市,211381,120.450900,41.573800
中国,辽宁省,朝阳市,凌源市,211382,120.450900,41.573800
中国,辽宁省,葫芦岛市,连山区,211402,120.836200,40.711200
中国,辽宁省,葫芦岛市,龙港区,211403,120.836200,40.711200
中国,辽宁省,葫芦岛市,南票区,211404,120.836200,40.711200
中国,辽宁省,葫芦岛市,绥中县,211421,120.836200,40.711200
中国,辽宁省,葫芦岛市,建昌县,211422,120.836200,40.711200
中国,辽宁省,葫芦岛市,兴城市,211481,120.836200,40.711200
中国,吉林省,长春市,南关区,220102,125.323500,43.817100
中国,吉林省,长春市,宽城区,220103,125.323500,43.817100
中国,吉林省,长春市,朝阳区,220104,125.323500,43.817100
中国,吉林省,长春市,二道区,220105,125.323500,43.817100
中国,吉林省,长春市,绿园区,220106,125.323500,43.817100
中国,吉林省,长春市,双阳区,220112,125.323500,43.817100
中国,吉林省,长春市,九台区,220113,125.323500,43.817100
中国,吉林省,长春市,农安县,220122,125.323500,43.817100
中国,吉林省,长春市,长春经济技术开发区,220171,125.323500,43.817100
中国,吉林省,长春市,长春净月高新技术产业开发区,220172,125.323500,43.817100
中国,吉林省,长春市,长春高新技术产业开发区,220173,125.323500,43.817100
中国,吉林省,长春市,长春汽车经济技术开发区,220174,125.323500,43.817100
中国,吉林省,长春市,榆树市,220182,125.323500,43.817100
中国,吉林省,长春市,德惠市,220183,125.323500,43.817100
中国,吉林省,长春市,公主岭市,220184,125.323500,43.817100
中国,吉林省,吉林市,昌邑区,220202,126.549700,43.837300
中国,吉林省,吉林市,龙潭区,220203,126.549700,43.837300
中国,吉林省,吉林市,船营区,220204,126.549700,43.837300
中国,吉林省,吉林市,丰满区,220211,126.549700,43.837300
中国,吉林省,吉林市,永吉县,220221,126.549700,43.837300
中国,吉林省,吉林市,吉林经济开发区,220271,126.549700,43.837300
中国,吉林省,吉林市,吉林高新技术产业开发区,220272,126.549700,43.837300
中国,吉林省,吉林市,吉林中国新加坡食品区,220273,126.549700,43.837300
中国,吉林省,吉林市,蛟河市,220281,126.549700,43.837300
中国,吉林省,吉林市,桦甸市,220282,126.549700,43.837300
中国,吉林省,吉林市,舒兰市,220283,126.549700,43.837300
中国,吉林省,吉林市,磐石市,220284,126.549700,43.837300
中国,吉林省,四平市,铁西区,220302,124.350700,43.166900
中国,吉林省,四平市,铁东区,220303,124.350700,43.166900
中国,吉林省,四平市,梨树县,220322,124.350700,43.166900
中国,吉林省,四平市,伊通满族自治县,220323,124.350700,43.166900
中国,吉林省,四平市,双辽市,220382,124.350700,43.166900
中国,吉林省,辽源市,龙山区,220402,125.143800,42.887600
中国,吉林省,辽源市,西安区,220403,125.143800,42.887600
中国,吉林省,辽源市,东丰县,220421,125.143800,42.887600
中国,吉林省,辽源市,东辽县,220422,125.143800,42.887600
中国,吉林省,通化市,东昌区,220502,125.939700,41.728800
中国,吉林省,通化市,二道江区,220503,125.939700,41.728800
中国,吉林省,通化市,通化县,220521,125.939700,41.728800
中国,吉林省,通化市,辉南县,220523,125.939700,41.728800
中国,吉林省,通化市,柳河县,220524,125.939700,41.728800
中国,吉林省,通化市,梅河口市,220581,125.939700,41.728800
中国,吉林省,通化市,集安市,220582,125.939700,41.728800
中国,吉林省,白山市,浑江区,220602,126.414200,41.939600
中国,吉林省,白山市,江源区,220605,126.414200,41.939600
中国,吉林省,白山市,抚松县,220621,126.414200,41.939600
中国,吉林省,白山市,靖宇县,220622,126.414200,41.939600
中国,吉林省,白山市,长白朝鲜族自治县,220623,126.414200,41.939600
中国,吉林省,白山市,临江市,220681,126.414200,41.939600
中国,吉林省,松原市,宁江区,220702,124.825000,45.141400
中国,吉林省,松原市,前郭尔罗斯蒙古族自治县,220721,124.825000,45.141400
中国,吉林省,松原市,长岭县,220722,124.825000,45.141400
中国,吉林省,松原市,乾安县,220723,124.825000,45.141400
中国,吉林省,松原市,吉林松原经济开发区,220771,124.825000,45.141400
中国,吉林省,松原市,扶余市,220781,124.825000,45.141400
中国,吉林省,白城市,洮北区,220802,122.839200,45.620300
中国,吉林省,白城市,镇赉县,220821,122.839200,45.620300
中国,吉林省,白城市,通榆县,220822,122.839200,45.620300
中国,吉林省,白城市,吉林白城经济开发区,220871,122.839200,45.620300
中国,吉林省,白城市,洮南市,220881,122.839200,45.620300
中国,吉林省,白城市,大安市,220882,122.839200,45.620300
中国,吉林省,延边朝鲜族自治州,延吉市,222401,129.508600,42.891500
中国,吉林省,延边朝鲜族自治州,图们市,222402,129.508600,42.891500
中国,吉林省,延边朝鲜族自治州,敦化市,222403,129.508600,42.891500
中国,吉林省,延边朝鲜族自治州,珲春市,222404,129.508600,42.891500
中国,吉林省,延边朝鲜族自治州,龙井市,222405,129.508600,42.891500
中国,吉林省,延边朝鲜族自治州,和龙市,222406,129.508600,42.891500
中国,吉林省,延边朝鲜族自治州,汪清县,222424,129.508600,42.891500
中国,吉林省,延边朝鲜族自治州,安图县,222426,129.508600,42.891500
中国,黑龙江省,哈尔滨市,道里区,230102,126.535000,45.803800
中国,黑龙江省,哈尔滨市,南岗区,230103,126.535000,45.803800
中国,黑龙江省,哈尔滨市,道外区,230104,126.535000,45.803800
中国,黑龙江省,哈尔滨市,平房区,230108,126.535000,45.803800
中国,黑龙江省,哈尔滨市,松北区,230109,126.535000,45.803800
中国,黑龙江省,哈尔滨市,香坊区,230110,126.535000,45.803800
中国,黑龙江省,哈尔滨市,呼兰区,230111,126.535000,45.803800
中国,黑龙江省,哈尔滨市,阿城区,230112,126.535000,45.803800
中国,黑龙江省,哈尔滨市,双城区,230113,126.535000,45.803800
中国,黑龙江省,哈尔滨市,依兰县,230123,126.535000,45.803800
中国,黑龙江省,哈尔滨市,方正县,230124,126.535000,45.803800
中国,黑龙江省,哈尔滨市,宾县,230125,126.535000,45.803800
中国,黑龙江省,哈尔滨市,巴彦县,230126,126.535000,45.803800
中国,黑龙江省,哈尔滨市,木兰县,230127,126.535000,45.803800
中国,黑龙江省,哈尔滨市,通河县,230128,126.535000,45.803800
中国,黑龙江省,哈尔滨市,延寿县,230129,126.535000,45.803800
中国,黑龙江省,哈尔滨市,尚志市,230183,126.535000,45.803800
中国,黑龙江省,哈尔滨市,五常市,230184,126.535000,45.803800
中国,黑龙江省,齐齐哈尔市,龙沙区,230202,123.918200,47.354300
中国,黑龙江省,齐齐哈尔市,建华区,230203,123.918200,47.354300
中国,黑龙江省,齐齐哈尔市,铁锋区,230204,123.918200,47.354300
中国,黑龙江省,齐齐哈尔市,昂昂溪区,230205,123.918200,47.354300
中国,黑龙江省,齐齐哈尔市,富拉尔基区,230206,123.918200,47.354300
中国,黑龙江省,齐齐哈尔市,碾子山区,230207,123.918200,47.354300
中国,黑龙江省,齐齐哈尔市,梅里斯达斡尔族区,230208,123.918200,47.354300
中国,黑龙江省,齐齐哈尔市,龙江县,230221,123.918200,47.354300
中国,黑龙江省,齐齐哈尔市,依安县,230223,123.918200,47.354300
中国,黑龙江省,齐齐哈尔市,泰来县,230224,123.918200,47.354300
中国,黑龙江省,齐齐哈尔市,甘南县,230225,123.918200,47.354300
中国,黑龙江省,齐齐哈尔市,富裕县,230227,123.918200,47.354300
中国,黑龙江省,齐齐哈尔市,克山县,230229,123.918200,47.354300
中国,黑龙江省,齐齐哈尔市,克东县,230230,123.918200,47.354300
中国,黑龙江省,齐齐哈尔市,拜泉县,230231,123.918200,47.354300
中国,黑龙江省,齐齐哈尔市,讷河市,230281,123.918200,47.354300
中国,黑龙江省,鸡西市,鸡冠区,230302,130.969700,45.295300
中国,黑龙江省,鸡西市,恒山区,230303,130.969700,45.295300
中国,黑龙江省,鸡西市,滴道区,230304,130.969700,45.295300
中国,黑龙江省,鸡西市,梨树区,230305,130.969700,45.295300
中国,黑龙江省,鸡西市,城子河区,230306,130.969700,45.295300
中国,黑龙江省,鸡西市,麻山区,230307,130.969700,45.295300
中国,黑龙江省,鸡西市,鸡东县,230321,130.969700,45.295300
中国,黑龙江省,鸡西市,虎林市,230381,130.969700,45.295300
中国,黑龙江省,鸡西市,密山市,230382,130.969700,45.295300
中国,黑龙江省,鹤岗市,向阳区,230402,130.297700,47.350100
中国,黑龙江省,鹤岗市,工农区,230403,130.297700,47.350100
中国,黑龙江省,鹤岗市,南山区,230404,130.297700,47.350100
中国,黑龙江省,鹤岗市,兴安区,230405,130.297700,47.350100
中国,黑龙江省,鹤岗市,东山区,230406,130.297700,47.350100
中国,黑龙江省,鹤岗市,兴山区,230407,130.297700,47.350100
中国,黑龙江省,鹤岗市,萝北县,230421,130.297700,47.350100
中国,黑龙江省,鹤岗市,绥滨县,230422,130.297700,47.350100
中国,黑龙江省,双鸭山市,尖山区,230502,131.159400,46.646600
中国,黑龙江省,双鸭山市,岭东区,230503,131.159400,46.646600
中国,黑龙江省,双鸭山市,四方台区,230505,131.159400,46.646600
中国,黑龙江省,双鸭山市,宝山区,230506,131.159400,46.646600
中国,黑龙江省,双鸭山市,集贤县,230521,131.159400,46.646600
中国,黑龙江省,双鸭山市,友谊县,230522,131.159400,46.646600
中国,黑龙江省,双鸭山市,宝清县,230523,131.159400,46.646600
中国,黑龙江省,双鸭山市,饶河县,230524,131.159400,46.646600
中国,黑龙江省,大庆市,萨尔图区,230602,125.104200,46.588900
中国,黑龙江省,大庆市,龙凤区,230603,125.104200,46.588900
中国,黑龙江省,大庆市,让胡路区,230604,125.104200,46.588900
中国,黑龙江省,大庆市,红岗区,230605,125.104200,46.588900
中国,黑龙江省,大庆市,大同区,230606,125.104200,46.588900
中国,黑龙江省,大庆市,肇州县,230621,125.104200,46.588900
中国,黑龙江省,大庆市,肇源县,230622,125.104200,46.588900
中国,黑龙江省,大庆市,林甸县,230623,125.104200,46.588900
中国,黑龙江省,大庆市,杜尔伯特蒙古族自治县,230624,125.104200,46.588900
中国,黑龙江省,大庆市,大庆高新技术产业开发区,230671,125.104200,46.588900
中国,黑龙江省,伊春市,伊美区,230717,128.841400,47.727800
中国,黑龙江省,伊春市,乌翠区,230718,128.841400,47.727800
中国,黑龙江省,伊春市,友好区,230719,128.841400,47.727800
中国,黑龙江省,伊春市,嘉荫县,230722,128.841400,47.727800
中国,黑龙江省,伊春市,汤旺县,230723,128.841400,47.727800
中国,黑龙江省,伊春市,丰林县,230724,128.841400,47.727800
中国,黑龙江省,伊春市,大箐山县,230725,128.841400,47.727800
中国,黑龙江省,伊春市,南岔县,230726,128.841400,47.727800
中国,黑龙江省,伊春市,金林区,230751,128.841400,47.727800
中国,黑龙江省,伊春市,铁力市,230781,128.841400,47.727800
中国,黑龙江省,佳木斯市,向阳区,230803,130.321400,46.800600
中国,黑龙江省,佳木斯市,前进区,230804,130.321400,46.800600
中国,黑龙江省,佳木斯市,东风区,230805,130.321400,46.800600
中国,黑龙江省,佳木斯市,郊区,230811,130.321400,46.800600
中国,黑龙江省,佳木斯市,桦南县,230822,130.321400,46.800600
中国,黑龙江省,佳木斯市,桦川县,230826,130.321400,46.800600
中国,黑龙江省,佳木斯市,汤原县,230828,130.321400,46.800600
中国,黑龙江省,佳木斯市,同江市,230881,130.321400,46.800600
中国,黑龙江省,佳木斯市,富锦市,230882,130.321400,46.800600
中国,黑龙江省,佳木斯市,抚远市,230883,130.321400,46.800600
中国,黑龙江省,七台河市,新兴区,230902,131.003000,45.771800
中国,黑龙江省,七台河市,桃山区,230903,131.003000,45.771800
中国,黑龙江省,七台河市,茄子河区,230904,131.003000,45.771800
中国,黑龙江省,七台河市,勃利县,230921,131.003000,45.771800
中国,黑龙江省,牡丹江市,东安区,231002,129.632700,44.551900
中国,黑龙江省,牡丹江市,阳明区,231003,129.632700,44.551900
中国,黑龙江省,牡丹江市,爱民区,231004,129.632700,44.551900
中国,黑龙江省,牡丹江市,西安区,231005,129.632700,44.551900
中国,黑龙江省,牡丹江市,林口县,231025,129.632700,44.551900
中国,黑龙江省,牡丹江市,绥芬河市,231081,129.632700,44.551900
中国,黑龙江省,牡丹江市,海林市,231083,129.632700,44.551900
中国,黑龙江省,牡丹江市,宁安市,231084,129.632700,44.551900
中国,黑龙江省,牡丹江市,穆棱市,231085,129.632700,44.551900
中国,黑龙江省,牡丹江市,东宁市,231086,129.632700,44.551900
中国,黑龙江省,黑河市,爱辉区,231102,127.528600,50.245100
中国,黑龙江省,黑河市,逊克县,231123,127.528600,50.245100
中国,黑龙江省,黑河市,孙吴县,231124,127.528600,50.245100
中国,黑龙江省,黑河市,北安市,231181,127.528600,50.245100
中国,黑龙江省,黑河市,五大连池市,231182,127.528600,50.245100
中国,黑龙江省,黑河市,嫩江市,231183,127.528600,50.245100
中国,黑龙江省,绥化市,北林区,231202,126.969200,46.657300
中国,黑龙江省,绥化市,望奎县,231221,126.969200,46.657300
中国,黑龙江省,绥化市,兰西县,231222,126.969200,46.657300
中国,黑龙江省,绥化市,青冈县,231223,126.969200,46.657300
中国,黑龙江省,绥化市,庆安县,231224,126.969200,46.657300
中国,黑龙江省,绥化市,明水县,231225,126.969200,46.657300
中国,黑龙江省,绥化市,绥棱县,231226,126.969200,46.657300
中国,黑龙江省,绥化市,安达市,231281,126.969200,46.657300
中国,黑龙江省,绥化市,肇东市,231282,126.969200,46.657300
中国,黑龙江省,绥化市,海伦市,231283,126.969200,46.657300
中国,黑龙江省,大兴安岭地区,漠河市,232701,124.126300,52.335000
中国,黑龙江省,大兴安岭地区,呼玛县,232721,124.126300,52.335000
中国,黑龙江省,大兴安岭地区,塔河县,232722,124.126300,52.335000
中国,黑龙江省,大兴安岭地区,加格达奇区,232761,124.126300,52.335000
中国,黑龙江省,大兴安岭地区,松岭区,232762,124.126300,52.335000
中国,黑龙江省,大兴安岭地区,新林区,232763,124.126300,52.335000
中国,黑龙江省,大兴安岭地区,呼中区,232764,124.126300,52.335000
中国,上海市,市辖区,黄浦区,310101,121.473700,31.230400
中国,上海市,市辖区,徐汇区,310104,121.473700,31.230400
中国,上海市,市辖区,长宁区,310105,121.473700,31.230400
中国,上海市,市辖区,静安区,310106,121.473700,31.230400
中国,上海市,市辖区,普陀区,310107,121.473700,31.230400
中国,上海市,市辖区,虹口区,310109,121.473700,31.230400
中国,上海市,市辖区,杨浦区,310110,121.473700,31.230400
中国,上海市,市辖区,闵行区,310112,121.473700,31.230400
中国,上海市,市辖区,宝山区,310113,121.473700,31.230400
中国,上海市,市辖区,嘉定区,310114,121.473700,31.230400
中国,上海市,市辖区,浦东新区,310115,121.473700,31.230400
中国,上海市,市辖区,金山区,310116,121.473700,31.230400
中国,上海市,市辖区,松江区,310117,121.473700,31.230400
中国,上海市,市辖区,青浦区,310118,121.473700,31.230400
中国,上海市,市辖区,奉贤区,310120,121.473700,31.230400
中国,上海市,市辖区,崇明区,310151,121.473700,31.230400
中国,江苏省,南京市,玄武区,320102,118.796900,32.060300
中国,江苏省,南京市,秦淮区,320104,118.796900,32.060300
中国,江苏省,南京市,建邺区,320105,118.796900,32.060300
中国,江苏省,南京市,鼓楼区,320106,118.796900,32.060300
中国,江苏省,南京市,浦口区,320111,118.796900,32.060300
中国,江苏省,南京市,栖霞区,320113,118.796900,32.060300
中国,江苏省,南京市,雨花台区,320114,118.796900,32.060300
中国,江苏省,南京市,江宁区,320115,118.796900,32.060300
中国,江苏省,南京市,六合区,320116,118.796900,32.060300
中国,江苏省,南京市,溧水区,320117,118.796900,32.060300
中国,江苏省,南京市,高淳区,320118,118.796900,32.060300
中国,江苏省,无锡市,锡山区,320205,120.311900,31.491300
中国,江苏省,无锡市,惠山区,320206,120.311900,31.491300
中国,江苏省,无锡市,滨湖区,320211,120.311900,31.491300
中国,江苏省,无锡市,梁溪区,320213,120.311900,31.491300
中国,江苏省,无锡市,新吴区,320214,120.311900,31.491300
中国,江苏省,无锡市,江阴市,320281,120.311900,31.491300
中国,江苏省,无锡市,宜兴市,320282,120.311900,31.491300
中国,江苏省,徐州市,鼓楼区,320302,117.184800,34.261900
中国,江苏省,徐州市,云龙区,320303,117.184800,34.261900
中国,江苏省,徐州市,贾汪区,320305,117.184800,34.261900
中国,江苏省,徐州市,泉山区,320311,117.184800,34.261900
中国,江苏省,徐州市,铜山区,320312,117.184800,34.261900
中国,江苏省,徐州市,丰县,320321,117.184800,34.261900
中国,江苏省,徐州市,沛县,320322,117.184800,34.261900
中国,江苏省,徐州市,睢宁县,320324,117.184800,34.261900
中国,江苏省,徐州市,徐州经济技术开发区,320371,117.184800,34.261900
中国,江苏省,徐州市,新沂市,320381,117.184800,34.261900
中国,江苏省,徐州市,邳州市,320382,117.184800,34.261900
中国,江苏省,常州市,天宁区,320402,119.974100,31.811800
中国,江苏省,常州市,钟楼区,320404,119.974100,31.811800
中国,江苏省,常州市,新北区,320411,119.974100,31.811800
中国,江苏省,常州市,武进区,320412,119.974100,31.811800
中国,江苏省,常州市,金坛区,320413,119.974100,31.811800
中国,江苏省,常州市,溧阳市,320481,119.974100,31.811800
中国,江苏省,苏州市,虎丘区,320505,120.585300,31.299000
中国,江苏省,苏州市,吴中区,320506,120.585300,31.299000
中国,江苏省,苏州市,相城区,320507,120.585300,31.299000
中国,江苏省,苏州市,姑苏区,320508,120.585300,31.299000
中国,江苏省,苏州市,吴江区,320509,120.585300,31.299000
中国,江苏省,苏州市,苏州工业园区,320576,120.585300,31.299000
中国,江苏省,苏州市,常熟市,320581,120.585300,31.299000
中国,江苏省,苏州市,张家港市,320582,120.585300,31.299000
中国,江苏省,苏州市,昆山市,320583,120.585300,31.299000
中国,江苏省,苏州市,太仓市,320585,120.585300,31.299000
中国,江苏省,南通市,通州区,320612,120.894800,31.980100
中国,江苏省,南通市,崇川区,320613,120.894800,31.980100
中国,江苏省,南通市,海门区,320614,120.894800,31.980100
中国,江苏省,南通市,如东县,320623,120.894800,31.980100
中国,江苏省,南通市,南通经济技术开发区,320671,120.894800,31.980100
中国,江苏省,南通市,启东市,320681,120.894800,31.980100
中国,江苏省,南通市,如皋市,320682,120.894800,31.980100
中国,江苏省,南通市,海安市,320685,120.894800,31.980100
中国,江苏省,连云港市,连云区,320703,119.222100,34.596900
中国,江苏省,连云港市,海州区,320706,119.222100,34.596900
中国,江苏省,连云港市,赣榆区,320707,119.222100,34.596900
中国,江苏省,连云港市,东海县,320722,119.222100,34.596900
中国,江苏省,连云港市,灌云县,320723,119.222100,34.596900
中国,江苏省,连云港市,灌南县,320724,119.222100,34.596900
中国,江苏省,连云港市,连云港经济技术开发区,320771,119.222100,34.596900
中国,江苏省,淮安市,淮安区,320803,119.015300,33.610400
中国,江苏省,淮安市,淮阴区,320804,119.015300,33.610400
中国,江苏省,淮安市,清江浦区,320812,119.015300,33.610400
中国,江苏省,淮安市,洪泽区,320813,119.015300,33.610400
中国,江苏省,淮安市,涟水县,320826,119.015300,33.610400
中国,江苏省,淮安市,盱眙县,320830,119.015300,33.610400
中国,江苏省,淮安市,金湖县,320831,119.015300,33.610400
中国,江苏省,淮安市,淮安经济技术开发区,320871,119.015300,33.610400
中国,江苏省,盐城市,亭湖区,320902,120.161500,33.347700
中国,江苏省,盐城市,盐都区,320903,120.161500,33.347700
中国,江苏省,盐城市,大丰区,320904,120.161500,33.347700
中国,江苏省,盐城市,响水县,320921,120.161500,33.347700
中国,江苏省,盐城市,滨海县,320922,120.161500,33.347700
中国,江苏省,盐城市,阜宁县,320923,120.161500,33.347700
中国,江苏省,盐城市,射阳县,320924,120.161500,33.347700
中国,江苏省,盐城市,建湖县,320925,120.161500,33.347700
中国,江苏省,盐城市,盐城经济技术开发区,320971,120.161500,33.347700
中国,江苏省,盐城市,东台市,320981,120.161500,33.347700
中国,江苏省,扬州市,广陵区,321002,119.413000,32.394900
中国,江苏省,扬州市,邗江区,321003,119.413000,32.394900
中国,江苏省,扬州市,江都区,321012,119.413000,32.394900
中国,江苏省,扬州市,宝应县,321023,119.413000,32.394900
中国,江苏省,扬州市,扬州经济技术开发区,321071,119.413000,32.394900
中国,江苏省,扬州市,仪征市,321081,119.413000,32.394900
中国,江苏省,扬州市,高邮市,321084,119.413000,32.394900
中国,江苏省,镇江市,京口区,321102,119.425400,32.188000
中国,江苏省,镇江市,润州区,321111,119.425400,32.188000
中国,江苏省,镇江市,丹徒区,321112,119.425400,32.188000
中国,江苏省,镇江市,镇江新区,321171,119.425400,32.188000
中国,江苏省,镇江市,丹阳市,321181,119.425400,32.188000
中国,江苏省,镇江市,扬中市,321182,119.425400,32.188000
中国,江苏省,镇江市,句容市,321183,119.425400,32.188000
中国,江苏省,泰州市,海陵区,321202,119.923200,31.810500
中国,江苏省,泰州市,高港区,321203,119.923200,31.810500
中国,江苏省,泰州市,姜堰区,321204,119.923200,31.810500
中国,江苏省,泰州市,兴化市,321281,119.923200,31.810500
中国,江苏省,泰州市,靖江市,321282,119.923200,31.810500
中国,江苏省,泰州市,泰兴市,321283,119.923200,31.810500
中国,江苏省,宿迁市,宿城区,321302,118.275400,33.963400
中国,江苏省,宿迁市,宿豫区,321311,118.275400,33.963400
中国,江苏省,宿迁市,沭阳县,321322,118.275400,33.963400
中国,江苏省,宿迁市,泗阳县,321323,118.275400,33.963400
中国,江苏省,宿迁市,泗洪县,321324,118.275400,33.963400
中国,江苏省,宿迁市,宿迁经济技术开发区,321371,118.275400,33.963400
中国,浙江省,杭州市,上城区,330102,120.155100,30.274100
中国,浙江省,杭州市,拱墅区,330105,120.155100,30.274100
中国,浙江省,杭州市,西湖区,330106,120.155100,30.274100
中国,浙江省,杭州市,滨江区,330108,120.155100,30.274100
中国,浙江省,杭州市,萧山区,330109,120.155100,30.274100
中国,浙江省,杭州市,余杭区,330110,120.155100,30.274100
中国,浙江省,杭州市,富阳区,330111,120.155100,30.274100
中国,浙江省,杭州市,临安区,330112,120.155100,30.274100
中国,浙江省,杭州市,临平区,330113,120.155100,30.274100
中国,浙江省,杭州市,钱塘区,330114,120.155100,30.274100
中国,浙江省,杭州市,桐庐县,330122,120.155100,30.274100
中国,浙江省,杭州市,淳安县,330127,120.155100,30.274100
中国,浙江省,杭州市,建德市,330182,120.155100,30.274100
中国,浙江省,宁波市,海曙区,330203,121.549700,29.868400
中国,浙江省,宁波市,江北区,330205,121.549700,29.868400
中国,浙江省,宁波市,北仑区,330206,121.549700,29.868400
中国,浙江省,宁波市,镇海区,330211,121.549700,29.868400
中国,浙江省,宁波市,鄞州区,330212,121.549700,29.868400
中国,浙江省,宁波市,奉化区,330213,121.549700,29.868400
中国,浙江省,宁波市,象山县,330225,121.549700,29.868400
中国,浙江省,宁波市,宁海县,330226,121.549700,29.868400
中国,浙江省,宁波市,余姚市,330281,121.549700,29.868400
中国,浙江省,宁波市,慈溪市,330282,121.549700,29.868400
中国,浙江省,温州市,鹿城区,330302,120.699400,28.000600
中国,浙江省,温州市,龙湾区,330303,120.699400,28.000600
中国,浙江省,温州市,瓯海区,330304,120.699400,28.000600
中国,浙江省,温州市,洞头区,330305,120.699400,28.000600
中国,浙江省,温州市,永嘉县,330324,120.699400,28.000600
中国,浙江省,温州市,平阳县,330326,120.699400,28.000600
中国,浙江省,温州市,苍南县,330327,120.699400,28.000600
中国,浙江省,温州市,文成县,330328,120.699400,28.000600
中国,浙江省,温州市,泰顺县,330329,120.699400,28.000600
中国,浙江省,温州市,瑞安市,330381,120.699400,28.000600
中国,浙江省,温州市,乐清市,330382,120.699400,28.000600
中国,浙江省,温州市,龙港市,330383,120.699400,28.000600
中国,浙江省,嘉兴市,南湖区,330402,120.755400,30.746700
中国,浙江省,嘉兴市,秀洲区,330411,120.755400,30.746700
中国,浙江省,嘉兴市,嘉善县,330421,120.755400,30.746700
中国,浙江省,嘉兴市,海盐县,330424,120.755400,30.746700
中国,浙江省,嘉兴市,海宁市,330481,120.755400,30.746700
中国,浙江省,嘉兴市,平湖市,330482,120.755400,30.746700
中国,浙江省,嘉兴市,桐乡市,330483,120.755400,30.746700
中国,浙江省,湖州市,吴兴区,330502,120.086900,30.894600
中国,浙江省,湖州市,南浔区,330503,120.086900,30.894600
中国,浙江省,湖州市,德清县,330521,120.086900,30.894600
中国,浙江省,湖州市,长兴县,330522,120.086900,30.894600
中国,浙江省,湖州市,安吉县,330523,120.086900,30.894600
中国,浙江省,绍兴市,越城区,330602,120.580700,30.031500
中国,浙江省,绍兴市,柯桥区,330603,120.580700,30.031500
中国,浙江省,绍兴市,上虞区,330604,120.580700,30.031500
中国,浙江省,绍兴市,新昌县,330624,120.580700,30.031500
中国,浙江省,绍兴市,诸暨市,330681,120.580700,30.031500
中国,浙江省,绍兴市,嵊州市,330683,120.580700,30.031500
中国,浙江省,金华市,婺城区,330702,119.649800,29.078900
中国,浙江省,金华市,金东区,330703,119.649800,29.078900
中国,浙江省,金华市,武义县,330723,119.649800,29.078900
中国,浙江省,金华市,浦江县,330726,119.649800,29.078900
中国,浙江省,金华市,磐安县,330727,119.649800,29.078900
中国,浙江省,金华市,兰溪市,330781,119.649800,29.078900
中国,浙江省,金华市,义乌市,330782,119.649800,29.078900
中国,浙江省,金华市,东阳市,330783,119.649800,29.078900
中国,浙江省,金华市,永康市,330784,119.649800,29.078900
中国,浙江省,衢州市,柯城区,330802,118.871400,28.936200
中国,浙江省,衢州市,衢江区,330803,118.871400,28.936200
中国,浙江省,衢州市,常山县,330822,118.871400,28.936200
中国,浙江省,衢州市,开化县,330824,118.871400,28.936200
中国,浙江省,衢州市,龙游县,330825,118.871400,28.936200
中国,浙江省,衢州市,江山市,330881,118.871400,28.936200
中国,浙江省,舟山市,定海区,330902,122.207100,29.985300
中国,浙江省,舟山市,普陀区,330903,122.207100,29.985300
中国,浙江省,舟山市,岱山县,330921,122.207100,29.985300
中国,浙江省,舟山市,嵊泗县,330922,122.207100,29.985300
中国,浙江省,台州市,椒江区,331002,121.420900,28.656400
中国,浙江省,台州市,黄岩区,331003,121.420900,28.656400
中国,浙江省,台州市,路桥区,331004,121.420900,28.656400
中国,浙江省,台州市,三门县,331022,121.420900,28.656400
中国,浙江省,台州市,天台县,331023,121.420900,28.656400
中国,浙江省,台州市,仙居县,331024,121.420900,28.656400
中国,浙江省,台州市,温岭市,331081,121.420900,28.656400
中国,浙江省,台州市,临海市,331082,121.420900,28.656400
中国,浙江省,台州市,玉环市,331083,121.420900,28.656400
中国,浙江省,丽水市,莲都区,331102,119.922700,28.468000
中国,浙江省,丽水市,青田县,331121,119.922700,28.468000
中国,浙江省,丽水市,缙云县,331122,119.922700,28.468000
中国,浙江省,丽水市,遂昌县,331123,119.922700,28.468000
中国,浙江省,丽水市,松阳县,331124,119.922700,28.468000
中国,浙江省,丽水市,云和县,331125,119.922700,28.468000
中国,浙江省,丽水市,庆元县,331126,119.922700,28.468000
中国,浙江省,丽水市,景宁畲族自治县,331127,119.922700,28.468000
中国,浙江省,丽水市,龙泉市,331181,119.922700,28.468000
中国,安徽省,合肥市,瑶海区,340102,117.227200,31.820600
中国,安徽省,合肥市,庐阳区,340103,117.227200,31.820600
中国,安徽省,合肥市,蜀山区,340104,117.227200,31.820600
中国,安徽省,合肥市,包河区,340111,117.227200,31.820600
中国,安徽省,合肥市,长丰县,340121,117.227200,31.820600
中国,安徽省,合肥市,肥东县,340122,117.227200,31.820600
中国,安徽省,合肥市,肥西县,340123,117.227200,31.820600
中国,安徽省,合肥市,庐江县,340124,117.227200,31.820600
中国,安徽省,合肥市,合肥高新技术产业开发区,340176,117.227200,31.820600
中国,安徽省,合肥市,合肥经济技术开发区,340177,117.227200,31.820600
中国,安徽省,合肥市,合肥新站高新技术产业开发区,340178,117.227200,31.820600
中国,安徽省,合肥市,巢湖市,340181,117.227200,31.820600
中国,安徽省,芜湖市,镜湖区,340202,118.432700,31.352700
中国,安徽省,芜湖市,鸠江区,340207,118.432700,31.352700
中国,安徽省,芜湖市,弋江区,340209,118.432700,31.352700
中国,安徽省,芜湖市,湾沚区,340210,118.432700,31.352700
中国,安徽省,芜湖市,繁昌区,340212,118.432700,31.352700
中国,安徽省,芜湖市,南陵县,340223,118.432700,31.352700
中国,安徽省,芜湖市,芜湖经济技术开发区,340271,118.432700,31.352700
中国,安徽省,芜湖市,安徽芜湖三山经济开发区,340272,118.432700,31.352700
中国,安徽省,芜湖市,无为市,340281,118.432700,31.352700
中国,安徽省,蚌埠市,龙子湖区,340302,117.361600,32.916900
中国,安徽省,蚌埠市,蚌山区,340303,117.361600,32.916900
中国,安徽省,蚌埠市,禹会区,340304,117.361600,32.916900
中国,安徽省,蚌埠市,淮上区,340311,117.361600,32.916900
中国,安徽省,蚌埠市,怀远县,340321,117.361600,32.916900
中国,安徽省,蚌埠市,五河县,340322,117.361600,32.916900
中国,安徽省,蚌埠市,固镇县,340323,117.361600,32.916900
中国,安徽省,蚌埠市,蚌埠市高新技术开发区,340371,117.361600,32.916900
中国,安徽省,蚌埠市,蚌埠市经济开发区,340372,117.361600,32.916900
中国,安徽省,淮南市,大通区,340402,116.999800,32.626400
中国,安徽省,淮南市,田家庵区,340403,116.999800,32.626400
中国,安徽省,淮南市,谢家集区,340404,116.999800,32.626400
中国,安徽省,淮南市,八公山区,340405,116.999800,32.626400
中国,安徽省,淮南市,潘集区,340406,116.999800,32.626400
中国,安徽省,淮南市,凤台县,340421,116.999800,32.626400
中国,安徽省,淮南市,寿县,340422,116.999800,32.626400
中国,安徽省,马鞍山市,花山区,340503,118.507300,31.670300
中国,安徽省,马鞍山市,雨山区,340504,118.507300,31.670300
中国,安徽省,马鞍山市,博望区,340506,118.507300,31.670300
中国,安徽省,马鞍山市,当涂县,340521,118.507300,31.670300
中国,安徽省,马鞍山市,含山县,340522,118.507300,31.670300
中国,安徽省,马鞍山市,和县,340523,118.507300,31.670300
中国,安徽省,淮北市,杜集区,340602,116.798000,33.955300
中国,安徽省,淮北市,相山区,340603,116.798000,33.955300
中国,安徽省,淮北市,烈山区,340604,116.798000,33.955300
中国,安徽省,淮北市,濉溪县,340621,116.798000,33.955300
中国,安徽省,铜陵市,铜官区,340705,117.812400,30.945700
中国,安徽省,铜陵市,义安区,340706,117.812400,30.945700
中国,安徽省,铜陵市,郊区,340711,117.812400,30.945700
中国,安徽省,铜陵市,枞阳县,340722,117.812400,30.945700
中国,安徽省,安庆市,迎江区,340802,117.063500,30.543400
中国,安徽省,安庆市,大观区,340803,117.063500,30.543400
中国,安徽省,安庆市,宜秀区,340811,117.063500,30.543400
中国,安徽省,安庆市,怀宁县,340822,117.063500,30.543400
中国,安徽省,安庆市,太湖县,340825,117.063500,30.543400
中国,安徽省,安庆市,宿松县,340826,117.063500,30.543400
中国,安徽省,安庆市,望江县,340827,117.063500,30.543400
中国,安徽省,安庆市,岳西县,340828,117.063500,30.543400
中国,安徽省,安庆市,安徽安庆经济开发区,340871,117.063500,30.543400
中国,安徽省,安庆市,桐城市,340881,117.063500,30.543400
中国,安徽省,安庆市,潜山市,340882,117.063500,30.543400
中国,安徽省,黄山市,屯溪区,341002,118.337600,29.714900
中国,安徽省,黄山市,黄山区,341003,118.337600,29.714900
中国,安徽省,黄山市,徽州区,341004,118.337600,29.714900
中国,安徽省,黄山市,歙县,341021,118.337600,29.714900
中国,安徽省,黄山市,休宁县,341022,118.337600,29.714900
中国,安徽省,黄山市,黟县,341023,118.337600,29.714900
中国,安徽省,黄山市,祁门县,341024,118.337600,29.714900
中国,安徽省,滁州市,琅琊区,341102,118.317700,32.301700
中国,安徽省,滁州市,南谯区,341103,118.317700,32.301700
中国,安徽省,滁州市,来安县,341122,118.317700,32.301700
中国,安徽省,滁州市,全椒县,341124,118.317700,32.301700
中国,安徽省,滁州市,定远县,341125,118.317700,32.301700
中国,安徽省,滁州市,凤阳县,341126,118.317700,32.301700
中国,安徽省,滁州市,中新苏滁高新技术产业开发区,341171,118.317700,32.301700
中国,安徽省,滁州市,滁州经济技术开发区,341172,118.317700,32.301700
中国,安徽省,滁州市,天长市,341181,118.317700,32.301700
中国,安徽省,滁州市,明光市,341182,118.317700,32.301700
中国,安徽省,阜阳市,颍州区,341202,115.814300,32.890500
中国,安徽省,阜阳市,颍东区,341203,115.814300,32.890500
中国,安徽省,阜阳市,颍泉区,341204,115.814300,32.890500
中国,安徽省,阜阳市,临泉县,341221,115.814300,32.890500
中国,安徽省,阜阳市,太和县,341222,115.814300,32.890500
中国,安徽省,阜阳市,阜南县,341225,115.814300,32.890500
中国,安徽省,阜阳市,颍上县,341226,115.814300,32.890500
中国,安徽省,阜阳市,阜阳合肥现代产业园区,341271,115.814300,32.890500
中国,安徽省,阜阳市,阜阳经济技术开发区,341272,115.814300,32.890500
中国,安徽省,阜阳市,界首市,341282,115.814300,32.890500
中国,安徽省,宿州市,埇桥区,341302,116.964400,33.647700
中国,安徽省,宿州市,砀山县,341321,116.964400,33.647700
中国,安徽省,宿州市,萧县,341322,116.964400,33.647700
中国,安徽省,宿州市,灵璧县,341323,116.964400,33.647700
中国,安徽省,宿州市,泗县,341324,116.964400,33.647700
中国,安徽省,宿州市,宿州马鞍山现代产业园区,341371,116.964400,33.647700
中国,安徽省,宿州市,宿州经济技术开发区,341372,116.964400,33.647700
中国,安徽省,六安市,金安区,341502,116.521200,31.735000
中国,安徽省,六安市,裕安区,341503,116.521200,31.735000
中国,安徽省,六安市,叶集区,341504,116.521200,31.735000
中国,安徽省,六安市,霍邱县,341522,116.521200,31.735000
中国,安徽省,六安市,舒城县,341523,116.521200,31.735000
中国,安徽省,六安市,金寨县,341524,116.521200,31.735000
中国,安徽省,六安市,霍山县,341525,116.521200,31.735000
中国,安徽省,亳州市,谯城区,341602,115.778600,33.844800
中国,安徽省,亳州市,涡阳县,341621,115.778600,33.844800
中国,安徽省,亳州市,蒙城县,341622,115.778600,33.844800
中国,安徽省,亳州市,利辛县,341623,115.778600,33.844800
中国,安徽省,池州市,贵池区,341702,117.491800,30.664900
中国,安徽省,池州市,东至县,341721,117.491800,30.664900
中国,安徽省,池州市,石台县,341722,117.491800,30.664900
中国,安徽省,池州市,青阳县,341723,117.491800,30.664900
中国,安徽省,宣城市,宣州区,341802,118.759200,30.940800
中国,安徽省,宣城市,郎溪县,341821,118.759200,30.940800
中国,安徽省,宣城市,泾县,341823,118.759200,30.940800
中国,安徽省,宣城市,绩溪县,341824,118.759200,30.940800
中国,安徽省,宣城市,旌德县,341825,118.759200,30.940800
中国,安徽省,宣城市,宣城市经济开发区,341871,118.759200,30.940800
中国,安徽省,宣城市,宁国市,341881,118.759200,30.940800
中国,安徽省,宣城市,广德市,341882,118.759200,30.940800
中国,福建省,福州市,鼓楼区,350102,119.296500,26.074500
中国,福建省,福州市,台江区,350103,119.296500,26.074500
中国,福建省,福州市,仓山区,350104,119.296500,26.074500
中国,福建省,福州市,马尾区,350105,119.296500,26.074500
中国,福建省,福州市,晋安区,350111,119.296500,26.074500
中国,福建省,福州市,长乐区,350112,119.296500,26.074500
中国,福建省,福州市,闽侯县,350121,119.296500,26.074500
中国,福建省,福州市,连江县,350122,119.296500,26.074500
中国,福建省,福州市,罗源县,350123,119.296500,26.074500
中国,福建省,福州市,闽清县,350124,119.296500,26.074500
中国,福建省,福州市,永泰县,350125,119.296500,26.074500
中国,福建省,福州市,平潭县,350128,119.296500,26.074500
中国,福建省,福州市,福清市,350181,119.296500,26.074500
中国,福建省,厦门市,思明区,350203,118.089400,24.479800
中国,福建省,厦门市,海沧区,350205,118.089400,24.479800
中国,福建省,厦门市,湖里区,350206,118.089400,24.479800
中国,福建省,厦门市,集美区,350211,118.089400,24.479800
中国,福建省,厦门市,同安区,350212,118.089400,24.479800
中国,福建省,厦门市,翔安区,350213,118.089400,24.479800
中国,福建省,莆田市,城厢区,350302,119.007900,25.454100
中国,福建省,莆田市,涵江区,350303,119.007900,25.454100
中国,福建省,莆田市,荔城区,350304,119.007900,25.454100
中国,福建省,莆田市,秀屿区,350305,119.007900,25.454100
中国,福建省,莆田市,仙游县,350322,119.007900,25.454100
中国,福建省,三明市,三元区,350404,117.638800,26.263500
中国,福建省,三明市,沙县区,350405,117.638800,26.263500
中国,福建省,三明市,明溪县,350421,117.638800,26.263500
中国,福建省,三明市,清流县,350423,117.638800,26.263500
中国,福建省,三明市,宁化县,350424,117.638800,26.263500
中国,福建省,三明市,大田县,350425,117.638800,26.263500
中国,福建省,三明市,尤溪县,350426,117.638800,26.263500
中国,福建省,三明市,将乐县,350428,117.638800,26.263500
中国,福建省,三明市,泰宁县,350429,117.638800,26.263500
中国,福建省,三明市,建宁县,350430,117.638800,26.263500
中国,福建省,三明市,永安市,350481,117.638800,26.263500
中国,福建省,泉州市,鲤城区,350502,118.589400,24.908400
中国,福建省,泉州市,丰泽区,350503,118.589400,24.908400
中国,福建省,泉州市,洛江区,350504,118.589400,24.908400
中国,福建省,泉州市,泉港区,350505,118.589400,24.908400
中国,福建省,泉州市,惠安县,350521,118.589400,24.908400
中国,福建省,泉州市,安溪县,350524,118.589400,24.908400
中国,福建省,泉州市,永春县,350525,118.589400,24.908400
中国,福建省,泉州市,德化县,350526,118.589400,24.908400
中国,福建省,泉州市,金门县,350527,118.589400,24.908400
中国,福建省,泉州市,石狮市,350581,118.589400,24.908400
中国,福建省,泉州市,晋江市,350582,118.589400,24.908400
中国,福建省,泉州市,南安市,350583,118.589400,24.908400
中国,福建省,漳州市,芗城区,350602,117.647100,24.512900
中国,福建省,漳州市,龙文区,350603,117.647100,24.512900
中国,福建省,漳州市,龙海区,350604,117.647100,24.512900
中国,福建省,漳州市,长泰区,350605,117.647100,24.512900
中国,福建省,漳州市,云霄县,350622,117.647100,24.512900
中国,福建省,漳州市,漳浦县,350623,117.647100,24.512900
中国,福建省,漳州市,诏安县,350624,117.647100,24.512900
中国,福建省,漳州市,东山县,350626,117.647100,24.512900
中国,福建省,漳州市,南靖县,350627,117.647100,24.512900
中国,福建省,漳州市,平和县,350628,117.647100,24.512900
中国,福建省,漳州市,华安县,350629,117.647100,24.512900
中国,福建省,南平市,延平区,350702,118.177600,26.641900
中国,福建省,南平市,建阳区,350703,118.177600,26.641900
中国,福建省,南平市,顺昌县,350721,118.177600,26.641900
中国,福建省,南平市,浦城县,350722,118.177600,26.641900
中国,福建省,南平市,光泽县,350723,118.177600,26.641900
中国,福建省,南平市,松溪县,350724,118.177600,26.641900
中国,福建省,南平市,政和县,350725,118.177600,26.641900
中国,福建省,南平市,邵武市,350781,118.177600,26.641900
中国,福建省,南平市,武夷山市,350782,118.177600,26.641900
中国,福建省,南平市,建瓯市,350783,118.177600,26.641900
中国,福建省,龙岩市,新罗区,350802,117.017000,25.076100
中国,福建省,龙岩市,永定区,350803,117.017000,25.076100
中国,福建省,龙岩市,长汀县,350821,117.017000,25.076100
中国,福建省,龙岩市,上杭县,350823,117.017000,25.076100
中国,福建省,龙岩市,武平县,350824,117.017000,25.076100
中国,福建省,龙岩市,连城县,350825,117.017000,25.076100
中国,福建省,龙岩市,漳平市,350881,117.017000,25.076100
中国,福建省,宁德市,蕉城区,350902,119.547600,26.661800
中国,福建省,宁德市,霞浦县,350921,119.547600,26.661800
中国,福建省,宁德市,古田县,350922,119.547600,26.661800
中国,福建省,宁德市,屏南县,350923,119.547600,26.661800
中国,福建省,宁德市,寿宁县,350924,119.547600,26.661800
中国,福建省,宁德市,周宁县,350925,119.547600,26.661800
中国,福建省,宁德市,柘荣县,350926,119.547600,26.661800
中国,福建省,宁德市,福安市,350981,119.547600,26.661800
中国,福建省,宁德市,福鼎市,350982,119.547600,26.661800
中国,江西省,南昌市,东湖区,360102,115.858200,28.682500
中国,江西省,南昌市,西湖区,360103,115.858200,28.682500
中国,江西省,南昌市,青云谱区,360104,115.858200,28.682500
中国,江西省,南昌市,青山湖区,360111,115.858200,28.682500
中国,江西省,南昌市,新建区,360112,115.858200,28.682500
中国,江西省,南昌市,红谷滩区,360113,115.858200,28.682500
中国,江西省,南昌市,南昌县,360121,115.858200,28.682500
中国,江西省,南昌市,安义县,360123,115.858200,28.682500
中国,江西省,南昌市,进贤县,360124,115.858200,28.682500
中国,江西省,景德镇市,昌江区,360202,117.178400,29.268800
中国,江西省,景德镇市,珠山区,360203,117.178400,29.268800
中国,江西省,景德镇市,浮梁县,360222,117.178400,29.268800
中国,江西省,景德镇市,乐平市,360281,117.178400,29.268800
中国,江西省,萍乡市,安源区,360302,113.854300,27.622500
中国,江西省,萍乡市,湘东区,360313,113.854300,27.622500
中国,江西省,萍乡市,莲花县,360321,113.854300,27.622500
中国,江西省,萍乡市,上栗县,360322,113.854300,27.622500
中国,江西省,萍乡市,芦溪县,360323,113.854300,27.622500
中国,江西省,九江市,濂溪区,360402,116.001600,29.705100
中国,江西省,九江市,浔阳区,360403,116.001600,29.705100
中国,江西省,九江市,柴桑区,360404,116.001600,29.705100
中国,江西省,九江市,武宁县,360423,116.001600,29.705100
中国,江西省,九江市,修水县,360424,116.001600,29.705100
中国,江西省,九江市,永修县,360425,116.001600,29.705100
中国,江西省,九江市,德安县,360426,116.001600,29.705100
中国,江西省,九江市,都昌县,360428,116.001600,29.705100
中国,江西省,九江市,湖口县,360429,116.001600,29.705100
中国,江西省,九江市,彭泽县,360430,116.001600,29.705100
中国,江西省,九江市,瑞昌市,360481,116.001600,29.705100
中国,江西省,九江市,共青城市,360482,116.001600,29.705100
中国,江西省,九江市,庐山市,360483,116.001600,29.705100
中国,江西省,新余市,渝水区,360502,114.917100,27.818100
中国,江西省,新余市,分宜县,360521,114.917100,27.818100
中国,江西省,鹰潭市,月湖区,360602,117.069600,28.265900
中国,江西省,鹰潭市,余江区,360603,117.069600,28.265900
中国,江西省,鹰潭市,贵溪市,360681,117.069600,28.265900
中国,江西省,赣州市,章贡区,360702,114.933800,25.831300
中国,江西省,赣州市,南康区,360703,114.933800,25.831300
中国,江西省,赣州市,赣县区,360704,114.933800,25.831300
中国,江西省,赣州市,信丰县,360722,114.933800,25.831300
中国,江西省,赣州市,大余县,360723,114.933800,25.831300
中国,江西省,赣州市,上犹县,360724,114.933800,25.831300
中国,江西省,赣州市,崇义县,360725,114.933800,25.831300
中国,江西省,赣州市,安远县,360726,114.933800,25.831300
中国,江西省,赣州市,定南县,360728,114.933800,25.831300
中国,江西省,赣州市,全南县,360729,114.933800,25.831300
中国,江西省,赣州市,宁都县,360730,114.933800,25.831300
中国,江西省,赣州市,于都县,360731,114.933800,25.831300
中国,江西省,赣州市,兴国县,360732,114.933800,25.831300
中国,江西省,赣州市,会昌县,360733,114.933800,25.831300
中国,江西省,赣州市,寻乌县,360734,114.933800,25.831300
中国,江西省,赣州市,石城县,360735,114.933800,25.831300
中国,江西省,赣州市,瑞金市,360781,114.933800,25.831300
中国,江西省,赣州市,龙南市,360783,114.933800,25.831300
中国,江西省,吉安市,吉州区,360802,114.992800,27.113500
中国,江西省,吉安市,青原区,360803,114.992800,27.113500
中国,江西省,吉安市,吉安县,360821,114.992800,27.113500
中国,江西省,吉安市,吉水县,360822,114.992800,27.113500
中国,江西省,吉安市,峡江县,360823,114.992800,27.113500
中国,江西省,吉安市,新干县,360824,114.992800,27.113500
中国,江西省,吉安市,永丰县,360825,114.992800,27.113500
中国,江西省,吉安市,泰和县,360826,114.992800,27.113500
中国,江西省,吉安市,遂川县,360827,114.992800,27.113500
中国,江西省,吉安市,万安县,360828,114.992800,27.113500
中国,江西省,吉安市,安福县,360829,114.992800,27.113500
中国,江西省,吉安市,永新县,360830,114.992800,27.113500
中国,江西省,吉安市,井冈山市,360881,114.992800,27.113500
中国,江西省,宜春市,袁州区,360902,114.416500,27.814400
中国,江西省,宜春市,奉新县,360921,114.416500,27.814400
中国,江西省,宜春市,万载县,360922,114.416500,27.814400
中国,江西省,宜春市,上高县,360923,114.416500,27.814400
中国,江西省,宜春市,宜丰县,360924,114.416500,27.814400
中国,江西省,宜春市,靖安县,360925,114.416500,27.814400
中国,江西省,宜春市,铜鼓县,360926,114.416500,27.814400
中国,江西省,宜春市,丰城市,360981,114.416500,27.814400
中国,江西省,宜春市,樟树市,360982,114.416500,27.814400
中国,江西省,宜春市,高安市,360983,114.416500,27.814400
中国,江西省,抚州市,临川区,361002,116.358300,27.948700
中国,江西省,抚州市,东乡区,361003,116.358300,27.948700
中国,江西省,抚州市,南城县,361021,116.358300,27.948700
中国,江西省,抚州市,黎川县,361022,116.358300,27.948700
中国,江西省,抚州市,南丰县,361023,116.358300,27.948700
中国,江西省,抚州市,崇仁县,361024,116.358300,27.948700
中国,江西省,抚州市,乐安县,361025,116.358300,27.948700
中国,江西省,抚州市,宜黄县,361026,116.358300,27.948700
中国,江西省,抚州市,金溪县,361027,116.358300,27.948700
中国,江西省,抚州市,资溪县,361028,116.358300,27.948700
中国,江西省,抚州市,广昌县,361030,116.358300,27.948700
中国,江西省,上饶市,信州区,361102,117.943400,28.454900
中国,江西省,上饶市,广丰区,361103,117.943400,28.454900
中国,江西省,上饶市,广信区,361104,117.943400,28.454900
中国,江西省,上饶市,玉山县,361123,117.943400,28.454900
中国,江西省,上饶市,铅山县,361124,117.943400,28.454900
中国,江西省,上饶市,横峰县,361125,117.943400,28.454900
中国,江西省,上饶市,弋阳县,361126,117.943400,28.454900
中国,江西省,上饶市,余干县,361127,117.943400,28.454900
中国,江西省,上饶市,鄱阳县,361128,117.943400,28.454900
中国,江西省,上饶市,万年县,361129,117.943400,28.454900
中国,江西省,上饶市,婺源县,361130,117.943400,28.454900
中国,江西省,上饶市,德兴市,361181,117.943400,28.454900
中国,山东省,济南市,历下区,370102,117.120500,36.651200
中国,山东省,济南市,市中区,370103,117.120500,36.651200
中国,山东省,济南市,槐荫区,370104,117.120500,36.651200
中国,山东省,济南市,天桥区,370105,117.120500,36.651200
中国,山东省,济南市,历城区,370112,117.120500,36.651200
中国,山东省,济南市,长清区,370113,117.120500,36.651200
中国,山东省,济南市,章丘区,370114,117.120500,36.651200
中国,山东省,济南市,济阳区,370115,117.120500,36.651200
中国,山东省,济南市,莱芜区,370116,117.120500,36.651200
中国,山东省,济南市,钢城区,370117,117.120500,36.651200
中国,山东省,济南市,平阴县,370124,117.120500,36.651200
中国,山东省,济南市,商河县,370126,117.120500,36.651200
中国,山东省,济南市,济南高新技术产业开发区,370176,117.120500,36.651200
中国,山东省,青岛市,市南区,370202,120.382600,36.067100
中国,山东省,青岛市,市北区,370203,120.382600,36.067100
中国,山东省,青岛市,黄岛区,370211,120.382600,36.067100
中国,山东省,青岛市,崂山区,370212,120.382600,36.067100
中国,山东省,青岛市,李沧区,370213,120.382600,36.067100
中国,山东省,青岛市,城阳区,370214,120.382600,36.067100
中国,山东省,青岛市,即墨区,370215,120.382600,36.067100
中国,山东省,青岛市,胶州市,370281,120.382600,36.067100
中国,山东省,青岛市,平度市,370283,120.382600,36.067100
中国,山东省,青岛市,莱西市,370285,120.382600,36.067100
中国,山东省,淄博市,淄川区,370302,118.054800,36.813800
中国,山东省,淄博市,张店区,370303,118.054800,36.813800
中国,山东省,淄博市,博山区,370304,118.054800,36.813800
中国,山东省,淄博市,临淄区,370305,118.054800,36.813800
中国,山东省,淄博市,周村区,370306,118.054800,36.813800
中国,山东省,淄博市,桓台县,370321,118.054800,36.813800
中国,山东省,淄博市,高青县,370322,118.054800,36.813800
中国,山东省,淄博市,沂源县,370323,118.054800,36.813800
中国,山东省,枣庄市,市中区,370402,117.323700,34.810900
中国,山东省,枣庄市,薛城区,370403,117.323700,34.810900
中国,山东省,枣庄市,峄城区,370404,117.323700,34.810900
中国,山东省,枣庄市,台儿庄区,370405,117.323700,34.810900
中国,山东省,枣庄市,山亭区,370406,117.323700,34.810900
中国,山东省,枣庄市,滕州市,370481,117.323700,34.810900
中国,山东省,东营市,东营区,370502,118.674200,37.434800
中国,山东省,东营市,河口区,370503,118.674200,37.434800
中国,山东省,东营市,垦利区,370505,118.674200,37.434800
中国,山东省,东营市,利津县,370522,118.674200,37.434800
中国,山东省,东营市,广饶县,370523,118.674200,37.434800
中国,山东省,东营市,东营经济技术开发区,370571,118.674200,37.434800
中国,山东省,东营市,东营港经济开发区,370572,118.674200,37.434800
中国,山东省,烟台市,芝罘区,370602,121.447800,37.464000
中国,山东省,烟台市,福山区,370611,121.447800,37.464000
中国,山东省,烟台市,牟平区,370612,121.447800,37.464000
中国,山东省,烟台市,莱山区,370613,121.447800,37.464000
中国,山东省,烟台市,蓬莱区,370614,121.447800,37.464000
中国,山东省,烟台市,烟台高新技术产业开发区,370671,121.447800,37.464000
中国,山东省,烟台市,烟台经济技术开发区,370676,121.447800,37.464000
中国,山东省,烟台市,龙口市,370681,121.447800,37.464000
中国,山东省,烟台市,莱阳市,370682,121.447800,37.464000
中国,山东省,烟台市,莱州市,370683,121.447800,37.464000
中国,山东省,烟台市,招远市,370685,121.447800,37.464000
中国,山东省,烟台市,栖霞市,370686,121.447800,37.464000
中国,山东省,烟台市,海阳市,370687,121.447800,37.464000
中国,山东省,潍坊市,潍城区,370702,119.161900,36.706700
中国,山东省,潍坊市,寒亭区,370703,119.161900,36.706700
中国,山东省,潍坊市,坊子区,370704,119.161900,36.706700
中国,山东省,潍坊市,奎文区,370705,119.161900,36.706700
中国,山东省,潍坊市,临朐县,370724,119.161900,36.706700
中国,山东省,潍坊市,昌乐县,370725,119.161900,36.706700
中国,山东省,潍坊市,潍坊滨海经济技术开发区,370772,119.161900,36.706700
中国,山东省,潍坊市,青州市,370781,119.161900,36.706700
中国,山东省,潍坊市,诸城市,370782,119.161900,36.706700
中国,山东省,潍坊市,寿光市,370783,119.161900,36.706700
中国,山东省,潍坊市,安丘市,370784,119.161900,36.706700
中国,山东省,潍坊市,高密市,370785,119.161900,36.706700
中国,山东省,潍坊市,昌邑市,370786,119.161900,36.706700
中国,山东省,济宁市,任城区,370811,116.587300,35.414700
中国,山东省,济宁市,兖州区,370812,116.587300,35.414700
中国,山东省,济宁市,微山县,370826,116.587300,35.414700
中国,山东省,济宁市,鱼台县,370827,116.587300,35.414700
中国,山东省,济宁市,金乡县,370828,116.587300,35.414700
中国,山东省,济宁市,嘉祥县,370829,116.587300,35.414700
中国,山东省,济宁市,汶上县,370830,116.587300,35.414700
中国,山东省,济宁市,泗水县,370831,116.587300,35.414700
中国,山东省,济宁市,梁山县,370832,116.587300,35.414700
中国,山东省,济宁市,济宁高新技术产业开发区,370871,116.587300,35.414700
中国,山东省,济宁市,曲阜市,370881,116.587300,35.414700
中国,山东省,济宁市,邹城市,370883,116.587300,35.414700
中国,山东省,泰安市,泰山区,370902,117.088400,36.200100
中国,山东省,泰安市,岱岳区,370911,117.088400,36.200100
中国,山东省,泰安市,宁阳县,370921,117.088400,36.200100
中国,山东省,泰安市,东平县,370923,117.088400,36.200100
中国,山东省,泰安市,新泰市,370982,117.088400,36.200100
中国,山东省,泰安市,肥城市,370983,117.088400,36.200100
中国,山东省,威海市,环翠区,371002,122.120600,37.513000
中国,山东省,威海市,文登区,371003,122.120600,37.513000
中国,山东省,威海市,威海火炬高技术产业开发区,371071,122.120600,37.513000
中国,山东省,威海市,威海经济技术开发区,371072,122.120600,37.513000
中国,山东省,威海市,威海临港经济技术开发区,371073,122.120600,37.513000
中国,山东省,威海市,荣成市,371082,122.120600,37.513000
中国,山东省,威海市,乳山市,371083,122.120600,37.513000
中国,山东省,日照市,东港区,371102,119.527300,35.416400
中国,山东省,日照市,岚山区,371103,119.527300,35.416400
中国,山东省,日照市,五莲县,371121,119.527300,35.416400
中国,山东省,日照市,莒县,371122,119.527300,35.416400
中国,山东省,日照市,日照经济技术开发区,371171,119.527300,35.416400
中国,山东省,临沂市,兰山区,371302,118.356400,35.104600
中国,山东省,临沂市,罗庄区,371311,118.356400,35.104600
中国,山东省,临沂市,河东区,371312,118.356400,35.104600
中国,山东省,临沂市,沂南县,371321,118.356400,35.104600
中国,山东省,临沂市,郯城县,371322,118.356400,35.104600
中国,山东省,临沂市,沂水县,371323,118.356400,35.104600
中国,山东省,临沂市,兰陵县,371324,118.356400,35.104600
中国,山东省,临沂市,费县,371325,118.356400,35.104600
中国,山东省,临沂市,平邑县,371326,118.356400,35.104600
中国,山东省,临沂市,莒南县,371327,118.356400,35.104600
中国,山东省,临沂市,蒙阴县,371328,118.356400,35.104600
中国,山东省,临沂市,临沭县,371329,118.356400,35.104600
中国,山东省,临沂市,临沂高新技术产业开发区,371371,118.356400,35.104600
中国,山东省,德州市,德城区,371402,116.357600,37.435600
中国,山东省,德州市,陵城区,371403,116.357600,37.435600
中国,山东省,德州市,宁津县,371422,116.357600,37.435600
中国,山东省,德州市,庆云县,371423,116.357600,37.435600
中国,山东省,德州市,临邑县,371424,116.357600,37.435600
中国,山东省,德州市,齐河县,371425,116.357600,37.435600
中国,山东省,德州市,平原县,371426,116.357600,37.435600
中国,山东省,德州市,夏津县,371427,116.357600,37.435600
中国,山东省,德州市,武城县,371428,116.357600,37.435600
中国,山东省,德州市,德州天衢新区,371471,116.357600,37.435600
中国,山东省,德州市,乐陵市,371481,116.357600,37.435600
中国,山东省,德州市,禹城市,371482,116.357600,37.435600
中国,山东省,聊城市,东昌府区,371502,115.985900,36.456600
中国,山东省,聊城市,茌平区,371503,115.985900,36.456600
中国,山东省,聊城市,阳谷县,371521,115.985900,36.456600
中国,山东省,聊城市,莘县,371522,115.985900,36.456600
中国,山东省,聊城市,东阿县,371524,115.985900,36.456600
中国,山东省,聊城市,冠县,371525,115.985900,36.456600
中国,山东省,聊城市,高唐县,371526,115.985900,36.456600
中国,山东省,聊城市,临清市,371581,115.985900,36.456600
中国,山东省,滨州市,滨城区,371602,117.971100,37.382200
中国,山东省,滨州市,沾化区,371603,117.971100,37.382200
中国,山东省,滨州市,惠民县,371621,117.971100,37.382200
中国,山东省,滨州市,阳信县,371622,117.971100,37.382200
中国,山东省,滨州市,无棣县,371623,117.971100,37.382200
中国,山东省,滨州市,博兴县,371625,117.971100,37.382200
中国,山东省,滨州市,邹平市,371681,117.971100,37.382200
中国,山东省,菏泽市,牡丹区,371702,115.481400,35.233900
中国,山东省,菏泽市,定陶区,371703,115.481400,35.233900
中国,山东省,菏泽市,曹县,371721,115.481400,35.233900
中国,山东省,菏泽市,单县,371722,115.481400,35.233900
中国,山东省,菏泽市,成武县,371723,115.481400,35.233900
中国,山东省,菏泽市,巨野县,371724,115.481400,35.233900
中国,山东省,菏泽市,郓城县,371725,115.481400,35.233900
中国,山东省,菏泽市,鄄城县,371726,115.481400,35.233900
中国,山东省,菏泽市,东明县,371728,115.481400,35.233900
中国,山东省,菏泽市,菏泽经济技术开发区,371771,115.481400,35.233900
中国,山东省,菏泽市,菏泽高新技术开发区,371772,115.481400,35.233900
中国,河南省,郑州市,中原区,410102,113.625400,34.746600
中国,河南省,郑州市,二七区,410103,113.625400,34.746600
中国,河南省,郑州市,管城回族区,410104,113.625400,34.746600
中国,河南省,郑州市,金水区,410105,113.625400,34.746600
中国,河南省,郑州市,上街区,410106,113.625400,34.746600
中国,河南省,郑州市,惠济区,410108,113.625400,34.746600
中国,河南省,郑州市,中牟县,410122,113.625400,34.746600
中国,河南省,郑州市,郑州经济技术开发区,410171,113.625400,34.746600
中国,河南省,郑州市,郑州高新技术产业开发区,410172,113.625400,34.746600
中国,河南省,郑州市,郑州航空港经济综合实验区,410173,113.625400,34.746600
中国,河南省,郑州市,巩义市,410181,113.625400,34.746600
中国,河南省,郑州市,荥阳市,410182,113.625400,34.746600
中国,河南省,郑州市,新密市,410183,113.625400,34.746600
中国,河南省,郑州市,新郑市,410184,113.625400,34.746600
中国,河南省,郑州市,登封市,410185,113.625400,34.746600
中国,河南省,开封市,龙亭区,410202,114.307700,34.797000
中国,河南省,开封市,顺河回族区,410203,114.307700,34.797000
中国,河南省,开封市,鼓楼区,410204,114.307700,34.797000
中国,河南省,开封市,禹王台区,410205,114.307700,34.797000
中国,河南省,开封市,祥符区,410212,114.307700,34.797000
中国,河南省,开封市,杞县,410221,114.307700,34.797000
中国,河南省,开封市,通许县,410222,114.307700,34.797000
中国,河南省,开封市,尉氏县,410223,114.307700,34.797000
中国,河南省,开封市,兰考县,410225,114.307700,34.797000
中国,河南省,洛阳市,老城区,410302,112.454100,34.683800
中国,河南省,洛阳市,西工区,410303,112.454100,34.683800
中国,河南省,洛阳市,瀍河回族区,410304,112.454100,34.683800
中国,河南省,洛阳市,涧西区,410305,112.454100,34.683800
中国,河南省,洛阳市,偃师区,410307,112.454100,34.683800
中国,河南省,洛阳市,孟津区,410308,112.454100,34.683800
中国,河南省,洛阳市,洛龙区,410311,112.454100,34.683800
中国,河南省,洛阳市,新安县,410323,112.454100,34.683800
中国,河南省,洛阳市,栾川县,410324,112.454100,34.683800
中国,河南省,洛阳市,嵩县,410325,112.454100,34.683800
中国,河南省,洛阳市,汝阳县,410326,112.454100,34.683800
中国,河南省,洛阳市,宜阳县,410327,112.454100,34.683800
中国,河南省,洛阳市,洛宁县,410328,112.454100,34.683800
中国,河南省,洛阳市,伊川县,410329,112.454100,34.683800
中国,河南省,洛阳市,洛阳高新技术产业开发区,410371,112.454100,34.683800
中国,河南省,平顶山市,新华区,410402,113.192700,33.766400
中国,河南省,平顶山市,卫东区,410403,113.192700,33.766400
中国,河南省,平顶山市,石龙区,410404,113.192700,33.766400
中国,河南省,平顶山市,湛河区,410411,113.192700,33.766400
中国,河南省,平顶山市,宝丰县,410421,113.192700,33.766400
中国,河南省,平顶山市,叶县,410422,113.192700,33.766400
中国,河南省,平顶山市,鲁山县,410423,113.192700,33.766400
中国,河南省,平顶山市,郏县,410425,113.192700,33.766400
中国,河南省,平顶山市,平顶山高新技术产业开发区,410471,113.192700,33.766400
中国,河南省,平顶山市,平顶山市城乡一体化示范区,410472,113.192700,33.766400
中国,河南省,平顶山市,舞钢市,410481,113.192700,33.766400
中国,河南省,平顶山市,汝州市,410482,113.192700,33.766400
中国,河南省,安阳市,文峰区,410502,114.392900,36.097100
中国,河南省,安阳市,北关区,410503,114.392900,36.097100
中国,河南省,安阳市,殷都区,410505,114.392900,36.097100
中国,河南省,安阳市,龙安区,410506,114.392900,36.097100
中国,河南省,安阳市,安阳县,410522,114.392900,36.097100
中国,河南省,安阳市,汤阴县,410523,114.392900,36.097100
中国,河南省,安阳市,滑县,410526,114.392900,36.097100
中国,河南省,安阳市,内黄县,410527,114.392900,36.097100
中国,河南省,安阳市,安阳高新技术产业开发区,410571,114.392900,36.097100
中国,河南省,安阳市,林州市,410581,114.392900,36.097100
中国,河南省,鹤壁市,鹤山区,410602,114.297500,35.747600
中国,河南省,鹤壁市,山城区,410603,114.297500,35.747600
中国,河南省,鹤壁市,淇滨区,410611,114.297500,35.747600
中国,河南省,鹤壁市,浚县,410621,114.297500,35.747600
中国,河南省,鹤壁市,淇县,410622,114.297500,35.747600
中国,河南省,鹤壁市,鹤壁经济技术开发区,410671,114.297500,35.747600
中国,河南省,新乡市,红旗区,410702,113.926900,35.303100
中国,河南省,新乡市,卫滨区,410703,113.926900,35.303100
中国,河南省,新乡市,凤泉区,410704,113.926900,35.303100
中国,河南省,新乡市,牧野区,410711,113.926900,35.303100
中国,河南省,新乡市,新乡县,410721,113.926900,35.303100
中国,河南省,新乡市,获嘉县,410724,113.926900,35.303100
中国,河南省,新乡市,原阳县,410725,113.926900,35.303100
中国,河南省,新乡市,延津县,410726,113.926900,35.303100
中国,河南省,新乡市,封丘县,410727,113.926900,35.303100
中国,河南省,新乡市,新乡高新技术产业开发区,410771,113.926900,35.303100
中国,河南省,新乡市,新乡经济技术开发区,410772,113.926900,35.303100
中国,河南省,新乡市,新乡市平原城乡一体化示范区,410773,113.926900,35.303100
中国,河南省,新乡市,卫辉市,410781,113.926900,35.303100
中国,河南省,新乡市,辉县市,410782,113.926900,35.303100
中国,河南省,新乡市,长垣市,410783,113.926900,35.303100
中国,河南省,焦作市,解放区,410802,113.241900,35.216000
中国,河南省,焦作市,中站区,410803,113.241900,35.216000
中国,河南省,焦作市,马村区,410804,113.241900,35.216000
中国,河南省,焦作市,山阳区,410811,113.241900,35.216000
中国,河南省,焦作市,修武县,410821,113.241900,35.216000
中国,河南省,焦作市,博爱县,410822,113.241900,35.216000
中国,河南省,焦作市,武陟县,410823,113.241900,35.216000
中国,河南省,焦作市,温县,410825,113.241900,35.216000
中国,河南省,焦作市,焦作城乡一体化示范区,410871,113.241900,35.216000
中国,河南省,焦作市,沁阳市,410882,113.241900,35.216000
中国,河南省,焦作市,孟州市,410883,113.241900,35.216000
中国,河南省,濮阳市,华龙区,410902,115.029400,35.762100
中国,河南省,濮阳市,清丰县,410922,115.029400,35.762100
中国,河南省,濮阳市,南乐县,410923,115.029400,35.762100
中国,河南省,濮阳市,范县,410926,115.029400,35.762100
中国,河南省,濮阳市,台前县,410927,115.029400,35.762100
中国,河南省,濮阳市,濮阳县,410928,115.029400,35.762100
中国,河南省,濮阳市,河南濮阳工业园区,410971,115.029400,35.762100
中国,河南省,濮阳市,濮阳经济技术开发区,410972,115.029400,35.762100
中国,河南省,许昌市,魏都区,411002,113.852300,34.035600
中国,河南省,许昌市,建安区,411003,113.852300,34.035600
中国,河南省,许昌市,鄢陵县,411024,113.852300,34.035600
中国,河南省,许昌市,襄城县,411025,113.852300,34.035600
中国,河南省,许昌市,许昌经济技术开发区,411071,113.852300,34.035600
中国,河南省,许昌市,禹州市,411081,113.852300,34.035600
中国,河南省,许昌市,长葛市,411082,113.852300,34.035600
中国,河南省,漯河市,源汇区,411102,114.016800,33.581400
中国,河南省,漯河市,郾城区,411103,114.016800,33.581400
中国,河南省,漯河市,召陵区,411104,114.016800,33.581400
中国,河南省,漯河市,舞阳县,411121,114.016800,33.581400
中国,河南省,漯河市,临颍县,411122,114.016800,33.581400
中国,河南省,漯河市,漯河经济技术开发区,411171,114.016800,33.581400
中国,河南省,三门峡市,湖滨区,411202,111.200400,34.772700
中国,河南省,三门峡市,陕州区,411203,111.200400,34.772700
中国,河南省,三门峡市,渑池县,411221,111.200400,34.772700
中国,河南省,三门峡市,卢氏县,411224,111.200400,34.772700
中国,河南省,三门峡市,河南三门峡经济开发区,411271,111.200400,34.772700
中国,河南省,三门峡市,义马市,411281,111.200400,34.772700
中国,河南省,三门峡市,灵宝市,411282,111.200400,34.772700
中国,河南省,南阳市,宛城区,411302,112.528400,32.990900
中国,河南省,南阳市,卧龙区,411303,112.528400,32.990900
中国,河南省,南阳市,南召县,411321,112.528400,32.990900
中国,河南省,南阳市,方城县,411322,112.528400,32.990900
中国,河南省,南阳市,西峡县,411323,112.528400,32.990900
中国,河南省,南阳市,镇平县,411324,112.528400,32.990900
中国,河南省,南阳市,内乡县,411325,112.528400,32.990900
中国,河南省,南阳市,淅川县,411326,112.528400,32.990900
中国,河南省,南阳市,社旗县,411327,112.528400,32.990900
中国,河南省,南阳市,唐河县,411328,112.528400,32.990900
中国,河南省,南阳市,新野县,411329,112.528400,32.990900
中国,河南省,南阳市,桐柏县,411330,112.528400,32.990900
中国,河南省,南阳市,南阳高新技术产业开发区,411371,112.528400,32.990900
中国,河南省,南阳市,南阳市城乡一体化示范区,411372,112.528400,32.990900
中国,河南省,南阳市,邓州市,411381,112.528400,32.990900
中国,河南省,商丘市,梁园区,411402,115.656500,34.414400
中国,河南省,商丘市,睢阳区,411403,115.656500,34.414400
中国,河南省,商丘市,民权县,411421,115.656500,34.414400
中国,河南省,商丘市,睢县,411422,115.656500,34.414400
中国,河南省,商丘市,宁陵县,411423,115.656500,34.414400
中国,河南省,商丘市,柘城县,411424,115.656500,34.414400
中国,河南省,商丘市,虞城县,411425,115.656500,34.414400
中国,河南省,商丘市,夏邑县,411426,115.656500,34.414400
中国,河南省,商丘市,豫东综合物流产业聚集区,411471,115.656500,34.414400
中国,河南省,商丘市,河南商丘经济开发区,411472,115.656500,34.414400
中国,河南省,商丘市,永城市,411481,115.656500,34.414400
中国,河南省,信阳市,浉河区,411502,114.092800,32.147000
中国,河南省,信阳市,平桥区,411503,114.092800,32.147000
中国,河南省,信阳市,罗山县,411521,114.092800,32.147000
中国,河南省,信阳市,光山县,411522,114.092800,32.147000
中国,河南省,信阳市,新县,411523,114.092800,32.147000
中国,河南省,信阳市,商城县,411524,114.092800,32.147000
中国,河南省,信阳市,固始县,411525,114.092800,32.147000
中国,河南省,信阳市,潢川县,411526,114.092800,32.147000
中国,河南省,信阳市,淮滨县,411527,114.092800,32.147000
中国,河南省,信阳市,息县,411528,114.092800,32.147000
中国,河南省,信阳市,信阳高新技术产业开发区,411571,114.092800,32.147000
中国,河南省,周口市,川汇区,411602,114.696700,33.626000
中国,河南省,周口市,淮阳区,411603,114.696700,33.626000
中国,河南省,周口市,扶沟县,411621,114.696700,33.626000
中国,河南省,周口市,西华县,411622,114.696700,33.626000
中国,河南省,周口市,商水县,411623,114.696700,33.626000
中国,河南省,周口市,沈丘县,411624,114.696700,33.626000
中国,河南省,周口市,郸城县,411625,114.696700,33.626000
中国,河南省,周口市,太康县,411627,114.696700,33.626000
中国,河南省,周口市,鹿邑县,411628,114.696700,33.626000
中国,河南省,周口市,周口临港开发区,411671,114.696700,33.626000
中国,河南省,周口市,项城市,411681,114.696700,33.626000
中国,河南省,驻马店市,驿城区,411702,114.022600,33.013100
中国,河南省,驻马店市,西平县,411721,114.022600,33.013100
中国,河南省,驻马店市,上蔡县,411722,114.022600,33.013100
中国,河南省,驻马店市,平舆县,411723,114.022600,33.013100
中国,河南省,驻马店市,正阳县,411724,114.022600,33.013100
中国,河南省,驻马店市,确山县,411725,114.022600,33.013100
中国,河南省,驻马店市,泌阳县,411726,114.022600,33.013100
中国,河南省,驻马店市,汝南县,411727,114.022600,33.013100
中国,河南省,驻马店市,遂平县,411728,114.022600,33.013100
中国,河南省,驻马店市,新蔡县,411729,114.022600,33.013100
中国,河南省,驻马店市,河南驻马店经济开发区,411771,114.022600,33.013100
中国,河南省,省直辖县级行政区划,济源市,419001,113.625400,34.746600
中国,湖北省,武汉市,江岸区,420102,114.305500,30.593100
中国,湖北省,武汉市,江汉区,420103,114.305500,30.593100
中国,湖北省,武汉市,硚口区,420104,114.305500,30.593100
中国,湖北省,武汉市,汉阳区,420105,114.305500,30.593100
中国,湖北省,武汉市,武昌区,420106,114.305500,30.593100
中国,湖北省,武汉市,青山区,420107,114.305500,30.593100
中国,湖北省,武汉市,洪山区,420111,114.305500,30.593100
中国,湖北省,武汉市,东西湖区,420112,114.305500,30.593100
中国,湖北省,武汉市,汉南区,420113,114.305500,30.593100
中国,湖北省,武汉市,蔡甸区,420114,114.305500,30.593100
中国,湖北省,武汉市,江夏区,420115,114.305500,30.593100
中国,湖北省,武汉市,黄陂区,420116,114.305500,30.593100
中国,湖北省,武汉市,新洲区,420117,114.305500,30.593100
中国,湖北省,黄石市,黄石港区,420202,115.038700,30.216100
中国,湖北省,黄石市,西塞山区,420203,115.038700,30.216100
中国,湖北省,黄石市,下陆区,420204,115.038700,30.216100
中国,湖北省,黄石市,铁山区,420205,115.038700,30.216100
中国,湖北省,黄石市,阳新县,420222,115.038700,30.216100
中国,湖北省,黄石市,大冶市,420281,115.038700,30.216100
中国,湖北省,十堰市,茅箭区,420302,110.785200,32.629400
中国,湖北省,十堰市,张湾区,420303,110.785200,32.629400
中国,湖北省,十堰市,郧阳区,420304,110.785200,32.629400
中国,湖北省,十堰市,郧西县,420322,110.785200,32.629400
中国,湖北省,十堰市,竹山县,420323,110.785200,32.629400
中国,湖北省,十堰市,竹溪县,420324,110.785200,32.629400
中国,湖北省,十堰市,房县,420325,110.785200,32.629400
中国,湖北省,十堰市,丹江口市,420381,110.785200,32.629400
中国,湖北省,宜昌市,西陵区,420502,111.287000,30.692300
中国,湖北省,宜昌市,伍家岗区,420503,111.287000,30.692300
中国,湖北省,宜昌市,点军区,420504,111.287000,30.692300
中国,湖北省,宜昌市,猇亭区,420505,111.287000,30.692300
中国,湖北省,宜昌市,夷陵区,420506,111.287000,30.692300
中国,湖北省,宜昌市,远安县,420525,111.287000,30.692300
中国,湖北省,宜昌市,兴山县,420526,111.287000,30.692300
中国,湖北省,宜昌市,秭归县,420527,111.287000,30.692300
中国,湖北省,宜昌市,长阳土家族自治县,420528,111.287000,30.692300
中国,湖北省,宜昌市,五峰土家族自治县,420529,111.287000,30.692300
中国,湖北省,宜昌市,宜都市,420581,111.287000,30.692300
中国,湖北省,宜昌市,当阳市,420582,111.287000,30.692300
中国,湖北省,宜昌市,枝江市,420583,111.287000,30.692300
中国,湖北省,襄阳市,襄城区,420602,112.122100,31.999200
中国,湖北省,襄阳市,樊城区,420606,112.122100,31.999200
中国,湖北省,襄阳市,襄州区,420607,112.122100,31.999200
中国,湖北省,襄阳市,南漳县,420624,112.122100,31.999200
中国,湖北省,襄阳市,谷城县,420625,112.122100,31.999200
中国,湖北省,襄阳市,保康县,420626,112.122100,31.999200
中国,湖北省,襄阳市,老河口市,420682,112.122100,31.999200
中国,湖北省,襄阳市,枣阳市,420683,112.122100,31.999200
中国,湖北省,襄阳市,宜城市,420684,112.122100,31.999200
中国,湖北省,鄂州市,梁子湖区,420702,114.890600,30.391400
中国,湖北省,鄂州市,华容区,420703,114.890600,30.391400
中国,湖北省,鄂州市,鄂城区,420704,114.890600,30.391400
中国,湖北省,荆门市,东宝区,420802,112.199400,31.035400
中国,湖北省,荆门市,掇刀区,420804,112.199400,31.035400
中国,湖北省,荆门市,沙洋县,420822,112.199400,31.035400
中国,湖北省,荆门市,钟祥市,420881,112.199400,31.035400
中国,湖北省,荆门市,京山市,420882,112.199400,31.035400
中国,湖北省,孝感市,孝南区,420902,113.917000,30.921600
中国,湖北省,孝感市,孝昌县,420921,113.917000,30.921600
中国,湖北省,孝感市,大悟县,420922,113.917000,30.921600
中国,湖北省,孝感市,云梦县,420923,113.917000,30.921600
中国,湖北省,孝感市,应城市,420981,113.917000,30.921600
中国,湖北省,孝感市,安陆市,420982,113.917000,30.921600
中国,湖北省,孝感市,汉川市,420984,113.917000,30.921600
中国,湖北省,荆州市,沙市区,421002,112.239200,30.335200
中国,湖北省,荆州市,荆州区,421003,112.239200,30.335200
中国,湖北省,荆州市,公安县,421022,112.239200,30.335200
中国,湖北省,荆州市,江陵县,421024,112.239200,30.335200
中国,湖北省,荆州市,荆州经济技术开发区,421071,112.239200,30.335200
中国,湖北省,荆州市,石首市,421081,112.239200,30.335200
中国,湖北省,荆州市,洪湖市,421083,112.239200,30.335200
中国,湖北省,荆州市,松滋市,421087,112.239200,30.335200
中国,湖北省,荆州市,监利市,421088,112.239200,30.335200
中国,湖北省,黄冈市,黄州区,421102,114.872500,30.453600
中国,湖北省,黄冈市,团风县,421121,114.872500,30.453600
中国,湖北省,黄冈市,红安县,421122,114.872500,30.453600
中国,湖北省,黄冈市,罗田县,421123,114.872500,30.453600
中国,湖北省,黄冈市,英山县,421124,114.872500,30.453600
中国,湖北省,黄冈市,浠水县,421125,114.872500,30.453600
中国,湖北省,黄冈市,蕲春县,421126,114.872500,30.453600
中国,湖北省,黄冈市,黄梅县,421127,114.872500,30.453600
中国,湖北省,黄冈市,龙感湖管理区,421171,114.872500,30.453600
中国,湖北省,黄冈市,麻城市,421181,114.872500,30.453600
中国,湖北省,黄冈市,武穴市,421182,114.872500,30.453600
中国,湖北省,咸宁市,咸安区,421202,114.322800,29.841600
中国,湖北省,咸宁市,嘉鱼县,421221,114.322800,29.841600
中国,湖北省,咸宁市,通城县,421222,114.322800,29.841600
中国,湖北省,咸宁市,崇阳县,421223,114.322800,29.841600
中国,湖北省,咸宁市,通山县,421224,114.322800,29.841600
中国,湖北省,咸宁市,赤壁市,421281,114.322800,29.841600
中国,湖北省,随州市,曾都区,421303,113.382700,31.690500
中国,湖北省,随州市,随县,421321,113.382700,31.690500
中国,湖北省,随州市,广水市,421381,113.382700,31.690500
中国,湖北省,恩施土家族苗族自治州,恩施市,422801,109.488400,30.272300
中国,湖北省,恩施土家族苗族自治州,利川市,422802,109.488400,30.272300
中国,湖北省,恩施土家族苗族自治州,建始县,422822,109.488400,30.272300
中国,湖北省,恩施土家族苗族自治州,巴东县,422823,109.488400,30.272300
中国,湖北省,恩施土家族苗族自治州,宣恩县,422825,109.488400,30.272300
中国,湖北省,恩施土家族苗族自治州,咸丰县,422826,109.488400,30.272300
中国,湖北省,恩施土家族苗族自治州,来凤县,422827,109.488400,30.272300
中国,湖北省,恩施土家族苗族自治州,鹤峰县,422828,109.488400,30.272300
中国,湖北省,省直辖县级行政区划,仙桃市,429004,114.305500,30.593100
中国,湖北省,省直辖县级行政区划,潜江市,429005,114.305500,30.593100
中国,湖北省,省直辖县级行政区划,天门市,429006,114.305500,30.593100
中国,湖北省,省直辖县级行政区划,神农架林区,429021,114.305500,30.593100
中国,湖南省,长沙市,芙蓉区,430102,112.938800,28.228200
中国,湖南省,长沙市,天心区,430103,112.938800,28.228200
中国,湖南省,长沙市,岳麓区,430104,112.938800,28.228200
中国,湖南省,长沙市,开福区,430105,112.938800,28.228200
中国,湖南省,长沙市,雨花区,430111,112.938800,28.228200
中国,湖南省,长沙市,望城区,430112,112.938800,28.228200
中国,湖南省,长沙市,长沙县,430121,112.938800,28.228200
中国,湖南省,长沙市,浏阳市,430181,112.938800,28.228200
中国,湖南省,长沙市,宁乡市,430182,112.938800,28.228200
中国,湖南省,株洲市,荷塘区,430202,113.134200,27.827600
中国,湖南省,株洲市,芦淞区,430203,113.134200,27.827600
中国,湖南省,株洲市,石峰区,430204,113.134200,27.827600
中国,湖南省,株洲市,天元区,430211,113.134200,27.827600
中国,湖南省,株洲市,渌口区,430212,113.134200,27.827600
中国,湖南省,株洲市,攸县,430223,113.134200,27.827600
中国,湖南省,株洲市,茶陵县,430224,113.134200,27.827600
中国,湖南省,株洲市,炎陵县,430225,113.134200,27.827600
中国,湖南省,株洲市,醴陵市,430281,113.134200,27.827600
中国,湖南省,湘潭市,雨湖区,430302,112.944200,27.829600
中国,湖南省,湘潭市,岳塘区,430304,112.944200,27.829600
中国,湖南省,湘潭市,湘潭县,430321,112.944200,27.829600
中国,湖南省,湘潭市,湖南湘潭高新技术产业园区,430371,112.944200,27.829600
中国,湖南省,湘潭市,湘潭昭山示范区,430372,112.944200,27.829600
中国,湖南省,湘潭市,湘潭九华示范区,430373,112.944200,27.829600
中国,湖南省,湘潭市,湘乡市,430381,112.944200,27.829600
中国,湖南省,湘潭市,韶山市,430382,112.944200,27.829600
中国,湖南省,衡阳市,珠晖区,430405,112.572000,26.893400
中国,湖南省,衡阳市,雁峰区,430406,112.572000,26.893400
中国,湖南省,衡阳市,石鼓区,430407,112.572000,26.893400
中国,湖南省,衡阳市,蒸湘区,430408,112.572000,26.893400
中国,湖南省,衡阳市,南岳区,430412,112.572000,26.893400
中国,湖南省,衡阳市,衡阳县,430421,112.572000,26.893400
中国,湖南省,衡阳市,衡南县,430422,112.572000,26.893400
中国,湖南省,衡阳市,衡山县,430423,112.572000,26.893400
中国,湖南省,衡阳市,衡东县,430424,112.572000,26.893400
中国,湖南省,衡阳市,祁东县,430426,112.572000,26.893400
中国,湖南省,衡阳市,湖南衡阳松木经济开发区,430473,112.572000,26.893400
中国,湖南省,衡阳市,湖南衡阳高新技术产业园区,430476,112.572000,26.893400
中国,湖南省,衡阳市,耒阳市,430481,112.572000,26.893400
中国,湖南省,衡阳市,常宁市,430482,112.572000,26.893400
中国,湖南省,邵阳市,双清区,430502,111.467800,27.238800
中国,湖南省,邵阳市,大祥区,430503,111.467800,27.238800
中国,湖南省,邵阳市,北塔区,430511,111.467800,27.238800
中国,湖南省,邵阳市,新邵县,430522,111.467800,27.238800
中国,湖南省,邵阳市,邵阳县,430523,111.467800,27.238800
中国,湖南省,邵阳市,隆回县,430524,111.467800,27.238800
中国,湖南省,邵阳市,洞口县,430525,111.467800,27.238800
中国,湖南省,邵阳市,绥宁县,430527,111.467800,27.238800
中国,湖南省,邵阳市,新宁县,430528,111.467800,27.238800
中国,湖南省,邵阳市,城步苗族自治县,430529,111.467800,27.238800
中国,湖南省,邵阳市,武冈市,430581,111.467800,27.238800
中国,湖南省,邵阳市,邵东市,430582,111.467800,27.238800
中国,湖南省,岳阳市,岳阳楼区,430602,113.129000,29.357300
中国,湖南省,岳阳市,云溪区,430603,113.129000,29.357300
中国,湖南省,岳阳市,君山区,430611,113.129000,29.357300
中国,湖南省,岳阳市,岳阳县,430621,113.129000,29.357300
中国,湖南省,岳阳市,华容县,430623,113.129000,29.357300
中国,湖南省,岳阳市,湘阴县,430624,113.129000,29.357300
中国,湖南省,岳阳市,平江县,430626,113.129000,29.357300
中国,湖南省,岳阳市,岳阳市屈原管理区,430671,113.129000,29.357300
中国,湖南省,岳阳市,汨罗市,430681,113.129000,29.357300
中国,湖南省,岳阳市,临湘市,430682,113.129000,29.357300
中国,湖南省,常德市,武陵区,430702,111.698500,29.031900
中国,湖南省,常德市,鼎城区,430703,111.698500,29.031900
中国,湖南省,常德市,安乡县,430721,111.698500,29.031900
中国,湖南省,常德市,汉寿县,430722,111.698500,29.031900
中国,湖南省,常德市,澧县,430723,111.698500,29.031900
中国,湖南省,常德市,临澧县,430724,111.698500,29.031900
中国,湖南省,常德市,桃源县,430725,111.698500,29.031900
中国,湖南省,常德市,石门县,430726,111.698500,29.031900
中国,湖南省,常德市,常德市西洞庭管理区,430771,111.698500,29.031900
中国,湖南省,常德市,津市市,430781,111.698500,29.031900
中国,湖南省,张家界市,永定区,430802,110.479200,29.117200
中国,湖南省,张家界市,武陵源区,430811,110.479200,29.117200
中国,湖南省,张家界市,慈利县,430821,110.479200,29.117200
中国,湖南省,张家界市,桑植县,430822,110.479200,29.117200
中国,湖南省,益阳市,资阳区,430902,112.355200,28.553900
中国,湖南省,益阳市,赫山区,430903,112.355200,28.553900
中国,湖南省,益阳市,南县,430921,112.355200,28.553900
中国,湖南省,益阳市,桃江县,430922,112.355200,28.553900
中国,湖南省,益阳市,安化县,430923,112.355200,28.553900
中国,湖南省,益阳市,益阳市大通湖管理区,430971,112.355200,28.553900
中国,湖南省,益阳市,湖南益阳高新技术产业园区,430972,112.355200,28.553900
中国,湖南省,益阳市,沅江市,430981,112.355200,28.553900
中国,湖南省,郴州市,北湖区,431002,113.015100,25.771000
中国,湖南省,郴州市,苏仙区,431003,113.015100,25.771000
中国,湖南省,郴州市,桂阳县,431021,113.015100,25.771000
中国,湖南省,郴州市,宜章县,431022,113.015100,25.771000
中国,湖南省,郴州市,永兴县,431023,113.015100,25.771000
中国,湖南省,郴州市,嘉禾县,431024,113.015100,25.771000
中国,湖南省,郴州市,临武县,431025,113.015100,25.771000
中国,湖南省,郴州市,汝城县,431026,113.015100,25.771000
中国,湖南省,郴州市,桂东县,431027,113.015100,25.771000
中国,湖南省,郴州市,安仁县,431028,113.015100,25.771000
中国,湖南省,郴州市,资兴市,431081,113.015100,25.771000
中国,湖南省,永州市,零陵区,431102,111.613500,26.420300
中国,湖南省,永州市,冷水滩区,431103,111.613500,26.420300
中国,湖南省,永州市,东安县,431122,111.613500,26.420300
中国,湖南省,永州市,双牌县,431123,111.613500,26.420300
中国,湖南省,永州市,道县,431124,111.613500,26.420300
中国,湖南省,永州市,江永县,431125,111.613500,26.420300
中国,湖南省,永州市,宁远县,431126,111.613500,26.420300
中国,湖南省,永州市,蓝山县,431127,111.613500,26.420300
中国,湖南省,永州市,新田县,431128,111.613500,26.420300
中国,湖南省,永州市,江华瑶族自治县,431129,111.613500,26.420300
中国,湖南省,永州市,永州经济技术开发区,431171,111.613500,26.420300
中国,湖南省,永州市,永州市回龙圩管理区,431173,111.613500,26.420300
中国,湖南省,永州市,祁阳市,431181,111.613500,26.420300
中国,湖南省,怀化市,鹤城区,431202,110.001500,27.569600
中国,湖南省,怀化市,中方县,431221,110.001500,27.569600
中国,湖南省,怀化市,沅陵县,431222,110.001500,27.569600
中国,湖南省,怀化市,辰溪县,431223,110.001500,27.569600
中国,湖南省,怀化市,溆浦县,431224,110.001500,27.569600
中国,湖南省,怀化市,会同县,431225,110.001500,27.569600
中国,湖南省,怀化市,麻阳苗族自治县,431226,110.001500,27.569600
中国,湖南省,怀化市,新晃侗族自治县,431227,110.001500,27.569600
中国,湖南省,怀化市,芷江侗族自治县,431228,110.001500,27.569600
中国,湖南省,怀化市,靖州苗族侗族自治县,431229,110.001500,27.569600
中国,湖南省,怀化市,通道侗族自治县,431230,110.001500,27.569600
中国,湖南省,怀化市,怀化市洪江管理区,431271,110.001500,27.569600
中国,湖南省,怀化市,洪江市,431281,110.001500,27.569600
中国,湖南省,娄底市,娄星区,431302,111.993700,27.700200
中国,湖南省,娄底市,双峰县,431321,111.993700,27.700200
中国,湖南省,娄底市,新化县,431322,111.993700,27.700200
中国,湖南省,娄底市,冷水江市,431381,111.993700,27.700200
中国,湖南省,娄底市,涟源市,431382,111.993700,27.700200
中国,湖南省,湘西土家族苗族自治州,吉首市,433101,109.739200,28.312000
中国,湖南省,湘西土家族苗族自治州,泸溪县,433122,109.739200,28.312000
中国,湖南省,湘西土家族苗族自治州,凤凰县,433123,109.739200,28.312000
中国,湖南省,湘西土家族苗族自治州,花垣县,433124,109.739200,28.312000
中国,湖南省,湘西土家族苗族自治州,保靖县,433125,109.739200,28.312000
中国,湖南省,湘西土家族苗族自治州,古丈县,433126,109.739200,28.312000
中国,湖南省,湘西土家族苗族自治州,永顺县,433127,109.739200,28.312000
中国,湖南省,湘西土家族苗族自治州,龙山县,433130,109.739200,28.312000
中国,广东省,广州市,荔湾区,440103,113.264400,23.129100
中国,广东省,广州市,越秀区,440104,113.264400,23.129100
中国,广东省,广州市,海珠区,440105,113.264400,23.129100
中国,广东省,广州市,天河区,440106,113.264400,23.129100
中国,广东省,广州市,白云区,440111,113.264400,23.129100
中国,广东省,广州市,黄埔区,440112,113.264400,23.129100
中国,广东省,广州市,番禺区,440113,113.264400,23.129100
中国,广东省,广州市,花都区,440114,113.264400,23.129100
中国,广东省,广州市,南沙区,440115,113.264400,23.129100
中国,广东省,广州市,从化区,440117,113.264400,23.129100
中国,广东省,广州市,增城区,440118,113.264400,23.129100
中国,广东省,韶关市,武江区,440203,113.597500,24.810600
中国,广东省,韶关市,浈江区,440204,113.597500,24.810600
中国,广东省,韶关市,曲江区,440205,113.597500,24.810600
中国,广东省,韶关市,始兴县,440222,113.597500,24.810600
中国,广东省,韶关市,仁化县,440224,113.597500,24.810600
中国,广东省,韶关市,翁源县,440229,113.597500,24.810600
中国,广东省,韶关市,乳源瑶族自治县,440232,113.597500,24.810600
中国,广东省,韶关市,新丰县,440233,113.597500,24.810600
中国,广东省,韶关市,乐昌市,440281,113.597500,24.810600
中国,广东省,韶关市,南雄市,440282,113.597500,24.810600
中国,广东省,深圳市,罗湖区,440303,114.057900,22.543100
中国,广东省,深圳市,福田区,440304,114.057900,22.543100
中国,广东省,深圳市,南山区,440305,114.057900,22.543100
中国,广东省,深圳市,宝安区,440306,114.057900,22.543100
中国,广东省,深圳市,龙岗区,440307,114.057900,22.543100
中国,广东省,深圳市,盐田区,440308,114.057900,22.543100
中国,广东省,深圳市,龙华区,440309,114.057900,22.543100
中国,广东省,深圳市,坪山区,440310,114.057900,22.543100
中国,广东省,深圳市,光明区,440311,114.057900,22.543100
中国,广东省,珠海市,香洲区,440402,113.576700,22.271000
中国,广东省,珠海市,斗门区,440403,113.576700,22.271000
中国,广东省,珠海市,金湾区,440404,113.576700,22.271000
中国,广东省,汕头市,龙湖区,440507,116.681400,23.354000
中国,广东省,汕头市,金平区,440511,116.681400,23.354000
中国,广东省,汕头市,濠江区,440512,116.681400,23.354000
中国,广东省,汕头市,潮阳区,440513,116.681400,23.354000
中国,广东省,汕头市,潮南区,440514,116.681400,23.354000
中国,广东省,汕头市,澄海区,440515,116.681400,23.354000
中国,广东省,汕头市,南澳县,440523,116.681400,23.354000
中国,广东省,佛山市,禅城区,440604,113.121700,23.021900
中国,广东省,佛山市,南海区,440605,113.121700,23.021900
中国,广东省,佛山市,顺德区,440606,113.121700,23.021900
中国,广东省,佛山市,三水区,440607,113.121700,23.021900
中国,广东省,佛山市,高明区,440608,113.121700,23.021900
中国,广东省,江门市,蓬江区,440703,113.081700,22.578900
中国,广东省,江门市,江海区,440704,113.081700,22.578900
中国,广东省,江门市,新会区,440705,113.081700,22.578900
中国,广东省,江门市,台山市,440781,113.081700,22.578900
中国,广东省,江门市,开平市,440783,113.081700,22.578900
中国,广东省,江门市,鹤山市,440784,113.081700,22.578900
中国,广东省,江门市,恩平市,440785,113.081700,22.578900
中国,广东省,湛江市,赤坎区,440802,110.385200,21.270700
中国,广东省,湛江市,霞山区,440803,110.385200,21.270700
中国,广东省,湛江市,坡头区,440804,110.385200,21.270700
中国,广东省,湛江市,麻章区,440811,110.385200,21.270700
中国,广东省,湛江市,遂溪县,440823,110.385200,21.270700
中国,广东省,湛江市,徐闻县,440825,110.385200,21.270700
中国,广东省,湛江市,廉江市,440881,110.385200,21.270700
中国,广东省,湛江市,雷州市,440882,110.385200,21.270700
中国,广东省,湛江市,吴川市,440883,110.385200,21.270700
中国,广东省,茂名市,茂南区,440902,110.925300,21.663200
中国,广东省,茂名市,电白区,440904,110.925300,21.663200
中国,广东省,茂名市,高州市,440981,110.925300,21.663200
中国,广东省,茂名市,化州市,440982,110.925300,21.663200
中国,广东省,茂名市,信宜市,440983,110.925300,21.663200
中国,广东省,肇庆市,端州区,441202,112.465300,23.047200
中国,广东省,肇庆市,鼎湖区,441203,112.465300,23.047200
中国,广东省,肇庆市,高要区,441204,112.465300,23.047200
中国,广东省,肇庆市,广宁县,441223,112.465300,23.047200
中国,广东省,肇庆市,怀集县,441224,112.465300,23.047200
中国,广东省,肇庆市,封开县,441225,112.465300,23.047200
中国,广东省,肇庆市,德庆县,441226,112.465300,23.047200
中国,广东省,肇庆市,四会市,441284,112.465300,23.047200
中国,广东省,惠州市,惠城区,441302,114.416000,23.111600
中国,广东省,惠州市,惠阳区,441303,114.416000,23.111600
中国,广东省,惠州市,博罗县,441322,114.416000,23.111600
中国,广东省,惠州市,惠东县,441323,114.416000,23.111600
中国,广东省,惠州市,龙门县,441324,114.416000,23.111600
中国,广东省,梅州市,梅江区,441402,116.117500,24.288900
中国,广东省,梅州市,梅县区,441403,116.117500,24.288900
中国,广东省,梅州市,大埔县,441422,116.117500,24.288900
中国,广东省,梅州市,丰顺县,441423,116.117500,24.288900
中国,广东省,梅州市,五华县,441424,116.117500,24.288900
中国,广东省,梅州市,平远县,441426,116.117500,24.288900
中国,广东省,梅州市,蕉岭县,441427,116.117500,24.288900
中国,广东省,梅州市,兴宁市,441481,116.117500,24.288900
中国,广东省,汕尾市,城区,441502,115.375500,22.786600
中国,广东省,汕尾市,海丰县,441521,115.375500,22.786600
中国,广东省,汕尾市,陆河县,441523,115.375500,22.786600
中国,广东省,汕尾市,陆丰市,441581,115.375500,22.786600
中国,广东省,河源市,源城区,441602,114.700700,23.743700
中国,广东省,河源市,紫金县,441621,114.700700,23.743700
中国,广东省,河源市,龙川县,441622,114.700700,23.743700
中国,广东省,河源市,连平县,441623,114.700700,23.743700
中国,广东省,河源市,和平县,441624,114.700700,23.743700
中国,广东省,河源市,东源县,441625,114.700700,23.743700
中国,广东省,阳江市,江城区,441702,111.982300,21.858200
中国,广东省,阳江市,阳东区,441704,111.982300,21.858200
中国,广东省,阳江市,阳西县,441721,111.982300,21.858200
中国,广东省,阳江市,阳春市,441781,111.982300,21.858200
中国,广东省,清远市,清城区,441802,113.056100,23.682000
中国,广东省,清远市,清新区,441803,113.056100,23.682000
中国,广东省,清远市,佛冈县,441821,113.056100,23.682000
中国,广东省,清远市,阳山县,441823,113.056100,23.682000
中国,广东省,清远市,连山壮族瑶族自治县,441825,113.056100,23.682000
中国,广东省,清远市,连南瑶族自治县,441826,113.056100,23.682000
中国,广东省,清远市,英德市,441881,113.056100,23.682000
中国,广东省,清远市,连州市,441882,113.056100,23.682000
中国,广东省,东莞市,东莞市,441900,113.751900,23.020800
中国,广东省,中山市,中山市,442000,113.392700,22.517000
中国,广东省,潮州市,湘桥区,445102,116.622300,23.657000
中国,广东省,潮州市,潮安区,445103,116.622300,23.657000
中国,广东省,潮州市,饶平县,445122,116.622300,23.657000
中国,广东省,揭阳市,榕城区,445202,116.372700,23.550000
中国,广东省,揭阳市,揭东区,445203,116.372700,23.550000
中国,广东省,揭阳市,揭西县,445222,116.372700,23.550000
中国,广东省,揭阳市,惠来县,445224,116.372700,23.550000
中国,广东省,揭阳市,普宁市,445281,116.372700,23.550000
中国,广东省,云浮市,云城区,445302,112.044400,22.915200
中国,广东省,云浮市,云安区,445303,112.044400,22.915200
中国,广东省,云浮市,新兴县,445321,112.044400,22.915200
中国,广东省,云浮市,郁南县,445322,112.044400,22.915200
中国,广东省,云浮市,罗定市,445381,112.044400,22.915200
中国,广西壮族自治区,南宁市,兴宁区,450102,108.366900,22.817100
中国,广西壮族自治区,南宁市,青秀区,450103,108.366900,22.817100
中国,广西壮族自治区,南宁市,江南区,450105,108.366900,22.817100
中国,广西壮族自治区,南宁市,西乡塘区,450107,108.366900,22.817100
中国,广西壮族自治区,南宁市,良庆区,450108,108.366900,22.817100
中国,广西壮族自治区,南宁市,邕宁区,450109,108.366900,22.817100
中国,广西壮族自治区,南宁市,武鸣区,450110,108.366900,22.817100
中国,广西壮族自治区,南宁市,隆安县,450123,108.366900,22.817100
中国,广西壮族自治区,南宁市,马山县,450124,108.366900,22.817100
中国,广西壮族自治区,南宁市,上林县,450125,108.366900,22.817100
中国,广西壮族自治区,南宁市,宾阳县,450126,108.366900,22.817100
中国,广西壮族自治区,南宁市,横州市,450181,108.366900,22.817100
中国,广西壮族自治区,柳州市,城中区,450202,109.411300,24.325400
中国,广西壮族自治区,柳州市,鱼峰区,450203,109.411300,24.325400
中国,广西壮族自治区,柳州市,柳南区,450204,109.411300,24.325400
中国,广西壮族自治区,柳州市,柳北区,450205,109.411300,24.325400
中国,广西壮族自治区,柳州市,柳江区,450206,109.411300,24.325400
中国,广西壮族自治区,柳州市,柳城县,450222,109.411300,24.325400
中国,广西壮族自治区,柳州市,鹿寨县,450223,109.411300,24.325400
中国,广西壮族自治区,柳州市,融安县,450224,109.411300,24.325400
中国,广西壮族自治区,柳州市,融水苗族自治县,450225,109.411300,24.325400
中国,广西壮族自治区,柳州市,三江侗族自治县,450226,109.411300,24.325400
中国,广西壮族自治区,桂林市,秀峰区,450302,110.290500,25.273600
中国,广西壮族自治区,桂林市,叠彩区,450303,110.290500,25.273600
中国,广西壮族自治区,桂林市,象山区,450304,110.290500,25.273600
中国,广西壮族自治区,桂林市,七星区,450305,110.290500,25.273600
中国,广西壮族自治区,桂林市,雁山区,450311,110.290500,25.273600
中国,广西壮族自治区,桂林市,临桂区,450312,110.290500,25.273600
中国,广西壮族自治区,桂林市,阳朔县,450321,110.290500,25.273600
中国,广西壮族自治区,桂林市,灵川县,450323,110.290500,25.273600
中国,广西壮族自治区,桂林市,全州县,450324,110.290500,25.273600
中国,广西壮族自治区,桂林市,兴安县,450325,110.290500,25.273600
中国,广西壮族自治区,桂林市,永福县,450326,110.290500,25.273600
中国,广西壮族自治区,桂林市,灌阳县,450327,110.290500,25.273600
中国,广西壮族自治区,桂林市,龙胜各族自治县,450328,110.290500,25.273600
中国,广西壮族自治区,桂林市,资源县,450329,110.290500,25.273600
中国,广西壮族自治区,桂林市,平乐县,450330,110.290500,25.273600
中国,广西壮族自治区,桂林市,恭城瑶族自治县,450332,110.290500,25.273600
中国,广西壮族自治区,桂林市,荔浦市,450381,110.290500,25.273600
中国,广西壮族自治区,梧州市,万秀区,450403,111.279300,23.477300
中国,广西壮族自治区,梧州市,长洲区,450405,111.279300,23.477300
中国,广西壮族自治区,梧州市,龙圩区,450406,111.279300,23.477300
中国,广西壮族自治区,梧州市,苍梧县,450421,111.279300,23.477300
中国,广西壮族自治区,梧州市,藤县,450422,111.279300,23.477300
中国,广西壮族自治区,梧州市,蒙山县,450423,111.279300,23.477300
中国,广西壮族自治区,梧州市,岑溪市,450481,111.279300,23.477300
中国,广西壮族自治区,北海市,海城区,450502,109.119300,21.481400
中国,广西壮族自治区,北海市,银海区,450503,109.119300,21.481400
中国,广西壮族自治区,北海市,铁山港区,450512,109.119300,21.481400
中国,广西壮族自治区,北海市,合浦县,450521,109.119300,21.481400
中国,广西壮族自治区,防城港市,港口区,450602,108.345200,21.765100
中国,广西壮族自治区,防城港市,防城区,450603,108.345200,21.765100
中国,广西壮族自治区,防城港市,上思县,450621,108.345200,21.765100
中国,广西壮族自治区,防城港市,东兴市,450681,108.345200,21.765100
中国,广西壮族自治区,钦州市,钦南区,450702,108.655800,21.981400
中国,广西壮族自治区,钦州市,钦北区,450703,108.655800,21.981400
中国,广西壮族自治区,钦州市,灵山县,450721,108.655800,21.981400
中国,广西壮族自治区,钦州市,浦北县,450722,108.655800,21.981400
中国,广西壮族自治区,贵港市,港北区,450802,109.596200,23.107700
中国,广西壮族自治区,贵港市,港南区,450803,109.596200,23.107700
中国,广西壮族自治区,贵港市,覃塘区,450804,109.596200,23.107700
中国,广西壮族自治区,贵港市,平南县,450821,109.596200,23.107700
中国,广西壮族自治区,贵港市,桂平市,450881,109.596200,23.107700
中国,广西壮族自治区,玉林市,玉州区,450902,110.164600,22.654300
中国,广西壮族自治区,玉林市,福绵区,450903,110.164600,22.654300
中国,广西壮族自治区,玉林市,容县,450921,110.164600,22.654300
中国,广西壮族自治区,玉林市,陆川县,450922,110.164600,22.654300
中国,广西壮族自治区,玉林市,博白县,450923,110.164600,22.654300
中国,广西壮族自治区,玉林市,兴业县,450924,110.164600,22.654300
中国,广西壮族自治区,玉林市,北流市,450981,110.164600,22.654300
中国,广西壮族自治区,百色市,右江区,451002,106.618600,23.902500
中国,广西壮族自治区,百色市,田阳区,451003,106.618600,23.902500
中国,广西壮族自治区,百色市,田东县,451022,106.618600,23.902500
中国,广西壮族自治区,百色市,德保县,451024,106.618600,23.902500
中国,广西壮族自治区,百色市,那坡县,451026,106.618600,23.902500
中国,广西壮族自治区,百色市,凌云县,451027,106.618600,23.902500
中国,广西壮族自治区,百色市,乐业县,451028,106.618600,23.902500
中国,广西壮族自治区,百色市,田林县,451029,106.618600,23.902500
中国,广西壮族自治区,百色市,西林县,451030,106.618600,23.902500
中国,广西壮族自治区,百色市,隆林各族自治县,451031,106.618600,23.902500
中国,广西壮族自治区,百色市,靖西市,451081,106.618600,23.902500
中国,广西壮族自治区,百色市,平果市,451082,106.618600,23.902500
中国,广西壮族自治区,贺州市,八步区,451102,111.567400,24.403600
中国,广西壮族自治区,贺州市,平桂区,451103,111.567400,24.403600
中国,广西壮族自治区,贺州市,昭平县,451121,111.567400,24.403600
中国,广西壮族自治区,贺州市,钟山县,451122,111.567400,24.403600
中国,广西壮族自治区,贺州市,富川瑶族自治县,451123,111.567400,24.403600
中国,广西壮族自治区,河池市,金城江区,451202,108.085500,24.693100
中国,广西壮族自治区,河池市,宜州区,451203,108.085500,24.693100
中国,广西壮族自治区,河池市,南丹县,451221,108.085500,24.693100
中国,广西壮族自治区,河池市,天峨县,451222,108.085500,24.693100
中国,广西壮族自治区,河池市,凤山县,451223,108.085500,24.693100
中国,广西壮族自治区,河池市,东兰县,451224,108.085500,24.693100
中国,广西壮族自治区,河池市,罗城仫佬族自治县,451225,108.085500,24.693100
中国,广西壮族自治区,河池市,环江毛南族自治县,451226,108.085500,24.693100
中国,广西壮族自治区,河池市,巴马瑶族自治县,451227,108.085500,24.693100
中国,广西壮族自治区,河池市,都安瑶族自治县,451228,108.085500,24.693100
中国,广西壮族自治区,河池市,大化瑶族自治县,451229,108.085500,24.693100
中国,广西壮族自治区,来宾市,兴宾区,451302,109.221700,23.750500
中国,广西壮族自治区,来宾市,忻城县,451321,109.221700,23.750500
中国,广西壮族自治区,来宾市,象州县,451322,109.221700,23.750500
中国,广西壮族自治区,来宾市,武宣县,451323,109.221700,23.750500
中国,广西壮族自治区,来宾市,金秀瑶族自治县,451324,109.221700,23.750500
中国,广西壮族自治区,来宾市,合山市,451381,109.221700,23.750500
中国,广西壮族自治区,崇左市,江州区,451402,107.365200,22.378300
中国,广西壮族自治区,崇左市,扶绥县,451421,107.365200,22.378300
中国,广西壮族自治区,崇左市,宁明县,451422,107.365200,22.378300
中国,广西壮族自治区,崇左市,龙州县,451423,107.365200,22.378300
中国,广西壮族自治区,崇左市,大新县,451424,107.365200,22.378300
中国,广西壮族自治区,崇左市,天等县,451425,107.365200,22.378300
中国,广西壮族自治区,崇左市,凭祥市,451481,107.365200,22.378300
中国,海南省,海口市,秀英区,460105,110.349400,20.017400
中国,海南省,海口市,龙华区,460106,110.349400,20.017400
中国,海南省,海口市,琼山区,460107,110.349400,20.017400
中国,海南省,海口市,美兰区,460108,110.349400,20.017400
中国,海南省,三亚市,海棠区,460202,109.512200,18.252900
中国,海南省,三亚市,吉阳区,460203,109.512200,18.252900
中国,海南省,三亚市,天涯区,460204,109.512200,18.252900
中国,海南省,三亚市,崖州区,460205,109.512200,18.252900
中国,海南省,三沙市,西沙群岛,460321,112.349200,16.831300
中国,海南省,三沙市,南沙群岛,460322,112.349200,16.831300
中国,海南省,三沙市,中沙群岛的岛礁及其海域,460323,112.349200,16.831300
中国,海南省,儋州市,儋州市,460400,109.576900,19.517600
中国,海南省,省直辖县级行政区划,五指山市,469001,110.349400,20.017400
中国,海南省,省直辖县级行政区划,琼海市,469002,110.349400,20.017400
中国,海南省,省直辖县级行政区划,文昌市,469005,110.349400,20.017400
中国,海南省,省直辖县级行政区划,万宁市,469006,110.349400,20.017400
中国,海南省,省直辖县级行政区划,东方市,469007,110.349400,20.017400
中国,海南省,省直辖县级行政区划,定安县,469021,110.349400,20.017400
中国,海南省,省直辖县级行政区划,屯昌县,469022,110.349400,20.017400
中国,海南省,省直辖县级行政区划,澄迈县,469023,110.349400,20.017400
中国,海南省,省直辖县级行政区划,临高县,469024,110.349400,20.017400
中国,海南省,省直辖县级行政区划,白沙黎族自治县,469025,110.349400,20.017400
中国,海南省,省直辖县级行政区划,昌江黎族自治县,469026,110.349400,20.017400
中国,海南省,省直辖县级行政区划,乐东黎族自治县,469027,110.349400,20.017400
中国,海南省,省直辖县级行政区划,陵水黎族自治县,469028,110.349400,20.017400
中国,海南省,省直辖县级行政区划,保亭黎族苗族自治县,469029,110.349400,20.017400
中国,海南省,省直辖县级行政区划,琼中黎族苗族自治县,469030,110.349400,20.017400
中国,重庆市,市辖区,万州区,500101,106.551600,29.563000
中国,重庆市,市辖区,涪陵区,500102,106.551600,29.563000
中国,重庆市,市辖区,渝中区,500103,106.551600,29.563000
中国,重庆市,市辖区,大渡口区,500104,106.551600,29.563000
中国,重庆市,市辖区,江北区,500105,106.551600,29.563000
中国,重庆市,市辖区,沙坪坝区,500106,106.551600,29.563000
中国,重庆市,市辖区,九龙坡区,500107,106.551600,29.563000
中国,重庆市,市辖区,南岸区,500108,106.551600,29.563000
中国,重庆市,市辖区,北碚区,500109,106.551600,29.563000
中国,重庆市,市辖区,綦江区,500110,106.551600,29.563000
中国,重庆市,市辖区,大足区,500111,106.551600,29.563000
中国,重庆市,市辖区,渝北区,500112,106.551600,29.563000
中国,重庆市,市辖区,巴南区,500113,106.551600,29.563000
中国,重庆市,市辖区,黔江区,500114,106.551600,29.563000
中国,重庆市,市辖区,长寿区,500115,106.551600,29.563000
中国,重庆市,市辖区,江津区,500116,106.551600,29.563000
中国,重庆市,市辖区,合川区,500117,106.551600,29.563000
中国,重庆市,市辖区,永川区,500118,106.551600,29.563000
中国,重庆市,市辖区,南川区,500119,106.551600,29.563000
中国,重庆市,市辖区,璧山区,500120,106.551600,29.563000
中国,重庆市,市辖区,铜梁区,500151,106.551600,29.563000
中国,重庆市,市辖区,潼南区,500152,106.551600,29.563000
中国,重庆市,市辖区,荣昌区,500153,106.551600,29.563000
中国,重庆市,市辖区,开州区,500154,106.551600,29.563000
中国,重庆市,市辖区,梁平区,500155,106.551600,29.563000
中国,重庆市,市辖区,武隆区,500156,106.551600,29.563000
中国,重庆市,县,城口县,500229,108.089500,30.468300
中国,重庆市,县,丰都县,500230,108.089500,30.468300
中国,重庆市,县,垫江县,500231,108.089500,30.468300
中国,重庆市,县,忠县,500233,108.089500,30.468300
中国,重庆市,县,云阳县,500235,108.089500,30.468300
中国,重庆市,县,奉节县,500236,108.089500,30.468300
中国,重庆市,县,巫山县,500237,108.089500,30.468300
中国,重庆市,县,巫溪县,500238,108.089500,30.468300
中国,重庆市,县,石柱土家族自治县,500240,108.089500,30.468300
中国,重庆市,县,秀山土家族苗族自治县,500241,108.089500,30.468300
中国,重庆市,县,酉阳土家族苗族自治县,500242,108.089500,30.468300
中国,重庆市,县,彭水苗族土家族自治县,500243,108.089500,30.468300
中国,四川省,成都市,锦江区,510104,104.065900,30.572800
中国,四川省,成都市,青羊区,510105,104.065900,30.572800
中国,四川省,成都市,金牛区,510106,104.065900,30.572800
中国,四川省,成都市,武侯区,510107,104.065900,30.572800
中国,四川省,成都市,成华区,510108,104.065900,30.572800
中国,四川省,成都市,龙泉驿区,510112,104.065900,30.572800
中国,四川省,成都市,青白江区,510113,104.065900,30.572800
中国,四川省,成都市,新都区,510114,104.065900,30.572800
中国,四川省,成都市,温江区,510115,104.065900,30.572800
中国,四川省,成都市,双流区,510116,104.065900,30.572800
中国,四川省,成都市,郫都区,510117,104.065900,30.572800
中国,四川省,成都市,新津区,510118,104.065900,30.572800
中国,四川省,成都市,金堂县,510121,104.065900,30.572800
中国,四川省,成都市,大邑县,510129,104.065900,30.572800
中国,四川省,成都市,蒲江县,510131,104.065900,30.572800
中国,四川省,成都市,都江堰市,510181,104.065900,30.572800
中国,四川省,成都市,彭州市,510182,104.065900,30.572800
中国,四川省,成都市,邛崃市,510183,104.065900,30.572800
中国,四川省,成都市,崇州市,510184,104.065900,30.572800
中国,四川省,成都市,简阳市,510185,104.065900,30.572800
中国,四川省,自贡市,自流井区,510302,104.778700,29.339400
中国,四川省,自贡市,贡井区,510303,104.778700,29.339400
中国,四川省,自贡市,大安区,510304,104.778700,29.339400
中国,四川省,自贡市,沿滩区,510311,104.778700,29.339400
中国,四川省,自贡市,荣县,510321,104.778700,29.339400
中国,四川省,自贡市,富顺县,510322,104.778700,29.339400
中国,四川省,攀枝花市,东区,510402,101.718900,26.582100
中国,四川省,攀枝花市,西区,510403,101.718900,26.582100
中国,四川省,攀枝花市,仁和区,510411,101.718900,26.582100
中国,四川省,攀枝花市,米易县,510421,101.718900,26.582100
中国,四川省,攀枝花市,盐边县,510422,101.718900,26.582100
中国,四川省,泸州市,江阳区,510502,105.442400,28.871900
中国,四川省,泸州市,纳溪区,510503,105.442400,28.871900
中国,四川省,泸州市,龙马潭区,510504,105.442400,28.871900
中国,四川省,泸州市,泸县,510521,105.442400,28.871900
中国,四川省,泸州市,合江县,510522,105.442400,28.871900
中国,四川省,泸州市,叙永县,510524,105.442400,28.871900
中国,四川省,泸州市,古蔺县,510525,105.442400,28.871900
中国,四川省,德阳市,旌阳区,510603,104.397700,31.126800
中国,四川省,德阳市,罗江区,510604,104.397700,31.126800
中国,四川省,德阳市,中江县,510623,104.397700,31.126800
中国,四川省,德阳市,广汉市,510681,104.397700,31.126800
中国,四川省,德阳市,什邡市,510682,104.397700,31.126800
中国,四川省,德阳市,绵竹市,510683,104.397700,31.126800
中国,四川省,绵阳市,涪城区,510703,104.679600,31.467700
中国,四川省,绵阳市,游仙区,510704,104.679600,31.467700
中国,四川省,绵阳市,安州区,510705,104.679600,31.467700
中国,四川省,绵阳市,三台县,510722,104.679600,31.467700
中国,四川省,绵阳市,盐亭县,510723,104.679600,31.467700
中国,四川省,绵阳市,梓潼县,510725,104.679600,31.467700
中国,四川省,绵阳市,北川羌族自治县,510726,104.679600,31.467700
中国,四川省,绵阳市,平武县,510727,104.679600,31.467700
中国,四川省,绵阳市,江油市,510781,104.679600,31.467700
中国,四川省,广元市,利州区,510802,105.843900,32.435700
中国,四川省,广元市,昭化区,510811,105.843900,32.435700
中国,四川省,广元市,朝天区,510812,105.843900,32.435700
中国,四川省,广元市,旺苍县,510821,105.843900,32.435700
中国,四川省,广元市,青川县,510822,105.843900,32.435700
中国,四川省,广元市,剑阁县,510823,105.843900,32.435700
中国,四川省,广元市,苍溪县,510824,105.843900,32.435700
中国,四川省,遂宁市,船山区,510903,105.592900,30.533000
中国,四川省,遂宁市,安居区,510904,105.592900,30.533000
中国,四川省,遂宁市,蓬溪县,510921,105.592900,30.533000
中国,四川省,遂宁市,大英县,510923,105.592900,30.533000
中国,四川省,遂宁市,射洪市,510981,105.592900,30.533000
中国,四川省,内江市,市中区,511002,105.058300,29.580300
中国,四川省,内江市,东兴区,511011,105.058300,29.580300
中国,四川省,内江市,威远县,511024,105.058300,29.580300
中国,四川省,内江市,资中县,511025,105.058300,29.580300
中国,四川省,内江市,隆昌市,511083,105.058300,29.580300
中国,四川省,乐山市,市中区,511102,103.765900,29.552300
中国,四川省,乐山市,沙湾区,511111,103.765900,29.552300
中国,四川省,乐山市,五通桥区,511112,103.765900,29.552300
中国,四川省,乐山市,金口河区,511113,103.765900,29.552300
中国,四川省,乐山市,犍为县,511123,103.765900,29.552300
中国,四川省,乐山市,井研县,511124,103.765900,29.552300
中国,四川省,乐山市,夹江县,511126,103.765900,29.552300
中国,四川省,乐山市,沐川县,511129,103.765900,29.552300
中国,四川省,乐山市,峨边彝族自治县,511132,103.765900,29.552300
中国,四川省,乐山市,马边彝族自治县,511133,103.765900,29.552300
中国,四川省,乐山市,峨眉山市,511181,103.765900,29.552300
中国,四川省,南充市,顺庆区,511302,106.110700,30.837700
中国,四川省,南充市,高坪区,511303,106.110700,30.837700
中国,四川省,南充市,嘉陵区,511304,106.110700,30.837700
中国,四川省,南充市,南部县,511321,106.110700,30.837700
中国,四川省,南充市,营山县,511322,106.110700,30.837700
中国,四川省,南充市,蓬安县,511323,106.110700,30.837700
中国,四川省,南充市,仪陇县,511324,106.110700,30.837700
中国,四川省,南充市,西充县,511325,106.110700,30.837700
中国,四川省,南充市,阆中市,511381,106.110700,30.837700
中国,四川省,眉山市,东坡区,511402,103.848400,30.076900
中国,四川省,眉山市,彭山区,511403,103.848400,30.076900
中国,四川省,眉山市,仁寿县,511421,103.848400,30.076900
中国,四川省,眉山市,洪雅县,511423,103.848400,30.076900
中国,四川省,眉山市,丹棱县,511424,103.848400,30.076900
中国,四川省,眉山市,青神县,511425,103.848400,30.076900
中国,四川省,宜宾市,翠屏区,511502,104.643200,28.751900
中国,四川省,宜宾市,南溪区,511503,104.643200,28.751900
中国,四川省,宜宾市,叙州区,511504,104.643200,28.751900
中国,四川省,宜宾市,江安县,511523,104.643200,28.751900
中国,四川省,宜宾市,长宁县,511524,104.643200,28.751900
中国,四川省,宜宾市,高县,511525,104.643200,28.751900
中国,四川省,宜宾市,珙县,511526,104.643200,28.751900
中国,四川省,宜宾市,筠连县,511527,104.643200,28.751900
中国,四川省,宜宾市,兴文县,511528,104.643200,28.751900
中国,四川省,宜宾市,屏山县,511529,104.643200,28.751900
中国,四川省,广安市,广安区,511602,106.633300,30.456300
中国,四川省,广安市,前锋区,511603,106.633300,30.456300
中国,四川省,广安市,岳池县,511621,106.633300,30.456300
中国,四川省,广安市,武胜县,511622,106.633300,30.456300
中国,四川省,广安市,邻水县,511623,106.633300,30.456300
中国,四川省,广安市,华蓥市,511681,106.633300,30.456300
中国,四川省,达州市,通川区,511702,107.468200,31.209300
中国,四川省,达州市,达川区,511703,107.468200,31.209300
中国,四川省,达州市,宣汉县,511722,107.468200,31.209300
中国,四川省,达州市,开江县,511723,107.468200,31.209300
中国,四川省,达州市,大竹县,511724,107.468200,31.209300
中国,四川省,达州市,渠县,511725,107.468200,31.209300
中国,四川省,达州市,万源市,511781,107.468200,31.209300
中国,四川省,雅安市,雨城区,511802,103.042800,30.010700
中国,四川省,雅安市,名山区,511803,103.042800,30.010700
中国,四川省,雅安市,荥经县,511822,103.042800,30.010700
中国,四川省,雅安市,汉源县,511823,103.042800,30.010700
中国,四川省,雅安市,石棉县,511824,103.042800,30.010700
中国,四川省,雅安市,天全县,511825,103.042800,30.010700
中国,四川省,雅安市,芦山县,511826,103.042800,30.010700
中国,四川省,雅安市,宝兴县,511827,103.042800,30.010700
中国,四川省,巴中市,巴州区,511902,106.747500,31.867700
中国,四川省,巴中市,恩阳区,511903,106.747500,31.867700
中国,四川省,巴中市,通江县,511921,106.747500,31.867700
中国,四川省,巴中市,南江县,511922,106.747500,31.867700
中国,四川省,巴中市,平昌县,511923,106.747500,31.867700
中国,四川省,资阳市,雁江区,512002,104.627500,30.128800
中国,四川省,资阳市,安岳县,512021,104.627500,30.128800
中国,四川省,资阳市,乐至县,512022,104.627500,30.128800
中国,四川省,阿坝藏族羌族自治州,马尔康市,513201,102.224400,31.899100
中国,四川省,阿坝藏族羌族自治州,汶川县,513221,102.224400,31.899100
中国,四川省,阿坝藏族羌族自治州,理县,513222,102.224400,31.899100
中国,四川省,阿坝藏族羌族自治州,茂县,513223,102.224400,31.899100
中国,四川省,阿坝藏族羌族自治州,松潘县,513224,102.224400,31.899100
中国,四川省,阿坝藏族羌族自治州,九寨沟县,513225,102.224400,31.899100
中国,四川省,阿坝藏族羌族自治州,金川县,513226,102.224400,31.899100
中国,四川省,阿坝藏族羌族自治州,小金县,513227,102.224400,31.899100
中国,四川省,阿坝藏族羌族自治州,黑水县,513228,102.224400,31.899100
中国,四川省,阿坝藏族羌族自治州,壤塘县,513230,102.224400,31.899100
中国,四川省,阿坝藏族羌族自治州,阿坝县,513231,102.224400,31.899100
中国,四川省,阿坝藏族羌族自治州,若尔盖县,513232,102.224400,31.899100
中国,四川省,阿坝藏族羌族自治州,红原县,513233,102.224400,31.899100
中国,四川省,甘孜藏族自治州,康定市,513301,101.962700,30.050700
中国,四川省,甘孜藏族自治州,泸定县,513322,101.962700,30.050700
中国,四川省,甘孜藏族自治州,丹巴县,513323,101.962700,30.050700
中国,四川省,甘孜藏族自治州,九龙县,513324,101.962700,30.050700
中国,四川省,甘孜藏族自治州,雅江县,513325,101.962700,30.050700
中国,四川省,甘孜藏族自治州,道孚县,513326,101.962700,30.050700
中国,四川省,甘孜藏族自治州,炉霍县,513327,101.962700,30.050700
中国,四川省,甘孜藏族自治州,甘孜县,513328,101.962700,30.050700
中国,四川省,甘孜藏族自治州,新龙县,513329,101.962700,30.050700
中国,四川省,甘孜藏族自治州,德格县,513330,101.962700,30.050700
中国,四川省,甘孜藏族自治州,白玉县,513331,101.962700,30.050700
中国,四川省,甘孜藏族自治州,石渠县,513332,101.962700,30.050700
中国,四川省,甘孜藏族自治州,色达县,513333,101.962700,30.050700
中国,四川省,甘孜藏族自治州,理塘县,513334,101.962700,30.050700
中国,四川省,甘孜藏族自治州,巴塘县,513335,101.962700,30.050700
中国,四川省,甘孜藏族自治州,乡城县,513336,101.962700,30.050700
中国,四川省,甘孜藏族自治州,稻城县,513337,101.962700,30.050700
中国,四川省,甘孜藏族自治州,得荣县,513338,101.962700,30.050700
中国,四川省,凉山彝族自治州,西昌市,513401,102.267500,27.881600
中国,四川省,凉山彝族自治州,会理市,513402,102.267500,27.881600
中国,四川省,凉山彝族自治州,木里藏族自治县,513422,102.267500,27.881600
中国,四川省,凉山彝族自治州,盐源县,513423,102.267500,27.881600
中国,四川省,凉山彝族自治州,德昌县,513424,102.267500,27.881600
中国,四川省,凉山彝族自治州,会东县,513426,102.267500,27.881600
中国,四川省,凉山彝族自治州,宁南县,513427,102.267500,27.881600
中国,四川省,凉山彝族自治州,普格县,513428,102.267500,27.881600
中国,四川省,凉山彝族自治州,布拖县,513429,102.267500,27.881600
中国,四川省,凉山彝族自治州,金阳县,513430,102.267500,27.881600
中国,四川省,凉山彝族自治州,昭觉县,513431,102.267500,27.881600
中国,四川省,凉山彝族自治州,喜德县,513432,102.267500,27.881600
中国,四川省,凉山彝族自治州,冕宁县,513433,102.267500,27.881600
中国,四川省,凉山彝族自治州,越西县,513434,102.267500,27.881600
中国,四川省,凉山彝族自治州,甘洛县,513435,102.267500,27.881600
中国,四川省,凉山彝族自治州,美姑县,513436,102.267500,27.881600
中国,四川省,凉山彝族自治州,雷波县,513437,102.267500,27.881600
中国,贵州省,贵阳市,南明区,520102,106.630200,26.647700
中国,贵州省,贵阳市,云岩区,520103,106.630200,26.647700
中国,贵州省,贵阳市,花溪区,520111,106.630200,26.647700
中国,贵州省,贵阳市,乌当区,520112,106.630200,26.647700
中国,贵州省,贵阳市,白云区,520113,106.630200,26.647700
中国,贵州省,贵阳市,观山湖区,520115,106.630200,26.647700
中国,贵州省,贵阳市,开阳县,520121,106.630200,26.647700
中国,贵州省,贵阳市,息烽县,520122,106.630200,26.647700
中国,贵州省,贵阳市,修文县,520123,106.630200,26.647700
中国,贵州省,贵阳市,清镇市,520181,106.630200,26.647700
中国,贵州省,六盘水市,钟山区,520201,104.830600,26.593300
中国,贵州省,六盘水市,六枝特区,520203,104.830600,26.593300
中国,贵州省,六盘水市,水城区,520204,104.830600,26.593300
中国,贵州省,六盘水市,盘州市,520281,104.830600,26.593300
中国,贵州省,遵义市,红花岗区,520302,106.927400,27.725500
中国,贵州省,遵义市,汇川区,520303,106.927400,27.725500
中国,贵州省,遵义市,播州区,520304,106.927400,27.725500
中国,贵州省,遵义市,桐梓县,520322,106.927400,27.725500
中国,贵州省,遵义市,绥阳县,520323,106.927400,27.725500
中国,贵州省,遵义市,正安县,520324,106.927400,27.725500
中国,贵州省,遵义市,道真仡佬族苗族自治县,520325,106.927400,27.725500
中国,贵州省,遵义市,务川仡佬族苗族自治县,520326,106.927400,27.725500
中国,贵州省,遵义市,凤冈县,520327,106.927400,27.725500
中国,贵州省,遵义市,湄潭县,520328,106.927400,27.725500
中国,贵州省,遵义市,余庆县,520329,106.927400,27.725500
中国,贵州省,遵义市,习水县,520330,106.927400,27.725500
中国,贵州省,遵义市,赤水市,520381,106.927400,27.725500
中国,贵州省,遵义市,仁怀市,520382,106.927400,27.725500
中国,贵州省,安顺市,西秀区,520402,105.932200,26.253000
中国,贵州省,安顺市,平坝区,520403,105.932200,26.253000
中国,贵州省,安顺市,普定县,520422,105.932200,26.253000
中国,贵州省,安顺市,镇宁布依族苗族自治县,520423,105.932200,26.253000
中国,贵州省,安顺市,关岭布依族苗族自治县,520424,105.932200,26.253000
中国,贵州省,安顺市,紫云苗族布依族自治县,520425,105.932200,26.253000
中国,贵州省,毕节市,七星关区,520502,105.285300,27.284800
中国,贵州省,毕节市,大方县,520521,105.285300,27.284800
中国,贵州省,毕节市,金沙县,520523,105.285300,27.284800
中国,贵州省,毕节市,织金县,520524,105.285300,27.284800
中国,贵州省,毕节市,纳雍县,520525,105.285300,27.284800
中国,贵州省,毕节市,威宁彝族回族苗族自治县,520526,105.285300,27.284800
中国,贵州省,毕节市,赫章县,520527,105.285300,27.284800
中国,贵州省,毕节市,黔西市,520581,105.285300,27.284800
中国,贵州省,铜仁市,碧江区,520602,109.189400,27.731800
中国,贵州省,铜仁市,万山区,520603,109.189400,27.731800
中国,贵州省,铜仁市,江口县,520621,109.189400,27.731800
中国,贵州省,铜仁市,玉屏侗族自治县,520622,109.189400,27.731800
中国,贵州省,铜仁市,石阡县,520623,109.189400,27.731800
中国,贵州省,铜仁市,思南县,520624,109.189400,27.731800
中国,贵州省,铜仁市,印江土家族苗族自治县,520625,109.189400,27.731800
中国,贵州省,铜仁市,德江县,520626,109.189400,27.731800
中国,贵州省,铜仁市,沿河土家族自治县,520627,109.189400,27.731800
中国,贵州省,铜仁市,松桃苗族自治县,520628,109.189400,27.731800
中国,贵州省,黔西南布依族苗族自治州,兴义市,522301,104.905500,25.088500
中国,贵州省,黔西南布依族苗族自治州,兴仁市,522302,104.905500,25.088500
中国,贵州省,黔西南布依族苗族自治州,普安县,522323,104.905500,25.088500
中国,贵州省,黔西南布依族苗族自治州,晴隆县,522324,104.905500,25.088500
中国,贵州省,黔西南布依族苗族自治州,贞丰县,522325,104.905500,25.088500
中国,贵州省,黔西南布依族苗族自治州,望谟县,522326,104.905500,25.088500
中国,贵州省,黔西南布依族苗族自治州,册亨县,522327,104.905500,25.088500
中国,贵州省,黔西南布依族苗族自治州,安龙县,522328,104.905500,25.088500
中国,贵州省,黔东南苗族侗族自治州,凯里市,522601,107.982300,26.583700
中国,贵州省,黔东南苗族侗族自治州,黄平县,522622,107.982300,26.583700
中国,贵州省,黔东南苗族侗族自治州,施秉县,522623,107.982300,26.583700
中国,贵州省,黔东南苗族侗族自治州,三穗县,522624,107.982300,26.583700
中国,贵州省,黔东南苗族侗族自治州,镇远县,522625,107.982300,26.583700
中国,贵州省,黔东南苗族侗族自治州,岑巩县,522626,107.982300,26.583700
中国,贵州省,黔东南苗族侗族自治州,天柱县,522627,107.982300,26.583700
中国,贵州省,黔东南苗族侗族自治州,锦屏县,522628,107.982300,26.583700
中国,贵州省,黔东南苗族侗族自治州,剑河县,522629,107.982300,26.583700
中国,贵州省,黔东南苗族侗族自治州,台江县,522630,107.982300,26.583700
中国,贵州省,黔东南苗族侗族自治州,黎平县,522631,107.982300,26.583700
中国,贵州省,黔东南苗族侗族自治州,榕江县,522632,107.982300,26.583700
中国,贵州省,黔东南苗族侗族自治州,从江县,522633,107.982300,26.583700
中国,贵州省,黔东南苗族侗族自治州,雷山县,522634,107.982300,26.583700
中国,贵州省,黔东南苗族侗族自治州,麻江县,522635,107.982300,26.583700
中国,贵州省,黔东南苗族侗族自治州,丹寨县,522636,107.982300,26.583700
中国,贵州省,黔南布依族苗族自治州,都匀市,522701,107.522900,26.253200
中国,贵州省,黔南布依族苗族自治州,福泉市,522702,107.522900,26.253200
中国,贵州省,黔南布依族苗族自治州,荔波县,522722,107.522900,26.253200
中国,贵州省,黔南布依族苗族自治州,贵定县,522723,107.522900,26.253200
中国,贵州省,黔南布依族苗族自治州,瓮安县,522725,107.522900,26.253200
中国,贵州省,黔南布依族苗族自治州,独山县,522726,107.522900,26.253200
中国,贵州省,黔南布依族苗族自治州,平塘县,522727,107.522900,26.253200
中国,贵州省,黔南布依族苗族自治州,罗甸县,522728,107.522900,26.253200
中国,贵州省,黔南布依族苗族自治州,长顺县,522729,107.522900,26.253200
中国,贵州省,黔南布依族苗族自治州,龙里县,522730,107.522900,26.253200
中国,贵州省,黔南布依族苗族自治州,惠水县,522731,107.522900,26.253200
中国,贵州省,黔南布依族苗族自治州,三都水族自治县,522732,107.522900,26.253200
中国,云南省,昆明市,五华区,530102,102.832900,24.880200
中国,云南省,昆明市,盘龙区,530103,102.832900,24.880200
中国,云南省,昆明市,官渡区,530111,102.832900,24.880200
中国,云南省,昆明市,西山区,530112,102.832900,24.880200
中国,云南省,昆明市,东川区,530113,102.832900,24.880200
中国,云南省,昆明市,呈贡区,530114,102.832900,24.880200
中国,云南省,昆明市,晋宁区,530115,102.832900,24.880200
中国,云南省,昆明市,富民县,530124,102.832900,24.880200
中国,云南省,昆明市,宜良县,530125,102.832900,24.880200
中国,云南省,昆明市,石林彝族自治县,530126,102.832900,24.880200
中国,云南省,昆明市,嵩明县,530127,102.832900,24.880200
中国,云南省,昆明市,禄劝彝族苗族自治县,530128,102.832900,24.880200
中国,云南省,昆明市,寻甸回族彝族自治县,530129,102.832900,24.880200
中国,云南省,昆明市,安宁市,530181,102.832900,24.880200
中国,云南省,曲靖市,麒麟区,530302,103.796200,25.490300
中国,云南省,曲靖市,沾益区,530303,103.796200,25.490300
中国,云南省,曲靖市,马龙区,530304,103.796200,25.490300
中国,云南省,曲靖市,陆良县,530322,103.796200,25.490300
中国,云南省,曲靖市,师宗县,530323,103.796200,25.490300
中国,云南省,曲靖市,罗平县,530324,103.796200,25.490300
中国,云南省,曲靖市,富源县,530325,103.796200,25.490300
中国,云南省,曲靖市,会泽县,530326,103.796200,25.490300
中国,云南省,曲靖市,宣威市,530381,103.796200,25.490300
中国,云南省,玉溪市,红塔区,530402,102.546700,24.352200
中国,云南省,玉溪市,江川区,530403,102.546700,24.352200
中国,云南省,玉溪市,通海县,530423,102.546700,24.352200
中国,云南省,玉溪市,华宁县,530424,102.546700,24.352200
中国,云南省,玉溪市,易门县,530425,102.546700,24.352200
中国,云南省,玉溪市,峨山彝族自治县,530426,102.546700,24.352200
中国,云南省,玉溪市,新平彝族傣族自治县,530427,102.546700,24.352200
中国,云南省,玉溪市,元江哈尼族彝族傣族自治县,530428,102.546700,24.352200
中国,云南省,玉溪市,澄江市,530481,102.546700,24.352200
中国,云南省,保山市,隆阳区,530502,99.161800,25.112100
中国,云南省,保山市,施甸县,530521,99.161800,25.112100
中国,云南省,保山市,龙陵县,530523,99.161800,25.112100
中国,云南省,保山市,昌宁县,530524,99.161800,25.112100
中国,云南省,保山市,腾冲市,530581,99.161800,25.112100
中国,云南省,昭通市,昭阳区,530602,103.717400,27.338500
中国,云南省,昭通市,鲁甸县,530621,103.717400,27.338500
中国,云南省,昭通市,巧家县,530622,103.717400,27.338500
中国,云南省,昭通市,盐津县,530623,103.717400,27.338500
中国,云南省,昭通市,大关县,530624,103.717400,27.338500
中国,云南省,昭通市,永善县,530625,103.717400,27.338500
中国,云南省,昭通市,绥江县,530626,103.717400,27.338500
中国,云南省,昭通市,镇雄县,530627,103.717400,27.338500
中国,云南省,昭通市,彝良县,530628,103.717400,27.338500
中国,云南省,昭通市,威信县,530629,103.717400,27.338500
中国,云南省,昭通市,水富市,530681,103.717400,27.338500
中国,云南省,丽江市,古城区,530702,100.227300,26.855100
中国,云南省,丽江市,玉龙纳西族自治县,530721,100.227300,26.855100
中国,云南省,丽江市,永胜县,530722,100.227300,26.855100
中国,云南省,丽江市,华坪县,530723,100.227300,26.855100
中国,云南省,丽江市,宁蒗彝族自治县,530724,100.227300,26.855100
中国,云南省,普洱市,思茅区,530802,100.966400,22.786400
中国,云南省,普洱市,宁洱哈尼族彝族自治县,530821,100.966400,22.786400
中国,云南省,普洱市,墨江哈尼族自治县,530822,100.966400,22.786400
中国,云南省,普洱市,景东彝族自治县,530823,100.966400,22.786400
中国,云南省,普洱市,景谷傣族彝族自治县,530824,100.966400,22.786400
中国,云南省,普洱市,镇沅彝族哈尼族拉祜族自治县,530825,100.966400,22.786400
中国,云南省,普洱市,江城哈尼族彝族自治县,530826,100.966400,22.786400
中国,云南省,普洱市,孟连傣族拉祜族佤族自治县,530827,100.966400,22.786400
中国,云南省,普洱市,澜沧拉祜族自治县,530828,100.966400,22.786400
中国,云南省,普洱市,西盟佤族自治县,530829,100.966400,22.786400
中国,云南省,临沧市,临翔区,530902,100.089200,23.884300
中国,云南省,临沧市,凤庆县,530921,100.089200,23.884300
中国,云南省,临沧市,云县,530922,100.089200,23.884300
中国,云南省,临沧市,永德县,530923,100.089200,23.884300
中国,云南省,临沧市,镇康县,530924,100.089200,23.884300
中国,云南省,临沧市,双江拉祜族佤族布朗族傣族自治县,530925,100.089200,23.884300
中国,云南省,临沧市,耿马傣族佤族自治县,530926,100.089200,23.884300
中国,云南省,临沧市,沧源佤族自治县,530927,100.089200,23.884300
中国,云南省,楚雄彝族自治州,楚雄市,532301,101.528100,25.045100
中国,云南省,楚雄彝族自治州,禄丰市,532302,101.528100,25.045100
中国,云南省,楚雄彝族自治州,双柏县,532322,101.528100,25.045100
中国,云南省,楚雄彝族自治州,牟定县,532323,101.528100,25.045100
中国,云南省,楚雄彝族自治州,南华县,532324,101.528100,25.045100
中国,云南省,楚雄彝族自治州,姚安县,532325,101.528100,25.045100
中国,云南省,楚雄彝族自治州,大姚县,532326,101.528100,25.045100
中国,云南省,楚雄彝族自治州,永仁县,532327,101.528100,25.045100
中国,云南省,楚雄彝族自治州,元谋县,532328,101.528100,25.045100
中国,云南省,楚雄彝族自治州,武定县,532329,101.528100,25.045100
中国,云南省,红河哈尼族彝族自治州,个旧市,532501,103.375300,23.363800
中国,云南省,红河哈尼族彝族自治州,开远市,532502,103.375300,23.363800
中国,云南省,红河哈尼族彝族自治州,蒙自市,532503,103.375300,23.363800
中国,云南省,红河哈尼族彝族自治州,弥勒市,532504,103.375300,23.363800
中国,云南省,红河哈尼族彝族自治州,屏边苗族自治县,532523,103.375300,23.363800
中国,云南省,红河哈尼族彝族自治州,建水县,532524,103.375300,23.363800
中国,云南省,红河哈尼族彝族自治州,石屏县,532525,103.375300,23.363800
中国,云南省,红河哈尼族彝族自治州,泸西县,532527,103.375300,23.363800
中国,云南省,红河哈尼族彝族自治州,元阳县,532528,103.375300,23.363800
中国,云南省,红河哈尼族彝族自治州,红河县,532529,103.375300,23.363800
中国,云南省,红河哈尼族彝族自治州,金平苗族瑶族傣族自治县,532530,103.375300,23.363800
中国,云南省,红河哈尼族彝族自治州,绿春县,532531,103.375300,23.363800
中国,云南省,红河哈尼族彝族自治州,河口瑶族自治县,532532,103.375300,23.363800
中国,云南省,文山壮族苗族自治州,文山市,532601,104.215200,23.398700
中国,云南省,文山壮族苗族自治州,砚山县,532622,104.215200,23.398700
中国,云南省,文山壮族苗族自治州,西畴县,532623,104.215200,23.398700
中国,云南省,文山壮族苗族自治州,麻栗坡县,532624,104.215200,23.398700
中国,云南省,文山壮族苗族自治州,马关县,532625,104.215200,23.398700
中国,云南省,文山壮族苗族自治州,丘北县,532626,104.215200,23.398700
中国,云南省,文山壮族苗族自治州,广南县,532627,104.215200,23.398700
中国,云南省,文山壮族苗族自治州,富宁县,532628,104.215200,23.398700
中国,云南省,西双版纳傣族自治州,景洪市,532801,100.797400,22.007700
中国,云南省,西双版纳傣族自治州,勐海县,532822,100.797400,22.007700
中国,云南省,西双版纳傣族自治州,勐腊县,532823,100.797400,22.007700
中国,云南省,大理白族自治州,大理市,532901,100.191600,25.606700
中国,云南省,大理白族自治州,漾濞彝族自治县,532922,100.191600,25.606700
中国,云南省,大理白族自治州,祥云县,532923,100.191600,25.606700
中国,云南省,大理白族自治州,宾川县,532924,100.191600,25.606700
中国,云南省,大理白族自治州,弥渡县,532925,100.191600,25.606700
中国,云南省,大理白族自治州,南涧彝族自治县,532926,100.191600,25.606700
中国,云南省,大理白族自治州,巍山彝族回族自治县,532927,100.191600,25.606700
中国,云南省,大理白族自治州,永平县,532928,100.191600,25.606700
中国,云南省,大理白族自治州,云龙县,532929,100.191600,25.606700
中国,云南省,大理白族自治州,洱源县,532930,100.191600,25.606700
中国,云南省,大理白族自治州,剑川县,532931,100.191600,25.606700
中国,云南省,大理白族自治州,鹤庆县,532932,100.191600,25.606700
中国,云南省,德宏傣族景颇族自治州,瑞丽市,533102,98.584900,24.433300
中国,云南省,德宏傣族景颇族自治州,芒市,533103,98.584900,24.433300
中国,云南省,德宏傣族景颇族自治州,梁河县,533122,98.584900,24.433300
中国,云南省,德宏傣族景颇族自治州,盈江县,533123,98.584900,24.433300
中国,云南省,德宏傣族景颇族自治州,陇川县,533124,98.584900,24.433300
中国,云南省,怒江傈僳族自治州,泸水市,533301,98.853700,25.860700
中国,云南省,怒江傈僳族自治州,福贡县,533323,98.853700,25.860700
中国,云南省,怒江傈僳族自治州,贡山独龙族怒族自治县,533324,98.853700,25.860700
中国,云南省,怒江傈僳族自治州,兰坪白族普米族自治县,533325,98.853700,25.860700
中国,云南省,迪庆藏族自治州,香格里拉市,533401,99.700600,27.831200
中国,云南省,迪庆藏族自治州,德钦县,533422,99.700600,27.831200
中国,云南省,迪庆藏族自治州,维西傈僳族自治县,533423,99.700600,27.831200
中国,西藏自治区,拉萨市,城关区,540102,91.132400,29.660100
中国,西藏自治区,拉萨市,堆龙德庆区,540103,91.132400,29.660100
中国,西藏自治区,拉萨市,达孜区,540104,91.132400,29.660100
中国,西藏自治区,拉萨市,林周县,540121,91.132400,29.660100
中国,西藏自治区,拉萨市,当雄县,540122,91.132400,29.660100
中国,西藏自治区,拉萨市,尼木县,540123,91.132400,29.660100
中国,西藏自治区,拉萨市,曲水县,540124,91.132400,29.660100
中国,西藏自治区,拉萨市,墨竹工卡县,540127,91.132400,29.660100
中国,西藏自治区,拉萨市,格尔木藏青工业园区,540171,91.132400,29.660100
中国,西藏自治区,拉萨市,拉萨经济技术开发区,540172,91.132400,29.660100
中国,西藏自治区,拉萨市,西藏文化旅游创意园区,540173,91.132400,29.660100
中国,西藏自治区,拉萨市,达孜工业园区,540174,91.132400,29.660100
中国,西藏自治区,日喀则市,桑珠孜区,540202,88.880500,29.267300
中国,西藏自治区,日喀则市,南木林县,540221,88.880500,29.267300
中国,西藏自治区,日喀则市,江孜县,540222,88.880500,29.267300
中国,西藏自治区,日喀则市,定日县,540223,88.880500,29.267300
中国,西藏自治区,日喀则市,萨迦县,540224,88.880500,29.267300
中国,西藏自治区,日喀则市,拉孜县,540225,88.880500,29.267300
中国,西藏自治区,日喀则市,昂仁县,540226,88.880500,29.267300
中国,西藏自治区,日喀则市,谢通门县,540227,88.880500,29.267300
中国,西藏自治区,日喀则市,白朗县,540228,88.880500,29.267300
中国,西藏自治区,日喀则市,仁布县,540229,88.880500,29.267300
中国,西藏自治区,日喀则市,康马县,540230,88.880500,29.267300
中国,西藏自治区,日喀则市,定结县,540231,88.880500,29.267300
中国,西藏自治区,日喀则市,仲巴县,540232,88.880500,29.267300
中国,西藏自治区,日喀则市,亚东县,540233,88.880500,29.267300
中国,西藏自治区,日喀则市,吉隆县,540234,88.880500,29.267300
中国,西藏自治区,日喀则市,聂拉木县,540235,88.880500,29.267300
中国,西藏自治区,日喀则市,萨嘎县,540236,88.880500,29.267300
中国,西藏自治区,日喀则市,岗巴县,540237,88.880500,29.267300
中国,西藏自治区,昌都市,卡若区,540302,97.172400,31.140700
中国,西藏自治区,昌都市,江达县,540321,97.172400,31.140700
中国,西藏自治区,昌都市,贡觉县,540322,97.172400,31.140700
中国,西藏自治区,昌都市,类乌齐县,540323,97.172400,31.140700
中国,西藏自治区,昌都市,丁青县,540324,97.172400,31.140700
中国,西藏自治区,昌都市,察雅县,540325,97.172400,31.140700
中国,西藏自治区,昌都市,八宿县,540326,97.172400,31.140700
中国,西藏自治区,昌都市,左贡县,540327,97.172400,31.140700
中国,西藏自治区,昌都市,芒康县,540328,97.172400,31.140700
中国,西藏自治区,昌都市,洛隆县,540329,97.172400,31.140700
中国,西藏自治区,昌都市,边坝县,540330,97.172400,31.140700
中国,西藏自治区,林芝市,巴宜区,540402,94.361900,29.649500
中国,西藏自治区,林芝市,工布江达县,540421,94.361900,29.649500
中国,西藏自治区,林芝市,墨脱县,540423,94.361900,29.649500
中国,西藏自治区,林芝市,波密县,540424,94.361900,29.649500
中国,西藏自治区,林芝市,察隅县,540425,94.361900,29.649500
中国,西藏自治区,林芝市,朗县,540426,94.361900,29.649500
中国,西藏自治区,林芝市,米林市,540481,94.361900,29.649500
中国,西藏自治区,山南市,乃东区,540502,91.766700,29.236200
中国,西藏自治区,山南市,扎囊县,540521,91.766700,29.236200
中国,西藏自治区,山南市,贡嘎县,540522,91.766700,29.236200
中国,西藏自治区,山南市,桑日县,540523,91.766700,29.236200
中国,西藏自治区,山南市,琼结县,540524,91.766700,29.236200
中国,西藏自治区,山南市,曲松县,540525,91.766700,29.236200
中国,西藏自治区,山南市,措美县,540526,91.766700,29.236200
中国,西藏自治区,山南市,洛扎县,540527,91.766700,29.236200
中国,西藏自治区,山南市,加查县,540528,91.766700,29.236200
中国,西藏自治区,山南市,隆子县,540529,91.766700,29.236200
中国,西藏自治区,山南市,浪卡子县,540531,91.766700,29.236200
中国,西藏自治区,山南市,错那市,540581,91.766700,29.236200
中国,西藏自治区,那曲市,色尼区,540602,92.051500,31.476700
中国,西藏自治区,那曲市,嘉黎县,540621,92.051500,31.476700
中国,西藏自治区,那曲市,比如县,540622,92.051500,31.476700
中国,西藏自治区,那曲市,聂荣县,540623,92.051500,31.476700
中国,西藏自治区,那曲市,安多县,540624,92.051500,31.476700
中国,西藏自治区,那曲市,申扎县,540625,92.051500,31.476700
中国,西藏自治区,那曲市,索县,540626,92.051500,31.476700
中国,西藏自治区,那曲市,班戈县,540627,92.051500,31.476700
中国,西藏自治区,那曲市,巴青县,540628,92.051500,31.476700
中国,西藏自治区,那曲市,尼玛县,540629,92.051500,31.476700
中国,西藏自治区,那曲市,双湖县,540630,92.051500,31.476700
中国,西藏自治区,阿里地区,普兰县,542521,80.105700,32.503100
中国,西藏自治区,阿里地区,札达县,542522,80.105700,32.503100
中国,西藏自治区,阿里地区,噶尔县,542523,80.105700,32.503100
中国,西藏自治区,阿里地区,日土县,542524,80.105700,32.503100
中国,西藏自治区,阿里地区,革吉县,542525,80.105700,32.503100
中国,西藏自治区,阿里地区,改则县,542526,80.105700,32.503100
中国,西藏自治区,阿里地区,措勤县,542527,80.105700,32.503100
中国,陕西省,西安市,新城区,610102,108.939800,34.343200
中国,陕西省,西安市,碑林区,610103,108.939800,34.343200
中国,陕西省,西安市,莲湖区,610104,108.939800,34.343200
中国,陕西省,西安市,灞桥区,610111,108.939800,34.343200
中国,陕西省,西安市,未央区,610112,108.939800,34.343200
中国,陕西省,西安市,雁塔区,610113,108.939800,34.343200
中国,陕西省,西安市,阎良区,610114,108.939800,34.343200
中国,陕西省,西安市,临潼区,610115,108.939800,34.343200
中国,陕西省,西安市,长安区,610116,108.939800,34.343200
中国,陕西省,西安市,高陵区,610117,108.939800,34.343200
中国,陕西省,西安市,鄠邑区,610118,108.939800,34.343200
中国,陕西省,西安市,蓝田县,610122,108.939800,34.343200
中国,陕西省,西安市,周至县,610124,108.939800,34.343200
中国,陕西省,铜川市,王益区,610202,108.945600,34.908400
中国,陕西省,铜川市,印台区,610203,108.945600,34.908400
中国,陕西省,铜川市,耀州区,610204,108.945600,34.908400
中国,陕西省,铜川市,宜君县,610222,108.945600,34.908400
中国,陕西省,宝鸡市,渭滨区,610302,107.236800,34.361400
中国,陕西省,宝鸡市,金台区,610303,107.236800,34.361400
中国,陕西省,宝鸡市,陈仓区,610304,107.236800,34.361400
中国,陕西省,宝鸡市,凤翔区,610305,107.236800,34.361400
中国,陕西省,宝鸡市,岐山县,610323,107.236800,34.361400
中国,陕西省,宝鸡市,扶风县,610324,107.236800,34.361400
中国,陕西省,宝鸡市,眉县,610326,107.236800,34.361400
中国,陕西省,宝鸡市,陇县,610327,107.236800,34.361400
中国,陕西省,宝鸡市,千阳县,610328,107.236800,34.361400
中国,陕西省,宝鸡市,麟游县,610329,107.236800,34.361400
中国,陕西省,宝鸡市,凤县,610330,107.236800,34.361400
中国,陕西省,宝鸡市,太白县,610331,107.236800,34.361400
中国,陕西省,咸阳市,秦都区,610402,108.708900,34.329600
中国,陕西省,咸阳市,杨陵区,610403,108.708900,34.329600
中国,陕西省,咸阳市,渭城区,610404,108.708900,34.329600
中国,陕西省,咸阳市,三原县,610422,108.708900,34.329600
中国,陕西省,咸阳市,泾阳县,610423,108.708900,34.329600
中国,陕西省,咸阳市,乾县,610424,108.708900,34.329600
中国,陕西省,咸阳市,礼泉县,610425,108.708900,34.329600
中国,陕西省,咸阳市,永寿县,610426,108.708900,34.329600
中国,陕西省,咸阳市,长武县,610428,108.708900,34.329600
中国,陕西省,咸阳市,旬邑县,610429,108.708900,34.329600
中国,陕西省,咸阳市,淳化县,610430,108.708900,34.329600
中国,陕西省,咸阳市,武功县,610431,108.708900,34.329600
中国,陕西省,咸阳市,兴平市,610481,108.708900,34.329600
中国,陕西省,咸阳市,彬州市,610482,108.708900,34.329600
中国,陕西省,渭南市,临渭区,610502,109.509800,34.499800
中国,陕西省,渭南市,华州区,610503,109.509800,34.499800
中国,陕西省,渭南市,潼关县,610522,109.509800,34.499800
中国,陕西省,渭南市,大荔县,610523,109.509800,34.499800
中国,陕西省,渭南市,合阳县,610524,109.509800,34.499800
中国,陕西省,渭南市,澄城县,610525,109.509800,34.499800
中国,陕西省,渭南市,蒲城县,610526,109.509800,34.499800
中国,陕西省,渭南市,白水县,610527,109.509800,34.499800
中国,陕西省,渭南市,富平县,610528,109.509800,34.499800
中国,陕西省,渭南市,韩城市,610581,109.509800,34.499800
中国,陕西省,渭南市,华阴市,610582,109.509800,34.499800
中国,陕西省,延安市,宝塔区,610602,109.490100,36.596500
中国,陕西省,延安市,安塞区,610603,109.490100,36.596500
中国,陕西省,延安市,延长县,610621,109.490100,36.596500
中国,陕西省,延安市,延川县,610622,109.490100,36.596500
中国,陕西省,延安市,志丹县,610625,109.490100,36.596500
中国,陕西省,延安市,吴起县,610626,109.490100,36.596500
中国,陕西省,延安市,甘泉县,610627,109.490100,36.596500
中国,陕西省,延安市,富县,610628,109.490100,36.596500
中国,陕西省,延安市,洛川县,610629,109.490100,36.596500
中国,陕西省,延安市,宜川县,610630,109.490100,36.596500
中国,陕西省,延安市,黄龙县,610631,109.490100,36.596500
中国,陕西省,延安市,黄陵县,610632,109.490100,36.596500
中国,陕西省,延安市,子长市,610681,109.490100,36.596500
中国,陕西省,汉中市,汉台区,610702,107.023300,33.067800
中国,陕西省,汉中市,南郑区,610703,107.023300,33.067800
中国,陕西省,汉中市,城固县,610722,107.023300,33.067800
中国,陕西省,汉中市,洋县,610723,107.023300,33.067800
中国,陕西省,汉中市,西乡县,610724,107.023300,33.067800
中国,陕西省,汉中市,勉县,610725,107.023300,33.067800
中国,陕西省,汉中市,宁强县,610726,107.023300,33.067800
中国,陕西省,汉中市,略阳县,610727,107.023300,33.067800
中国,陕西省,汉中市,镇巴县,610728,107.023300,33.067800
中国,陕西省,汉中市,留坝县,610729,107.023300,33.067800
中国,陕西省,汉中市,佛坪县,610730,107.023300,33.067800
中国,陕西省,榆林市,榆阳区,610802,109.734600,38.279400
中国,陕西省,榆林市,横山区,610803,109.734600,38.279400
中国,陕西省,榆林市,府谷县,610822,109.734600,38.279400
中国,陕西省,榆林市,靖边县,610824,109.734600,38.279400
中国,陕西省,榆林市,定边县,610825,109.734600,38.279400
中国,陕西省,榆林市,绥德县,610826,109.734600,38.279400
中国,陕西省,榆林市,米脂县,610827,109.734600,38.279400
中国,陕西省,榆林市,佳县,610828,109.734600,38.279400
中国,陕西省,榆林市,吴堡县,610829,109.734600,38.279400
中国,陕西省,榆林市,清涧县,610830,109.734600,38.279400
中国,陕西省,榆林市,子洲县,610831,109.734600,38.279400
中国,陕西省,榆林市,神木市,610881,109.734600,38.279400
中国,陕西省,安康市,汉滨区,610902,109.029000,32.683200
中国,陕西省,安康市,汉阴县,610921,109.029000,32.683200
中国,陕西省,安康市,石泉县,610922,109.029000,32.683200
中国,陕西省,安康市,宁陕县,610923,109.029000,32.683200
中国,陕西省,安康市,紫阳县,610924,109.029000,32.683200
中国,陕西省,安康市,岚皋县,610925,109.029000,32.683200
中国,陕西省,安康市,平利县,610926,109.029000,32.683200
中国,陕西省,安康市,镇坪县,610927,109.029000,32.683200
中国,陕西省,安康市,白河县,610929,109.029000,32.683200
中国,陕西省,安康市,旬阳市,610981,109.029000,32.683200
中国,陕西省,商洛市,商州区,611002,109.918500,33.875800
中国,陕西省,商洛市,洛南县,611021,109.918500,33.875800
中国,陕西省,商洛市,丹凤县,611022,109.918500,33.875800
中国,陕西省,商洛市,商南县,611023,109.918500,33.875800
中国,陕西省,商洛市,山阳县,611024,109.918500,33.875800
中国,陕西省,商洛市,镇安县,611025,109.918500,33.875800
中国,陕西省,商洛市,柞水县,611026,109.918500,33.875800
中国,甘肃省,兰州市,城关区,620102,103.834600,36.061300
中国,甘肃省,兰州市,七里河区,620103,103.834600,36.061300
中国,甘肃省,兰州市,西固区,620104,103.834600,36.061300
中国,甘肃省,兰州市,安宁区,620105,103.834600,36.061300
中国,甘肃省,兰州市,红古区,620111,103.834600,36.061300
中国,甘肃省,兰州市,永登县,620121,103.834600,36.061300
中国,甘肃省,兰州市,皋兰县,620122,103.834600,36.061300
中国,甘肃省,兰州市,榆中县,620123,103.834600,36.061300
中国,甘肃省,兰州市,兰州新区,620171,103.834600,36.061300
中国,甘肃省,嘉峪关市,嘉峪关市,620201,98.277300,39.772600
中国,甘肃省,金昌市,金川区,620302,102.188000,38.520300
中国,甘肃省,金昌市,永昌县,620321,102.188000,38.520300
中国,甘肃省,白银市,白银区,620402,104.138500,36.545000
中国,甘肃省,白银市,平川区,620403,104.138500,36.545000
中国,甘肃省,白银市,靖远县,620421,104.138500,36.545000
中国,甘肃省,白银市,会宁县,620422,104.138500,36.545000
中国,甘肃省,白银市,景泰县,620423,104.138500,36.545000
中国,甘肃省,天水市,秦州区,620502,105.725000,34.581200
中国,甘肃省,天水市,麦积区,620503,105.725000,34.581200
中国,甘肃省,天水市,清水县,620521,105.725000,34.581200
中国,甘肃省,天水市,秦安县,620522,105.725000,34.581200
中国,甘肃省,天水市,甘谷县,620523,105.725000,34.581200
中国,甘肃省,天水市,武山县,620524,105.725000,34.581200
中国,甘肃省,天水市,张家川回族自治县,620525,105.725000,34.581200
中国,甘肃省,武威市,凉州区,620602,102.638100,37.928700
中国,甘肃省,武威市,民勤县,620621,102.638100,37.928700
中国,甘肃省,武威市,古浪县,620622,102.638100,37.928700
中国,甘肃省,武威市,天祝藏族自治县,620623,102.638100,37.928700
中国,甘肃省,张掖市,甘州区,620702,100.449700,38.925700
中国,甘肃省,张掖市,肃南裕固族自治县,620721,100.449700,38.925700
中国,甘肃省,张掖市,民乐县,620722,100.449700,38.925700
中国,甘肃省,张掖市,临泽县,620723,100.449700,38.925700
中国,甘肃省,张掖市,高台县,620724,100.449700,38.925700
中国,甘肃省,张掖市,山丹县,620725,100.449700,38.925700
中国,甘肃省,平凉市,崆峒区,620802,106.665300,35.543200
中国,甘肃省,平凉市,泾川县,620821,106.665300,35.543200
中国,甘肃省,平凉市,灵台县,620822,106.665300,35.543200
中国,甘肃省,平凉市,崇信县,620823,106.665300,35.543200
中国,甘肃省,平凉市,庄浪县,620825,106.665300,35.543200
中国,甘肃省,平凉市,静宁县,620826,106.665300,35.543200
中国,甘肃省,平凉市,华亭市,620881,106.665300,35.543200
中国,甘肃省,酒泉市,肃州区,620902,98.494300,39.732400
中国,甘肃省,酒泉市,金塔县,620921,98.494300,39.732400
中国,甘肃省,酒泉市,瓜州县,620922,98.494300,39.732400
中国,甘肃省,酒泉市,肃北蒙古族自治县,620923,98.494300,39.732400
中国,甘肃省,酒泉市,阿克塞哈萨克族自治县,620924,98.494300,39.732400
中国,甘肃省,酒泉市,玉门市,620981,98.494300,39.732400
中国,甘肃省,酒泉市,敦煌市,620982,98.494300,39.732400
中国,甘肃省,庆阳市,西峰区,621002,107.638500,35.709300
中国,甘肃省,庆阳市,庆城县,621021,107.638500,35.709300
中国,甘肃省,庆阳市,环县,621022,107.638500,35.709300
中国,甘肃省,庆阳市,华池县,621023,107.638500,35.709300
中国,甘肃省,庆阳市,合水县,621024,107.638500,35.709300
中国,甘肃省,庆阳市,正宁县,621025,107.638500,35.709300
中国,甘肃省,庆阳市,宁县,621026,107.638500,35.709300
中国,甘肃省,庆阳市,镇原县,621027,107.638500,35.709300
中国,甘肃省,定西市,安定区,621102,104.592300,35.580600
中国,甘肃省,定西市,通渭县,621121,104.592300,35.580600
中国,甘肃省,定西市,陇西县,621122,104.592300,35.580600
中国,甘肃省,定西市,渭源县,621123,104.592300,35.580600
中国,甘肃省,定西市,临洮县,621124,104.592300,35.580600
中国,甘肃省,定西市,漳县,621125,104.592300,35.580600
中国,甘肃省,定西市,岷县,621126,104.592300,35.580600
中国,甘肃省,陇南市,武都区,621202,104.922100,33.400600
中国,甘肃省,陇南市,成县,621221,104.922100,33.400600
中国,甘肃省,陇南市,文县,621222,104.922100,33.400600
中国,甘肃省,陇南市,宕昌县,621223,104.922100,33.400600
中国,甘肃省,陇南市,康县,621224,104.922100,33.400600
中国,甘肃省,陇南市,西和县,621225,104.922100,33.400600
中国,甘肃省,陇南市,礼县,621226,104.922100,33.400600
中国,甘肃省,陇南市,徽县,621227,104.922100,33.400600
中国,甘肃省,陇南市,两当县,621228,104.922100,33.400600
中国,甘肃省,临夏回族自治州,临夏市,622901,103.210400,35.601400
中国,甘肃省,临夏回族自治州,临夏县,622921,103.210400,35.601400
中国,甘肃省,临夏回族自治州,康乐县,622922,103.210400,35.601400
中国,甘肃省,临夏回族自治州,永靖县,622923,103.210400,35.601400
中国,甘肃省,临夏回族自治州,广河县,622924,103.210400,35.601400
中国,甘肃省,临夏回族自治州,和政县,622925,103.210400,35.601400
中国,甘肃省,临夏回族自治州,东乡族自治县,622926,103.210400,35.601400
中国,甘肃省,临夏回族自治州,积石山保安族东乡族撒拉族自治县,622927,103.210400,35.601400
中国,甘肃省,甘南藏族自治州,合作市,623001,102.911700,34.983400
中国,甘肃省,甘南藏族自治州,临潭县,623021,102.911700,34.983400
中国,甘肃省,甘南藏族自治州,卓尼县,623022,102.911700,34.983400
中国,甘肃省,甘南藏族自治州,舟曲县,623023,102.911700,34.983400
中国,甘肃省,甘南藏族自治州,迭部县,623024,102.911700,34.983400
中国,甘肃省,甘南藏族自治州,玛曲县,623025,102.911700,34.983400
中国,甘肃省,甘南藏族自治州,碌曲县,623026,102.911700,34.983400
中国,甘肃省,甘南藏族自治州,夏河县,623027,102.911700,34.983400
中国,青海省,西宁市,城东区,630102,101.778100,36.617200
中国,青海省,西宁市,城中区,630103,101.778100,36.617200
中国,青海省,西宁市,城西区,630104,101.778100,36.617200
中国,青海省,西宁市,城北区,630105,101.778100,36.617200
中国,青海省,西宁市,湟中区,630106,101.778100,36.617200
中国,青海省,西宁市,大通回族土族自治县,630121,101.778100,36.617200
中国,青海省,西宁市,湟源县,630123,101.778100,36.617200
中国,青海省,海东市,乐都区,630202,102.104300,36.502500
中国,青海省,海东市,平安区,630203,102.104300,36.502500
中国,青海省,海东市,民和回族土族自治县,630222,102.104300,36.502500
中国,青海省,海东市,互助土族自治县,630223,102.104300,36.502500
中国,青海省,海东市,化隆回族自治县,630224,102.104300,36.502500
中国,青海省,海东市,循化撒拉族自治县,630225,102.104300,36.502500
中国,青海省,海北藏族自治州,门源回族自治县,632221,100.901300,36.959800
中国,青海省,海北藏族自治州,祁连县,632222,100.901300,36.959800
中国,青海省,海北藏族自治州,海晏县,632223,100.901300,36.959800
中国,青海省,海北藏族自治州,刚察县,632224,100.901300,36.959800
中国,青海省,黄南藏族自治州,同仁市,632301,102.015500,35.519500
中国,青海省,黄南藏族自治州,尖扎县,632322,102.015500,35.519500
中国,青海省,黄南藏族自治州,泽库县,632323,102.015500,35.519500
中国,青海省,黄南藏族自治州,河南蒙古族自治县,632324,102.015500,35.519500
中国,青海省,海南藏族自治州,共和县,632521,100.620200,36.286800
中国,青海省,海南藏族自治州,同德县,632522,100.620200,36.286800
中国,青海省,海南藏族自治州,贵德县,632523,100.620200,36.286800
中国,青海省,海南藏族自治州,兴海县,632524,100.620200,36.286800
中国,青海省,海南藏族自治州,贵南县,632525,100.620200,36.286800
中国,青海省,果洛藏族自治州,玛沁县,632621,100.244700,34.474200
中国,青海省,果洛藏族自治州,班玛县,632622,100.244700,34.474200
中国,青海省,果洛藏族自治州,甘德县,632623,100.244700,34.474200
中国,青海省,果洛藏族自治州,达日县,632624,100.244700,34.474200
中国,青海省,果洛藏族自治州,久治县,632625,100.244700,34.474200
中国,青海省,果洛藏族自治州,玛多县,632626,100.244700,34.474200
中国,青海省,玉树藏族自治州,玉树市,632701,97.008600,33.005300
中国,青海省,玉树藏族自治州,杂多县,632722,97.008600,33.005300
中国,青海省,玉树藏族自治州,称多县,632723,97.008600,33.005300
中国,青海省,玉树藏族自治州,治多县,632724,97.008600,33.005300
中国,青海省,玉树藏族自治州,囊谦县,632725,97.008600,33.005300
中国,青海省,玉树藏族自治州,曲麻莱县,632726,97.008600,33.005300
中国,青海省,海西蒙古族藏族自治州,格尔木市,632801,97.370600,37.378100
中国,青海省,海西蒙古族藏族自治州,德令哈市,632802,97.370600,37.378100
中国,青海省,海西蒙古族藏族自治州,茫崖市,632803,97.370600,37.378100
中国,青海省,海西蒙古族藏族自治州,乌兰县,632821,97.370600,37.378100
中国,青海省,海西蒙古族藏族自治州,都兰县,632822,97.370600,37.378100
中国,青海省,海西蒙古族藏族自治州,天峻县,632823,97.370600,37.378100
中国,青海省,海西蒙古族藏族自治州,大柴旦行政委员会,632857,97.370600,37.378100
中国,宁夏回族自治区,银川市,兴庆区,640104,106.230800,38.487400
中国,宁夏回族自治区,银川市,西夏区,640105,106.230800,38.487400
中国,宁夏回族自治区,银川市,金凤区,640106,106.230800,38.487400
中国,宁夏回族自治区,银川市,永宁县,640121,106.230800,38.487400
中国,宁夏回族自治区,银川市,贺兰县,640122,106.230800,38.487400
中国,宁夏回族自治区,银川市,灵武市,640181,106.230800,38.487400
中国,宁夏回族自治区,石嘴山市,大武口区,640202,106.376600,38.998700
中国,宁夏回族自治区,石嘴山市,惠农区,640205,106.376600,38.998700
中国,宁夏回族自治区,石嘴山市,平罗县,640221,106.376600,38.998700
中国,宁夏回族自治区,吴忠市,利通区,640302,106.199100,37.997900
中国,宁夏回族自治区,吴忠市,红寺堡区,640303,106.199100,37.997900
中国,宁夏回族自治区,吴忠市,盐池县,640323,106.199100,37.997900
中国,宁夏回族自治区,吴忠市,同心县,640324,106.199100,37.997900
中国,宁夏回族自治区,吴忠市,青铜峡市,640381,106.199100,37.997900
中国,宁夏回族自治区,固原市,原州区,640402,106.242600,36.015600
中国,宁夏回族自治区,固原市,西吉县,640422,106.242600,36.015600
中国,宁夏回族自治区,固原市,隆德县,640423,106.242600,36.015600
中国,宁夏回族自治区,固原市,泾源县,640424,106.242600,36.015600
中国,宁夏回族自治区,固原市,彭阳县,640425,106.242600,36.015600
中国,宁夏回族自治区,中卫市,沙坡头区,640502,105.197000,37.500000
中国,宁夏回族自治区,中卫市,中宁县,640521,105.197000,37.500000
中国,宁夏回族自治区,中卫市,海原县,640522,105.197000,37.500000
中国,新疆维吾尔自治区,乌鲁木齐市,天山区,650102,87.616800,43.825900
中国,新疆维吾尔自治区,乌鲁木齐市,沙依巴克区,650103,87.616800,43.825900
中国,新疆维吾尔自治区,乌鲁木齐市,新市区,650104,87.616800,43.825900
中国,新疆维吾尔自治区,乌鲁木齐市,水磨沟区,650105,87.616800,43.825900
中国,新疆维吾尔自治区,乌鲁木齐市,头屯河区,650106,87.616800,43.825900
中国,新疆维吾尔自治区,乌鲁木齐市,达坂城区,650107,87.616800,43.825900
中国,新疆维吾尔自治区,乌鲁木齐市,米东区,650109,87.616800,43.825900
中国,新疆维吾尔自治区,乌鲁木齐市,乌鲁木齐县,650121,87.616800,43.825900
中国,新疆维吾尔自治区,克拉玛依市,独山子区,650202,84.889300,45.579700
中国,新疆维吾尔自治区,克拉玛依市,克拉玛依区,650203,84.889300,45.579700
中国,新疆维吾尔自治区,克拉玛依市,白碱滩区,650204,84.889300,45.579700
中国,新疆维吾尔自治区,克拉玛依市,乌尔禾区,650205,84.889300,45.579700
中国,新疆维吾尔自治区,吐鲁番市,高昌区,650402,89.189600,42.951200
中国,新疆维吾尔自治区,吐鲁番市,鄯善县,650421,89.189600,42.951200
中国,新疆维吾尔自治区,吐鲁番市,托克逊县,650422,89.189600,42.951200
中国,新疆维吾尔自治区,哈密市,伊州区,650502,93.514900,42.818500
中国,新疆维吾尔自治区,哈密市,巴里坤哈萨克自治县,650521,93.514900,42.818500
中国,新疆维吾尔自治区,哈密市,伊吾县,650522,93.514900,42.818500
中国,新疆维吾尔自治区,昌吉回族自治州,昌吉市,652301,87.316800,44.014800
中国,新疆维吾尔自治区,昌吉回族自治州,阜康市,652302,87.316800,44.014800
中国,新疆维吾尔自治区,昌吉回族自治州,呼图壁县,652323,87.316800,44.014800
中国,新疆维吾尔自治区,昌吉回族自治州,玛纳斯县,652324,87.316800,44.014800
中国,新疆维吾尔自治区,昌吉回族自治州,奇台县,652325,87.316800,44.014800
中国,新疆维吾尔自治区,昌吉回族自治州,吉木萨尔县,652327,87.316800,44.014800
中国,新疆维吾尔自治区,昌吉回族自治州,木垒哈萨克自治县,652328,87.316800,44.014800
中国,新疆维吾尔自治区,博尔塔拉蒙古自治州,博乐市,652701,82.066600,44.906300
中国,新疆维吾尔自治区,博尔塔拉蒙古自治州,阿拉山口市,652702,82.066600,44.906300
中国,新疆维吾尔自治区,博尔塔拉蒙古自治州,精河县,652722,82.066600,44.906300
中国,新疆维吾尔自治区,博尔塔拉蒙古自治州,温泉县,652723,82.066600,44.906300
中国,新疆维吾尔自治区,巴音郭楞蒙古自治州,库尔勒市,652801,86.174800,41.725500
中国,新疆维吾尔自治区,巴音郭楞蒙古自治州,轮台县,652822,86.174800,41.725500
中国,新疆维吾尔自治区,巴音郭楞蒙古自治州,尉犁县,652823,86.174800,41.725500
中国,新疆维吾尔自治区,巴音郭楞蒙古自治州,若羌县,652824,86.174800,41.725500
中国,新疆维吾尔自治区,巴音郭楞蒙古自治州,且末县,652825,86.174800,41.725500
中国,新疆维吾尔自治区,巴音郭楞蒙古自治州,焉耆回族自治县,652826,86.174800,41.725500
中国,新疆维吾尔自治区,巴音郭楞蒙古自治州,和静县,652827,86.174800,41.725500
中国,新疆维吾尔自治区,巴音郭楞蒙古自治州,和硕县,652828,86.174800,41.725500
中国,新疆维吾尔自治区,巴音郭楞蒙古自治州,博湖县,652829,86.174800,41.725500
中国,新疆维吾尔自治区,阿克苏地区,阿克苏市,652901,80.260800,41.168800
中国,新疆维吾尔自治区,阿克苏地区,库车市,652902,80.260800,41.168800
中国,新疆维吾尔自治区,阿克苏地区,温宿县,652922,80.260800,41.168800
中国,新疆维吾尔自治区,阿克苏地区,沙雅县,652924,80.260800,41.168800
中国,新疆维吾尔自治区,阿克苏地区,新和县,652925,80.260800,41.168800
中国,新疆维吾尔自治区,阿克苏地区,拜城县,652926,80.260800,41.168800
中国,新疆维吾尔自治区,阿克苏地区,乌什县,652927,80.260800,41.168800
中国,新疆维吾尔自治区,阿克苏地区,阿瓦提县,652928,80.260800,41.168800
中国,新疆维吾尔自治区,阿克苏地区,柯坪县,652929,80.260800,41.168800
中国,新疆维吾尔自治区,克孜勒苏柯尔克孜自治州,阿图什市,653001,76.168000,39.716400
中国,新疆维吾尔自治区,克孜勒苏柯尔克孜自治州,阿克陶县,653022,76.168000,39.716400
中国,新疆维吾尔自治区,克孜勒苏柯尔克孜自治州,阿合奇县,653023,76.168000,39.716400
中国,新疆维吾尔自治区,克孜勒苏柯尔克孜自治州,乌恰县,653024,76.168000,39.716400
中国,新疆维吾尔自治区,喀什地区,喀什市,653101,75.989300,39.470500
中国,新疆维吾尔自治区,喀什地区,疏附县,653121,75.989300,39.470500
中国,新疆维吾尔自治区,喀什地区,疏勒县,653122,75.989300,39.470500
中国,新疆维吾尔自治区,喀什地区,英吉沙县,653123,75.989300,39.470500
中国,新疆维吾尔自治区,喀什地区,泽普县,653124,75.989300,39.470500
中国,新疆维吾尔自治区,喀什地区,莎车县,653125,75.989300,39.470500
中国,新疆维吾尔自治区,喀什地区,叶城县,653126,75.989300,39.470500
中国,新疆维吾尔自治区,喀什地区,麦盖提县,653127,75.989300,39.470500
中国,新疆维吾尔自治区,喀什地区,岳普湖县,653128,75.989300,39.470500
中国,新疆维吾尔自治区,喀什地区,伽师县,653129,75.989300,39.470500
中国,新疆维吾尔自治区,喀什地区,巴楚县,653130,75.989300,39.470500
中国,新疆维吾尔自治区,喀什地区,塔什库尔干塔吉克自治县,653131,75.989300,39.470500
中国,新疆维吾尔自治区,和田地区,和田市,653201,79.925200,37.114700
中国,新疆维吾尔自治区,和田地区,和田县,653221,79.925200,37.114700
中国,新疆维吾尔自治区,和田地区,墨玉县,653222,79.925200,37.114700
中国,新疆维吾尔自治区,和田地区,皮山县,653223,79.925200,37.114700
中国,新疆维吾尔自治区,和田地区,洛浦县,653224,79.925200,37.114700
中国,新疆维吾尔自治区,和田地区,策勒县,653225,79.925200,37.114700
中国,新疆维吾尔自治区,和田地区,于田县,653226,79.925200,37.114700
中国,新疆维吾尔自治区,和田地区,民丰县,653227,79.925200,37.114700
中国,新疆维吾尔自治区,伊犁哈萨克自治州,伊宁市,654002,81.278000,43.918800
中国,新疆维吾尔自治区,伊犁哈萨克自治州,奎屯市,654003,81.278000,43.918800
中国,新疆维吾尔自治区,伊犁哈萨克自治州,霍尔果斯市,654004,81.278000,43.918800
中国,新疆维吾尔自治区,伊犁哈萨克自治州,伊宁县,654021,81.278000,43.918800
中国,新疆维吾尔自治区,伊犁哈萨克自治州,察布查尔锡伯自治县,654022,81.278000,43.918800
中国,新疆维吾尔自治区,伊犁哈萨克自治州,霍城县,654023,81.278000,43.918800
中国,新疆维吾尔自治区,伊犁哈萨克自治州,巩留县,654024,81.278000,43.918800
中国,新疆维吾尔自治区,伊犁哈萨克自治州,新源县,654025,81.278000,43.918800
中国,新疆维吾尔自治区,伊犁哈萨克自治州,昭苏县,654026,81.278000,43.918800
中国,新疆维吾尔自治区,伊犁哈萨克自治州,特克斯县,654027,81.278000,43.918800
中国,新疆维吾尔自治区,伊犁哈萨克自治州,尼勒克县,654028,81.278000,43.918800
中国,新疆维吾尔自治区,塔城地区,塔城市,654201,85.627100,46.748500
中国,新疆维吾尔自治区,塔城地区,乌苏市,654202,85.627100,46.748500
中国,新疆维吾尔自治区,塔城地区,沙湾市,654203,85.627100,46.748500
中国,新疆维吾尔自治区,塔城地区,额敏县,654221,85.627100,46.748500
中国,新疆维吾尔自治区,塔城地区,托里县,654224,85.627100,46.748500
中国,新疆维吾尔自治区,塔城地区,裕民县,654225,85.627100,46.748500
中国,新疆维吾尔自治区,塔城地区,和布克赛尔蒙古自治县,654226,85.627100,46.748500
中国,新疆维吾尔自治区,阿勒泰地区,阿勒泰市,654301,88.141200,47.827500
中国,新疆维吾尔自治区,阿勒泰地区,布尔津县,654321,88.141200,47.827500
中国,新疆维吾尔自治区,阿勒泰地区,富蕴县,654322,88.141200,47.827500
中国,新疆维吾尔自治区,阿勒泰地区,福海县,654323,88.141200,47.827500
中国,新疆维吾尔自治区,阿勒泰地区,哈巴河县,654324,88.141200,47.827500
中国,新疆维吾尔自治区,阿勒泰地区,青河县,654325,88.141200,47.827500
中国,新疆维吾尔自治区,阿勒泰地区,吉木乃县,654326,88.141200,47.827500
中国,新疆维吾尔自治区,自治区直辖县级行政区划,石河子市,659001,87.616800,43.825900
中国,新疆维吾尔自治区,自治区直辖县级行政区划,阿拉尔市,659002,87.616800,43.825900
中国,新疆维吾尔自治区,自治区直辖县级行政区划,图木舒克市,659003,87.616800,43.825900
中国,新疆维吾尔自治区,自治区直辖县级行政区划,五家渠市,659004,87.616800,43.825900
中国,新疆维吾尔自治区,自治区直辖县级行政区划,北屯市,659005,87.616800,43.825900
中国,新疆维吾尔自治区,自治区直辖县级行政区划,铁门关市,659006,87.616800,43.825900
中国,新疆维吾尔自治区,自治区直辖县级行政区划,双河市,659007,87.616800,43.825900
中国,新疆维吾尔自治区,自治区直辖县级行政区划,可克达拉市,659008,87.616800,43.825900
中国,新疆维吾尔自治区,自治区直辖县级行政区划,昆玉市,659009,87.616800,43.825900
中国,新疆维吾尔自治区,自治区直辖县级行政区划,胡杨河市,659010,87.616800,43.825900
中国,新疆维吾尔自治区,自治区直辖县级行政区划,新星市,659011,87.616800,43.825900
中国,新疆维吾尔自治区,自治区直辖县级行政区划,白杨市,659012,87.616800,43.825900
