0 verbose cli C:\Program Files\nodejs\node.exe C:\Program Files\nodejs\node_modules\npm\bin\npm-cli.js
1 info using npm@11.13.0
2 info using node@v24.16.0
3 silly config load:file:C:\Program Files\nodejs\node_modules\npm\npmrc
4 silly config load:file:C:\Users\wumoh\Documents\Vibecoding\taichu\frontend\.npmrc
5 silly config load:file:C:\Users\wumoh\.npmrc
6 silly config load:file:C:\Users\wumoh\.npm-global\etc\npmrc
7 verbose title npm install
8 verbose argv "install" "--cache" ".npm-cache"
9 verbose logfile logs-max:10 dir:C:\Users\wumoh\Documents\Vibecoding\taichu\frontend\.npm-cache\_logs\2026-09-05T09_22_35_620Z-
10 verbose logfile C:\Users\wumoh\Documents\Vibecoding\taichu\frontend\.npm-cache\_logs\2026-09-05T09_22_35_620Z-debug-0.log
11 silly logfile done cleaning log files
12 silly packumentCache heap:4496293888 maxSize:1124073472 maxEntrySize:562036736
13 silly idealTree buildDeps
14 silly fetch manifest react@^18.3.1
15 silly packumentCache full:https://registry.npmjs.org/react cache-miss
16 http fetch GET 200 https://registry.npmjs.org/react 8627ms (cache miss)
17 silly packumentCache full:https://registry.npmjs.org/react set size:undefined disposed:false
18 silly fetch manifest react-dom@^18.3.1
19 silly packumentCache full:https://registry.npmjs.org/react-dom cache-miss
20 http fetch GET 200 https://registry.npmjs.org/npm 10687ms
21 http fetch GET 200 https://registry.npmjs.org/react-dom 9866ms (cache miss)
22 silly packumentCache full:https://registry.npmjs.org/react-dom set size:undefined disposed:false
23 silly fetch manifest react-router-dom@^6.28.0
24 silly packumentCache full:https://registry.npmjs.org/react-router-dom cache-miss
25 http fetch GET 200 https://registry.npmjs.org/react-router-dom 4254ms (cache miss)
26 silly packumentCache full:https://registry.npmjs.org/react-router-dom set size:undefined disposed:false
27 silly fetch manifest antd-mobile@^5.38.0
28 silly packumentCache full:https://registry.npmjs.org/antd-mobile cache-miss
29 http fetch GET 200 https://registry.npmjs.org/antd-mobile 2152ms (cache miss)
30 silly packumentCache full:https://registry.npmjs.org/antd-mobile set size:undefined disposed:false
31 silly fetch manifest zustand@^5.0.0
32 silly packumentCache full:https://registry.npmjs.org/zustand cache-miss
33 http fetch GET 200 https://registry.npmjs.org/zustand 1250ms (cache miss)
34 silly packumentCache full:https://registry.npmjs.org/zustand set size:undefined disposed:false
35 silly fetch manifest @types/react@^18.3.0
36 silly packumentCache full:https://registry.npmjs.org/@types%2freact cache-miss
37 http fetch GET 200 https://registry.npmjs.org/@types%2freact 2850ms (cache miss)
38 silly packumentCache full:https://registry.npmjs.org/@types%2freact set size:undefined disposed:false
39 silly fetch manifest immer@>=9.0.6
40 silly packumentCache full:https://registry.npmjs.org/immer cache-miss
41 http fetch GET 200 https://registry.npmjs.org/immer 1787ms (cache miss)
42 silly packumentCache full:https://registry.npmjs.org/immer set size:undefined disposed:false
43 silly fetch manifest use-sync-external-store@>=1.2.0
44 silly packumentCache full:https://registry.npmjs.org/use-sync-external-store cache-miss
45 http fetch GET 200 https://registry.npmjs.org/use-sync-external-store 8676ms (cache miss)
46 silly packumentCache full:https://registry.npmjs.org/use-sync-external-store set size:undefined disposed:false
47 silly fetch manifest @tanstack/react-query@^5.62.0
48 silly packumentCache full:https://registry.npmjs.org/@tanstack%2freact-query cache-miss
49 http fetch GET 200 https://registry.npmjs.org/@tanstack%2freact-query 2252ms (cache miss)
50 silly packumentCache full:https://registry.npmjs.org/@tanstack%2freact-query set size:undefined disposed:false
51 silly fetch manifest axios@^1.7.0
52 silly packumentCache full:https://registry.npmjs.org/axios cache-miss
53 http fetch GET 200 https://registry.npmjs.org/axios 1337ms (cache miss)
54 silly packumentCache full:https://registry.npmjs.org/axios set size:undefined disposed:false
55 silly fetch manifest @types/react-dom@^18.3.0
56 silly packumentCache full:https://registry.npmjs.org/@types%2freact-dom cache-miss
57 http fetch GET 200 https://registry.npmjs.org/@types%2freact-dom 1097ms (cache miss)
58 silly packumentCache full:https://registry.npmjs.org/@types%2freact-dom set size:undefined disposed:false
59 silly fetch manifest @vitejs/plugin-react@^4.3.0
60 silly packumentCache full:https://registry.npmjs.org/@vitejs%2fplugin-react cache-miss
61 http fetch GET 200 https://registry.npmjs.org/@vitejs%2fplugin-react 864ms (cache miss)
62 silly packumentCache full:https://registry.npmjs.org/@vitejs%2fplugin-react set size:undefined disposed:false
63 silly fetch manifest vite@^5.4.0
64 silly packumentCache full:https://registry.npmjs.org/vite cache-miss
65 http fetch GET 200 https://registry.npmjs.org/vite 59216ms (cache miss)
66 silly packumentCache full:https://registry.npmjs.org/vite set size:undefined disposed:false
67 silly fetch manifest @types/node@^18.0.0 || >=20.0.0
68 silly packumentCache full:https://registry.npmjs.org/@types%2fnode cache-miss
69 http fetch GET 200 https://registry.npmjs.org/@types%2fnode 15756ms (cache miss)
70 silly packumentCache full:https://registry.npmjs.org/@types%2fnode set size:undefined disposed:false
71 silly fetch manifest less@*
72 silly packumentCache full:https://registry.npmjs.org/less cache-miss
73 http fetch GET 200 https://registry.npmjs.org/less 2322ms (cache miss)
74 silly packumentCache full:https://registry.npmjs.org/less set size:undefined disposed:false
75 silly fetch manifest lightningcss@^1.21.0
76 silly packumentCache full:https://registry.npmjs.org/lightningcss cache-miss
77 http fetch GET 200 https://registry.npmjs.org/lightningcss 722ms (cache miss)
78 silly packumentCache full:https://registry.npmjs.org/lightningcss set size:undefined disposed:false
79 silly fetch manifest sass@*
80 silly packumentCache full:https://registry.npmjs.org/sass cache-miss
81 http fetch GET 200 https://registry.npmjs.org/sass 5528ms (cache miss)
82 silly packumentCache full:https://registry.npmjs.org/sass set size:undefined disposed:false
83 silly fetch manifest sass-embedded@*
84 silly packumentCache full:https://registry.npmjs.org/sass-embedded cache-miss
85 http fetch GET 200 https://registry.npmjs.org/sass-embedded 1457ms (cache miss)
86 silly packumentCache full:https://registry.npmjs.org/sass-embedded set size:undefined disposed:false
87 silly fetch manifest stylus@*
88 silly packumentCache full:https://registry.npmjs.org/stylus cache-miss
89 http fetch GET 200 https://registry.npmjs.org/stylus 1638ms (cache miss)
90 silly packumentCache full:https://registry.npmjs.org/stylus set size:undefined disposed:false
91 silly fetch manifest sugarss@*
92 silly packumentCache full:https://registry.npmjs.org/sugarss cache-miss
93 http fetch GET 200 https://registry.npmjs.org/sugarss 334ms (cache miss)
94 silly packumentCache full:https://registry.npmjs.org/sugarss set size:undefined disposed:false
95 silly fetch manifest postcss@^8.3.3
96 silly packumentCache full:https://registry.npmjs.org/postcss cache-miss
97 http fetch GET 200 https://registry.npmjs.org/postcss 4640ms (cache miss)
98 silly packumentCache full:https://registry.npmjs.org/postcss set size:undefined disposed:false
99 silly fetch manifest terser@^5.4.0
100 silly packumentCache full:https://registry.npmjs.org/terser cache-miss
101 http fetch GET 200 https://registry.npmjs.org/terser 2414ms (cache miss)
102 silly packumentCache full:https://registry.npmjs.org/terser set size:undefined disposed:false
103 silly fetch manifest typescript@~5.6.0
104 silly packumentCache full:https://registry.npmjs.org/typescript cache-miss
105 http fetch GET 200 https://registry.npmjs.org/typescript 75434ms (cache miss)
106 silly packumentCache full:https://registry.npmjs.org/typescript set size:undefined disposed:false
107 silly placeDep ROOT @tanstack/react-query@5.102.8 OK for: taichu-h5@0.1.0 want: ^5.62.0
108 silly placeDep ROOT react@18.3.1 OK for: @tanstack/react-query@5.102.8 want: ^18 || ^19
109 silly placeDep ROOT @types/react@18.3.31 OK for: taichu-h5@0.1.0 want: ^18.3.0
110 silly placeDep ROOT @types/react-dom@18.3.7 OK for: taichu-h5@0.1.0 want: ^18.3.0
111 silly placeDep ROOT @vitejs/plugin-react@4.7.0 OK for: taichu-h5@0.1.0 want: ^4.3.0
112 silly placeDep ROOT vite@5.4.21 OK for: @vitejs/plugin-react@4.7.0 want: ^4.2.0 || ^5.0.0 || ^6.0.0 || ^7.0.0
113 silly placeDep ROOT antd-mobile@5.42.3 OK for: taichu-h5@0.1.0 want: ^5.38.0
114 silly placeDep ROOT react-dom@18.3.1 OK for: antd-mobile@5.42.3 want: ^16.8.0 || ^17.0.0 || ^18.0.0 || ^19.0.0
115 silly placeDep ROOT axios@1.20.0 OK for: taichu-h5@0.1.0 want: ^1.7.0
116 silly placeDep ROOT react-router-dom@6.30.6 OK for: taichu-h5@0.1.0 want: ^6.28.0
117 silly placeDep ROOT typescript@5.6.3 OK for: taichu-h5@0.1.0 want: ~5.6.0
118 silly placeDep ROOT zustand@5.0.15 OK for: taichu-h5@0.1.0 want: ^5.0.0
119 silly fetch manifest @tanstack/query-core@5.102.8
120 silly packumentCache full:https://registry.npmjs.org/@tanstack%2fquery-core cache-miss
121 silly fetch manifest loose-envify@^1.1.0
122 silly packumentCache full:https://registry.npmjs.org/loose-envify cache-miss
123 silly fetch manifest csstype@^3.2.2
124 silly packumentCache full:https://registry.npmjs.org/csstype cache-miss
125 silly fetch manifest @types/prop-types@*
126 silly packumentCache full:https://registry.npmjs.org/@types%2fprop-types cache-miss
127 silly fetch manifest @babel/core@^7.28.0
128 silly packumentCache full:https://registry.npmjs.org/@babel%2fcore cache-miss
129 silly fetch manifest react-refresh@^0.17.0
130 silly packumentCache full:https://registry.npmjs.org/react-refresh cache-miss
131 silly fetch manifest @types/babel__core@^7.20.5
132 silly packumentCache full:https://registry.npmjs.org/@types%2fbabel__core cache-miss
133 silly fetch manifest @rolldown/pluginutils@1.0.0-beta.27
134 silly packumentCache full:https://registry.npmjs.org/@rolldown%2fpluginutils cache-miss
135 silly fetch manifest @babel/plugin-transform-react-jsx-self@^7.27.1
136 silly packumentCache full:https://registry.npmjs.org/@babel%2fplugin-transform-react-jsx-self cache-miss
137 silly fetch manifest @babel/plugin-transform-react-jsx-source@^7.27.1
138 silly packumentCache full:https://registry.npmjs.org/@babel%2fplugin-transform-react-jsx-source cache-miss
139 silly fetch manifest rollup@^4.20.0
140 silly packumentCache full:https://registry.npmjs.org/rollup cache-miss
141 http fetch GET 200 https://registry.npmjs.org/loose-envify 337ms (cache miss)
142 silly packumentCache full:https://registry.npmjs.org/loose-envify set size:undefined disposed:false
143 silly fetch manifest esbuild@^0.21.3
144 silly packumentCache full:https://registry.npmjs.org/esbuild cache-miss
145 http fetch GET 200 https://registry.npmjs.org/@types%2fbabel__core 1416ms (cache miss)
146 silly packumentCache full:https://registry.npmjs.org/@types%2fbabel__core set size:undefined disposed:false
147 silly fetch manifest postcss@^8.4.43
148 silly packumentCache full:https://registry.npmjs.org/postcss cache-miss
149 http cache https://registry.npmjs.org/postcss 15ms (cache hit)
150 silly packumentCache full:https://registry.npmjs.org/postcss set size:766699 disposed:false
151 silly fetch manifest fsevents@~2.3.3
152 silly packumentCache full:https://registry.npmjs.org/fsevents cache-miss
153 http fetch GET 200 https://registry.npmjs.org/@babel%2fplugin-transform-react-jsx-source 1668ms (cache miss)
154 silly packumentCache full:https://registry.npmjs.org/@babel%2fplugin-transform-react-jsx-source set size:undefined disposed:false
155 silly fetch manifest dayjs@^1.11.7
156 silly packumentCache full:https://registry.npmjs.org/dayjs cache-miss
157 http fetch GET 200 https://registry.npmjs.org/csstype 2271ms (cache miss)
158 silly packumentCache full:https://registry.npmjs.org/csstype set size:undefined disposed:false
159 silly fetch manifest tslib@^2.5.0
160 silly packumentCache full:https://registry.npmjs.org/tslib cache-miss
161 http fetch GET 200 https://registry.npmjs.org/@rolldown%2fpluginutils 2277ms (cache miss)
162 silly packumentCache full:https://registry.npmjs.org/@rolldown%2fpluginutils set size:undefined disposed:false
163 silly fetch manifest ahooks@^3.7.6
164 silly packumentCache full:https://registry.npmjs.org/ahooks cache-miss
165 http fetch GET 200 https://registry.npmjs.org/fsevents 847ms (cache miss)
166 silly packumentCache full:https://registry.npmjs.org/fsevents set size:undefined disposed:false
167 silly fetch manifest runes2@^1.1.2
168 silly packumentCache full:https://registry.npmjs.org/runes2 cache-miss
169 http fetch GET 200 https://registry.npmjs.org/@types%2fprop-types 2579ms (cache miss)
170 silly packumentCache full:https://registry.npmjs.org/@types%2fprop-types set size:undefined disposed:false
171 silly fetch manifest rc-util@^5.44.4
172 silly packumentCache full:https://registry.npmjs.org/rc-util cache-miss
173 http fetch GET 200 https://registry.npmjs.org/@babel%2fcore 2597ms (cache miss)
174 silly packumentCache full:https://registry.npmjs.org/@babel%2fcore set size:undefined disposed:false
175 silly fetch manifest react-is@^18.2.0
176 silly packumentCache full:https://registry.npmjs.org/react-is cache-miss
177 http fetch GET 200 https://registry.npmjs.org/@babel%2fplugin-transform-react-jsx-self 2766ms (cache miss)
178 silly packumentCache full:https://registry.npmjs.org/@babel%2fplugin-transform-react-jsx-self set size:undefined disposed:false
179 silly fetch manifest deepmerge@^4.3.1
180 silly packumentCache full:https://registry.npmjs.org/deepmerge cache-miss
181 http fetch GET 200 https://registry.npmjs.org/runes2 620ms (cache miss)
182 silly packumentCache full:https://registry.npmjs.org/runes2 set size:undefined disposed:false
183 silly fetch manifest classnames@^2.3.2
184 silly packumentCache full:https://registry.npmjs.org/classnames cache-miss
185 http fetch GET 200 https://registry.npmjs.org/tslib 776ms (cache miss)
186 silly packumentCache full:https://registry.npmjs.org/tslib set size:undefined disposed:false
187 silly fetch manifest nano-memoize@^3.0.16
188 silly packumentCache full:https://registry.npmjs.org/nano-memoize cache-miss
189 http fetch GET 200 https://registry.npmjs.org/@tanstack%2fquery-core 3118ms (cache miss)
190 silly packumentCache full:https://registry.npmjs.org/@tanstack%2fquery-core set size:undefined disposed:false
191 silly fetch manifest rc-segmented@~2.4.1
192 silly packumentCache full:https://registry.npmjs.org/rc-segmented cache-miss
193 http fetch GET 200 https://registry.npmjs.org/dayjs 1575ms (cache miss)
194 silly packumentCache full:https://registry.npmjs.org/dayjs set size:undefined disposed:false
195 silly fetch manifest rc-field-form@^1.34.2
196 silly packumentCache full:https://registry.npmjs.org/rc-field-form cache-miss
197 http fetch GET 200 https://registry.npmjs.org/ahooks 1007ms (cache miss)
198 silly packumentCache full:https://registry.npmjs.org/ahooks set size:undefined disposed:false
199 silly fetch manifest @floating-ui/dom@^1.4.2
200 silly packumentCache full:https://registry.npmjs.org/@floating-ui%2fdom cache-miss
201 http fetch GET 200 https://registry.npmjs.org/classnames 649ms (cache miss)
202 silly packumentCache full:https://registry.npmjs.org/classnames set size:undefined disposed:false
203 silly fetch manifest @react-spring/web@~9.6.1
204 silly packumentCache full:https://registry.npmjs.org/@react-spring%2fweb cache-miss
205 http fetch GET 200 https://registry.npmjs.org/deepmerge 808ms (cache miss)
206 silly packumentCache full:https://registry.npmjs.org/deepmerge set size:undefined disposed:false
207 silly fetch manifest antd-mobile-icons@^0.3.0
208 silly packumentCache full:https://registry.npmjs.org/antd-mobile-icons cache-miss
209 http fetch GET 200 https://registry.npmjs.org/@floating-ui%2fdom 546ms (cache miss)
210 silly packumentCache full:https://registry.npmjs.org/@floating-ui%2fdom set size:undefined disposed:false
211 silly fetch manifest staged-components@^1.1.3
212 silly packumentCache full:https://registry.npmjs.org/staged-components cache-miss
213 http fetch GET 200 https://registry.npmjs.org/nano-memoize 792ms (cache miss)
214 silly packumentCache full:https://registry.npmjs.org/nano-memoize set size:undefined disposed:false
215 silly fetch manifest @use-gesture/react@10.3.0
216 silly packumentCache full:https://registry.npmjs.org/@use-gesture%2freact cache-miss
217 http fetch GET 200 https://registry.npmjs.org/staged-components 299ms (cache miss)
218 silly packumentCache full:https://registry.npmjs.org/staged-components set size:undefined disposed:false
219 silly fetch manifest react-fast-compare@^3.2.2
220 silly packumentCache full:https://registry.npmjs.org/react-fast-compare cache-miss
221 http fetch GET 200 https://registry.npmjs.org/rc-util 1642ms (cache miss)
222 silly packumentCache full:https://registry.npmjs.org/rc-util set size:undefined disposed:false
223 silly fetch manifest antd-mobile-v5-count@^1.0.1
224 silly packumentCache full:https://registry.npmjs.org/antd-mobile-v5-count cache-miss
225 http fetch GET 200 https://registry.npmjs.org/antd-mobile-icons 667ms (cache miss)
226 silly packumentCache full:https://registry.npmjs.org/antd-mobile-icons set size:undefined disposed:false
227 silly fetch manifest use-sync-external-store@^1.2.0
228 silly packumentCache full:https://registry.npmjs.org/use-sync-external-store cache-miss
229 http fetch GET 200 https://registry.npmjs.org/rc-segmented 1118ms (cache miss)
230 silly packumentCache full:https://registry.npmjs.org/rc-segmented set size:undefined disposed:false
231 silly fetch manifest @rc-component/mini-decimal@^1.1.0
232 silly packumentCache full:https://registry.npmjs.org/@rc-component%2fmini-decimal cache-miss
233 http cache https://registry.npmjs.org/use-sync-external-store 19ms (cache hit)
234 silly packumentCache full:https://registry.npmjs.org/use-sync-external-store set size:4995764 disposed:false
235 silly fetch manifest scheduler@^0.23.2
236 silly packumentCache full:https://registry.npmjs.org/scheduler cache-miss
237 http fetch GET 200 https://registry.npmjs.org/rc-field-form 1199ms (cache miss)
238 silly packumentCache full:https://registry.npmjs.org/rc-field-form set size:undefined disposed:false
239 silly fetch manifest form-data@^4.0.6
240 silly packumentCache full:https://registry.npmjs.org/form-data cache-miss
241 http fetch GET 200 https://registry.npmjs.org/@rc-component%2fmini-decimal 256ms (cache miss)
242 silly packumentCache full:https://registry.npmjs.org/@rc-component%2fmini-decimal set size:undefined disposed:false
243 silly fetch manifest proxy-from-env@^2.1.0
244 silly packumentCache full:https://registry.npmjs.org/proxy-from-env cache-miss
245 http fetch GET 200 https://registry.npmjs.org/@use-gesture%2freact 921ms (cache miss)
246 silly packumentCache full:https://registry.npmjs.org/@use-gesture%2freact set size:undefined disposed:false
247 silly fetch manifest follow-redirects@^1.16.0
248 silly packumentCache full:https://registry.npmjs.org/follow-redirects cache-miss
249 http fetch GET 200 https://registry.npmjs.org/form-data 511ms (cache miss)
250 silly packumentCache full:https://registry.npmjs.org/form-data set size:undefined disposed:false
251 silly fetch manifest https-proxy-agent@^5.0.1
252 silly packumentCache full:https://registry.npmjs.org/https-proxy-agent cache-miss
253 http fetch GET 200 https://registry.npmjs.org/antd-mobile-v5-count 909ms (cache miss)
254 silly packumentCache full:https://registry.npmjs.org/antd-mobile-v5-count set size:undefined disposed:false
255 silly fetch manifest react-router@6.30.6
256 silly packumentCache full:https://registry.npmjs.org/react-router cache-miss
257 http fetch GET 200 https://registry.npmjs.org/proxy-from-env 913ms (cache miss)
258 silly packumentCache full:https://registry.npmjs.org/proxy-from-env set size:undefined disposed:false
259 silly fetch manifest @remix-run/router@1.23.4
260 silly packumentCache full:https://registry.npmjs.org/@remix-run%2frouter cache-miss
261 http fetch GET 200 https://registry.npmjs.org/https-proxy-agent 490ms (cache miss)
262 silly packumentCache full:https://registry.npmjs.org/https-proxy-agent set size:undefined disposed:false
263 http fetch GET 200 https://registry.npmjs.org/react-fast-compare 1351ms (cache miss)
264 silly packumentCache full:https://registry.npmjs.org/react-fast-compare set size:undefined disposed:false
265 http fetch GET 200 https://registry.npmjs.org/@react-spring%2fweb 2780ms (cache miss)
266 silly packumentCache full:https://registry.npmjs.org/@react-spring%2fweb set size:undefined disposed:false
267 http fetch GET 200 https://registry.npmjs.org/follow-redirects 2309ms (cache miss)
268 silly packumentCache full:https://registry.npmjs.org/follow-redirects set size:undefined disposed:false
269 http fetch GET 200 https://registry.npmjs.org/react-router 2119ms (cache miss)
270 silly packumentCache full:https://registry.npmjs.org/react-router set size:undefined disposed:false
271 http fetch GET 200 https://registry.npmjs.org/react-refresh 8009ms (cache miss)
272 silly packumentCache full:https://registry.npmjs.org/react-refresh set size:undefined disposed:false
273 http fetch GET 200 https://registry.npmjs.org/rollup 8606ms (cache miss)
274 silly packumentCache full:https://registry.npmjs.org/rollup set size:undefined disposed:false
275 http fetch GET 200 https://registry.npmjs.org/esbuild 11364ms (cache miss)
276 silly packumentCache full:https://registry.npmjs.org/esbuild set size:undefined disposed:false
277 http fetch GET 200 https://registry.npmjs.org/react-is 9636ms (cache miss)
278 silly packumentCache full:https://registry.npmjs.org/react-is set size:undefined disposed:false
279 http fetch GET 200 https://registry.npmjs.org/@remix-run%2frouter 8962ms (cache miss)
280 silly packumentCache full:https://registry.npmjs.org/@remix-run%2frouter set size:undefined disposed:false
281 http fetch GET 200 https://registry.npmjs.org/scheduler 22000ms (cache miss)
282 silly packumentCache full:https://registry.npmjs.org/scheduler set size:undefined disposed:false
283 silly placeDep ROOT @tanstack/query-core@5.102.8 OK for: @tanstack/react-query@5.102.8 want: 5.102.8
284 silly placeDep ROOT @types/prop-types@15.7.15 OK for: @types/react@18.3.31 want: *
285 silly placeDep ROOT csstype@3.2.3 OK for: @types/react@18.3.31 want: ^3.2.2
286 silly placeDep ROOT @babel/core@7.29.7 OK for: @vitejs/plugin-react@4.7.0 want: ^7.28.0
287 silly placeDep ROOT @babel/plugin-transform-react-jsx-self@7.29.7 OK for: @vitejs/plugin-react@4.7.0 want: ^7.27.1
288 silly placeDep ROOT @babel/plugin-transform-react-jsx-source@7.29.7 OK for: @vitejs/plugin-react@4.7.0 want: ^7.27.1
289 silly placeDep ROOT @rolldown/pluginutils@1.0.0-beta.27 OK for: @vitejs/plugin-react@4.7.0 want: 1.0.0-beta.27
290 silly placeDep ROOT @types/babel__core@7.20.5 OK for: @vitejs/plugin-react@4.7.0 want: ^7.20.5
291 silly placeDep ROOT react-refresh@0.17.0 OK for: @vitejs/plugin-react@4.7.0 want: ^0.17.0
292 silly fetch manifest debug@^4.1.0
293 silly packumentCache full:https://registry.npmjs.org/debug cache-miss
294 silly fetch manifest json5@^2.2.3
295 silly packumentCache full:https://registry.npmjs.org/json5 cache-miss
296 silly fetch manifest semver@^6.3.1
297 silly packumentCache full:https://registry.npmjs.org/semver cache-miss
298 silly fetch manifest gensync@^1.0.0-beta.2
299 silly packumentCache full:https://registry.npmjs.org/gensync cache-miss
300 silly fetch manifest @babel/types@^7.29.7
301 silly packumentCache full:https://registry.npmjs.org/@babel%2ftypes cache-miss
302 silly fetch manifest @babel/parser@^7.29.7
303 silly packumentCache full:https://registry.npmjs.org/@babel%2fparser cache-miss
304 silly fetch manifest @babel/helpers@^7.29.7
305 silly packumentCache full:https://registry.npmjs.org/@babel%2fhelpers cache-miss
306 silly fetch manifest @babel/template@^7.29.7
307 silly packumentCache full:https://registry.npmjs.org/@babel%2ftemplate cache-miss
308 silly fetch manifest @babel/traverse@^7.29.7
309 silly packumentCache full:https://registry.npmjs.org/@babel%2ftraverse cache-miss
310 silly fetch manifest @babel/generator@^7.29.7
311 silly packumentCache full:https://registry.npmjs.org/@babel%2fgenerator cache-miss
312 silly fetch manifest @babel/code-frame@^7.29.7
313 silly packumentCache full:https://registry.npmjs.org/@babel%2fcode-frame cache-miss
314 http fetch GET 200 https://registry.npmjs.org/debug 865ms (cache miss)
315 silly packumentCache full:https://registry.npmjs.org/debug set size:undefined disposed:false
316 silly fetch manifest convert-source-map@^2.0.0
317 silly packumentCache full:https://registry.npmjs.org/convert-source-map cache-miss
318 http fetch GET 200 https://registry.npmjs.org/json5 895ms (cache miss)
319 silly packumentCache full:https://registry.npmjs.org/json5 set size:undefined disposed:false
320 silly fetch manifest @jridgewell/remapping@^2.3.5
321 silly packumentCache full:https://registry.npmjs.org/@jridgewell%2fremapping cache-miss
322 http fetch GET 200 https://registry.npmjs.org/gensync 934ms (cache miss)
323 silly packumentCache full:https://registry.npmjs.org/gensync set size:undefined disposed:false
324 silly fetch manifest @babel/helper-module-transforms@^7.29.7
325 silly packumentCache full:https://registry.npmjs.org/@babel%2fhelper-module-transforms cache-miss
326 http fetch GET 200 https://registry.npmjs.org/@babel%2ftypes 972ms (cache miss)
327 silly packumentCache full:https://registry.npmjs.org/@babel%2ftypes set size:undefined disposed:false
328 silly fetch manifest @babel/helper-compilation-targets@^7.29.7
329 silly packumentCache full:https://registry.npmjs.org/@babel%2fhelper-compilation-targets cache-miss
330 http fetch GET 200 https://registry.npmjs.org/@babel%2fcode-frame 1258ms (cache miss)
331 silly packumentCache full:https://registry.npmjs.org/@babel%2fcode-frame set size:undefined disposed:false
332 silly fetch manifest @babel/helper-plugin-utils@^7.29.7
333 silly packumentCache full:https://registry.npmjs.org/@babel%2fhelper-plugin-utils cache-miss
334 http fetch GET 200 https://registry.npmjs.org/semver 1276ms (cache miss)
335 silly packumentCache full:https://registry.npmjs.org/semver set size:undefined disposed:false
336 silly fetch manifest @babel/helper-plugin-utils@^7.29.7
337 silly packumentCache full:https://registry.npmjs.org/@babel%2fhelper-plugin-utils cache-miss
338 http fetch GET 200 https://registry.npmjs.org/@babel%2fhelper-compilation-targets 521ms (cache miss)
339 silly packumentCache full:https://registry.npmjs.org/@babel%2fhelper-compilation-targets set size:undefined disposed:false
340 silly fetch manifest @babel/types@^7.20.7
341 silly packumentCache full:https://registry.npmjs.org/@babel%2ftypes cache-miss
342 http fetch GET 200 https://registry.npmjs.org/@babel%2fparser 1516ms (cache miss)
343 silly packumentCache full:https://registry.npmjs.org/@babel%2fparser set size:undefined disposed:false
344 silly fetch manifest @babel/parser@^7.20.7
345 silly packumentCache full:https://registry.npmjs.org/@babel%2fparser cache-miss
346 http cache https://registry.npmjs.org/@babel%2ftypes 45ms (cache hit)
347 silly packumentCache full:https://registry.npmjs.org/@babel%2ftypes set size:502938 disposed:false
348 silly fetch manifest @types/babel__template@*
349 silly packumentCache full:https://registry.npmjs.org/@types%2fbabel__template cache-miss
350 http cache https://registry.npmjs.org/@babel%2fparser 72ms (cache hit)
351 silly packumentCache full:https://registry.npmjs.org/@babel%2fparser set size:737961 disposed:false
352 silly fetch manifest @types/babel__traverse@*
353 silly packumentCache full:https://registry.npmjs.org/@types%2fbabel__traverse cache-miss
354 http fetch GET 200 https://registry.npmjs.org/@jridgewell%2fremapping 750ms (cache miss)
355 silly packumentCache full:https://registry.npmjs.org/@jridgewell%2fremapping set size:undefined disposed:false
356 silly fetch manifest @types/babel__generator@*
357 silly packumentCache full:https://registry.npmjs.org/@types%2fbabel__generator cache-miss
358 http fetch GET 200 https://registry.npmjs.org/@babel%2ftraverse 1658ms (cache miss)
359 silly packumentCache full:https://registry.npmjs.org/@babel%2ftraverse set size:undefined disposed:false
360 http fetch GET 200 https://registry.npmjs.org/@babel%2ftemplate 1776ms (cache miss)
361 silly packumentCache full:https://registry.npmjs.org/@babel%2ftemplate set size:undefined disposed:false
362 http fetch GET 200 https://registry.npmjs.org/@babel%2fhelpers 1902ms (cache miss)
363 silly packumentCache full:https://registry.npmjs.org/@babel%2fhelpers set size:undefined disposed:false
364 http fetch GET 200 https://registry.npmjs.org/@babel%2fhelper-plugin-utils 840ms (cache miss)
365 silly packumentCache full:https://registry.npmjs.org/@babel%2fhelper-plugin-utils set size:undefined disposed:false
366 http fetch GET 200 https://registry.npmjs.org/@babel%2fhelper-module-transforms 1205ms (cache miss)
367 silly packumentCache full:https://registry.npmjs.org/@babel%2fhelper-module-transforms set size:undefined disposed:false
368 http fetch GET 200 https://registry.npmjs.org/@types%2fbabel__traverse 771ms (cache miss)
369 silly packumentCache full:https://registry.npmjs.org/@types%2fbabel__traverse set size:undefined disposed:false
370 http fetch GET 200 https://registry.npmjs.org/@babel%2fhelper-plugin-utils 1160ms (cache miss)
371 silly packumentCache full:https://registry.npmjs.org/@babel%2fhelper-plugin-utils set size:undefined disposed:false
372 http fetch GET 200 https://registry.npmjs.org/@types%2fbabel__template 918ms (cache miss)
373 silly packumentCache full:https://registry.npmjs.org/@types%2fbabel__template set size:undefined disposed:false
374 http fetch GET 200 https://registry.npmjs.org/@types%2fbabel__generator 877ms (cache miss)
375 silly packumentCache full:https://registry.npmjs.org/@types%2fbabel__generator set size:undefined disposed:false
376 http fetch GET 200 https://registry.npmjs.org/convert-source-map 1874ms (cache miss)
377 silly packumentCache full:https://registry.npmjs.org/convert-source-map set size:undefined disposed:false
378 http fetch GET 200 https://registry.npmjs.org/@babel%2fgenerator 5358ms (cache miss)
379 silly packumentCache full:https://registry.npmjs.org/@babel%2fgenerator set size:undefined disposed:false
380 silly fetch manifest @babel/core@^7.0.0
381 silly packumentCache full:https://registry.npmjs.org/@babel%2fcore cache-miss
382 http cache https://registry.npmjs.org/@babel%2fcore 16ms (cache hit)
383 silly packumentCache full:https://registry.npmjs.org/@babel%2fcore set size:788273 disposed:false
384 silly placeDep ROOT @babel/code-frame@7.29.7 OK for: @babel/core@7.29.7 want: ^7.29.7
385 silly placeDep ROOT @babel/generator@7.29.8 OK for: @babel/core@7.29.7 want: ^7.29.7
386 silly placeDep ROOT @babel/helper-compilation-targets@7.29.7 OK for: @babel/core@7.29.7 want: ^7.29.7
387 silly placeDep ROOT @babel/helper-module-transforms@7.29.7 OK for: @babel/core@7.29.7 want: ^7.29.7
388 silly placeDep ROOT @babel/helpers@7.29.7 OK for: @babel/core@7.29.7 want: ^7.29.7
389 silly placeDep ROOT @babel/parser@7.29.8 OK for: @babel/core@7.29.7 want: ^7.29.7
390 silly placeDep ROOT @babel/template@7.29.7 OK for: @babel/core@7.29.7 want: ^7.29.7
391 silly placeDep ROOT @babel/traverse@7.29.8 OK for: @babel/core@7.29.7 want: ^7.29.7
392 silly placeDep ROOT @babel/types@7.29.8 OK for: @babel/core@7.29.7 want: ^7.29.7
393 silly placeDep ROOT @jridgewell/remapping@2.3.5 OK for: @babel/core@7.29.7 want: ^2.3.5
394 silly placeDep ROOT convert-source-map@2.0.0 OK for: @babel/core@7.29.7 want: ^2.0.0
395 silly placeDep ROOT debug@4.4.3 OK for: @babel/core@7.29.7 want: ^4.1.0
396 silly placeDep ROOT gensync@1.0.0-beta.2 OK for: @babel/core@7.29.7 want: ^1.0.0-beta.2
397 silly placeDep ROOT json5@2.2.3 OK for: @babel/core@7.29.7 want: ^2.2.3
398 silly placeDep ROOT semver@6.3.1 OK for: @babel/core@7.29.7 want: ^6.3.1
399 silly fetch manifest js-tokens@^4.0.0
400 silly packumentCache full:https://registry.npmjs.org/js-tokens cache-miss
401 silly fetch manifest picocolors@^1.1.1
402 silly packumentCache full:https://registry.npmjs.org/picocolors cache-miss
403 silly fetch manifest @babel/helper-validator-identifier@^7.29.7
404 silly packumentCache full:https://registry.npmjs.org/@babel%2fhelper-validator-identifier cache-miss
405 silly fetch manifest jsesc@^3.0.2
406 silly packumentCache full:https://registry.npmjs.org/jsesc cache-miss
407 silly fetch manifest @babel/types@^7.29.8
408 silly packumentCache full:https://registry.npmjs.org/@babel%2ftypes cache-hit
409 silly fetch manifest @babel/parser@^7.29.8
410 silly packumentCache full:https://registry.npmjs.org/@babel%2fparser cache-hit
411 silly fetch manifest @jridgewell/gen-mapping@^0.3.12
412 silly packumentCache full:https://registry.npmjs.org/@jridgewell%2fgen-mapping cache-miss
413 silly fetch manifest @jridgewell/trace-mapping@^0.3.28
414 silly packumentCache full:https://registry.npmjs.org/@jridgewell%2ftrace-mapping cache-miss
415 silly fetch manifest lru-cache@^5.1.1
416 silly packumentCache full:https://registry.npmjs.org/lru-cache cache-miss
417 silly fetch manifest browserslist@^4.24.0
418 silly packumentCache full:https://registry.npmjs.org/browserslist cache-miss
419 silly fetch manifest @babel/compat-data@^7.29.7
420 silly packumentCache full:https://registry.npmjs.org/@babel%2fcompat-data cache-miss
421 silly fetch manifest @babel/helper-validator-option@^7.29.7
422 silly packumentCache full:https://registry.npmjs.org/@babel%2fhelper-validator-option cache-miss
423 silly fetch manifest @babel/helper-module-imports@^7.29.7
424 silly packumentCache full:https://registry.npmjs.org/@babel%2fhelper-module-imports cache-miss
425 http fetch GET 200 https://registry.npmjs.org/js-tokens 502ms (cache miss)
426 silly packumentCache full:https://registry.npmjs.org/js-tokens set size:undefined disposed:false
427 silly fetch manifest @babel/helper-validator-identifier@^7.29.7
428 silly packumentCache full:https://registry.npmjs.org/@babel%2fhelper-validator-identifier cache-miss
429 http fetch GET 200 https://registry.npmjs.org/picocolors 532ms (cache miss)
430 silly packumentCache full:https://registry.npmjs.org/picocolors set size:undefined disposed:false
431 silly fetch manifest debug@^4.3.1
432 silly packumentCache full:https://registry.npmjs.org/debug cache-miss
433 http cache https://registry.npmjs.org/debug 18ms (cache hit)
434 silly packumentCache full:https://registry.npmjs.org/debug set size:195840 disposed:false
435 silly fetch manifest @babel/helper-globals@^7.29.7
436 silly packumentCache full:https://registry.npmjs.org/@babel%2fhelper-globals cache-miss
437 http fetch GET 200 https://registry.npmjs.org/@babel%2fhelper-validator-option 577ms (cache miss)
438 silly packumentCache full:https://registry.npmjs.org/@babel%2fhelper-validator-option set size:undefined disposed:false
439 silly fetch manifest @babel/helper-string-parser@^7.29.7
440 silly packumentCache full:https://registry.npmjs.org/@babel%2fhelper-string-parser cache-miss
441 http fetch GET 200 https://registry.npmjs.org/jsesc 758ms (cache miss)
442 silly packumentCache full:https://registry.npmjs.org/jsesc set size:undefined disposed:false
443 silly fetch manifest @babel/helper-validator-identifier@^7.29.7
444 silly packumentCache full:https://registry.npmjs.org/@babel%2fhelper-validator-identifier cache-miss
445 http fetch GET 200 https://registry.npmjs.org/@babel%2fhelper-globals 322ms (cache miss)
446 silly packumentCache full:https://registry.npmjs.org/@babel%2fhelper-globals set size:undefined disposed:false
447 silly fetch manifest @jridgewell/gen-mapping@^0.3.5
448 silly packumentCache full:https://registry.npmjs.org/@jridgewell%2fgen-mapping cache-miss
449 http fetch GET 200 https://registry.npmjs.org/@jridgewell%2ftrace-mapping 917ms (cache miss)
450 silly packumentCache full:https://registry.npmjs.org/@jridgewell%2ftrace-mapping set size:undefined disposed:false
451 silly fetch manifest @jridgewell/trace-mapping@^0.3.24
452 silly packumentCache full:https://registry.npmjs.org/@jridgewell%2ftrace-mapping cache-miss
453 http cache https://registry.npmjs.org/@jridgewell%2ftrace-mapping 18ms (cache hit)
454 silly packumentCache full:https://registry.npmjs.org/@jridgewell%2ftrace-mapping set size:170909 disposed:false
455 silly fetch manifest ms@^2.1.3
456 silly packumentCache full:https://registry.npmjs.org/ms cache-miss
457 http fetch GET 200 https://registry.npmjs.org/@babel%2fhelper-validator-identifier 531ms (cache miss)
458 silly packumentCache full:https://registry.npmjs.org/@babel%2fhelper-validator-identifier set size:undefined disposed:false
459 http fetch GET 200 https://registry.npmjs.org/browserslist 1114ms (cache miss)
460 silly packumentCache full:https://registry.npmjs.org/browserslist set size:undefined disposed:false
461 http fetch GET 200 https://registry.npmjs.org/@babel%2fhelper-string-parser 704ms (cache miss)
462 silly packumentCache full:https://registry.npmjs.org/@babel%2fhelper-string-parser set size:undefined disposed:false
463 http fetch GET 200 https://registry.npmjs.org/@babel%2fhelper-validator-identifier 623ms (cache miss)
464 silly packumentCache full:https://registry.npmjs.org/@babel%2fhelper-validator-identifier set size:undefined disposed:false
465 http fetch GET 200 https://registry.npmjs.org/@babel%2fhelper-validator-identifier 1409ms (cache miss)
466 silly packumentCache full:https://registry.npmjs.org/@babel%2fhelper-validator-identifier set size:undefined disposed:false
467 http fetch GET 200 https://registry.npmjs.org/@jridgewell%2fgen-mapping 623ms (cache miss)
468 silly packumentCache full:https://registry.npmjs.org/@jridgewell%2fgen-mapping set size:undefined disposed:false
469 http fetch GET 200 https://registry.npmjs.org/@jridgewell%2fgen-mapping 1907ms (cache miss)
470 silly packumentCache full:https://registry.npmjs.org/@jridgewell%2fgen-mapping set size:undefined disposed:false
471 http fetch GET 200 https://registry.npmjs.org/ms 1134ms (cache miss)
472 silly packumentCache full:https://registry.npmjs.org/ms set size:undefined disposed:false
473 http fetch GET 200 https://registry.npmjs.org/lru-cache 2486ms (cache miss)
474 silly packumentCache full:https://registry.npmjs.org/lru-cache set size:undefined disposed:false
475 http fetch GET 200 https://registry.npmjs.org/@babel%2fhelper-module-imports 3076ms (cache miss)
476 silly packumentCache full:https://registry.npmjs.org/@babel%2fhelper-module-imports set size:undefined disposed:false
477 http fetch GET 200 https://registry.npmjs.org/@babel%2fcompat-data 4022ms (cache miss)
478 silly packumentCache full:https://registry.npmjs.org/@babel%2fcompat-data set size:undefined disposed:false
479 silly placeDep ROOT @babel/helper-validator-identifier@7.29.7 OK for: @babel/code-frame@7.29.7 want: ^7.29.7
480 silly placeDep ROOT js-tokens@4.0.0 OK for: @babel/code-frame@7.29.7 want: ^4.0.0
481 silly placeDep ROOT picocolors@1.1.1 OK for: @babel/code-frame@7.29.7 want: ^1.1.1
482 silly placeDep ROOT @jridgewell/gen-mapping@0.3.13 OK for: @babel/generator@7.29.8 want: ^0.3.12
483 silly placeDep ROOT @jridgewell/trace-mapping@0.3.31 OK for: @babel/generator@7.29.8 want: ^0.3.28
484 silly placeDep ROOT jsesc@3.1.0 OK for: @babel/generator@7.29.8 want: ^3.0.2
485 silly fetch manifest @jridgewell/sourcemap-codec@^1.5.0
486 silly packumentCache full:https://registry.npmjs.org/@jridgewell%2fsourcemap-codec cache-miss
487 silly fetch manifest @jridgewell/resolve-uri@^3.1.0
488 silly packumentCache full:https://registry.npmjs.org/@jridgewell%2fresolve-uri cache-miss
489 silly fetch manifest @jridgewell/sourcemap-codec@^1.4.14
490 silly packumentCache full:https://registry.npmjs.org/@jridgewell%2fsourcemap-codec cache-miss
491 http fetch GET 200 https://registry.npmjs.org/@jridgewell%2fresolve-uri 444ms (cache miss)
492 silly packumentCache full:https://registry.npmjs.org/@jridgewell%2fresolve-uri set size:undefined disposed:false
493 http fetch GET 200 https://registry.npmjs.org/@jridgewell%2fsourcemap-codec 544ms (cache miss)
494 silly packumentCache full:https://registry.npmjs.org/@jridgewell%2fsourcemap-codec set size:undefined disposed:false
495 http fetch GET 200 https://registry.npmjs.org/@jridgewell%2fsourcemap-codec 689ms (cache miss)
496 silly packumentCache full:https://registry.npmjs.org/@jridgewell%2fsourcemap-codec set size:undefined disposed:false
497 silly placeDep ROOT @babel/compat-data@7.29.7 OK for: @babel/helper-compilation-targets@7.29.7 want: ^7.29.7
498 silly placeDep ROOT @babel/helper-validator-option@7.29.7 OK for: @babel/helper-compilation-targets@7.29.7 want: ^7.29.7
499 silly placeDep ROOT browserslist@4.28.9 OK for: @babel/helper-compilation-targets@7.29.7 want: ^4.24.0
500 silly placeDep ROOT lru-cache@5.1.1 OK for: @babel/helper-compilation-targets@7.29.7 want: ^5.1.1
501 silly fetch manifest caniuse-lite@^1.0.30001810
502 silly packumentCache full:https://registry.npmjs.org/caniuse-lite cache-miss
503 silly fetch manifest node-releases@^2.0.54
504 silly packumentCache full:https://registry.npmjs.org/node-releases cache-miss
505 silly fetch manifest electron-to-chromium@^1.5.420
506 silly packumentCache full:https://registry.npmjs.org/electron-to-chromium cache-miss
507 silly fetch manifest update-browserslist-db@^1.3.2
508 silly packumentCache full:https://registry.npmjs.org/update-browserslist-db cache-miss
509 silly fetch manifest baseline-browser-mapping@^2.11.20
510 silly packumentCache full:https://registry.npmjs.org/baseline-browser-mapping cache-miss
511 silly fetch manifest yallist@^3.0.2
512 silly packumentCache full:https://registry.npmjs.org/yallist cache-miss
513 http fetch GET 200 https://registry.npmjs.org/yallist 694ms (cache miss)
514 silly packumentCache full:https://registry.npmjs.org/yallist set size:undefined disposed:false
515 http fetch GET 200 https://registry.npmjs.org/update-browserslist-db 868ms (cache miss)
516 silly packumentCache full:https://registry.npmjs.org/update-browserslist-db set size:undefined disposed:false
517 http fetch GET 200 https://registry.npmjs.org/node-releases 1591ms (cache miss)
518 silly packumentCache full:https://registry.npmjs.org/node-releases set size:undefined disposed:false
519 http fetch GET 200 https://registry.npmjs.org/baseline-browser-mapping 2296ms (cache miss)
520 silly packumentCache full:https://registry.npmjs.org/baseline-browser-mapping set size:undefined disposed:false
521 http fetch GET 200 https://registry.npmjs.org/caniuse-lite 16724ms (cache miss)
522 silly packumentCache full:https://registry.npmjs.org/caniuse-lite set size:undefined disposed:false
523 http fetch GET 200 https://registry.npmjs.org/electron-to-chromium 18611ms (cache miss)
524 silly packumentCache full:https://registry.npmjs.org/electron-to-chromium set size:undefined disposed:false
525 silly placeDep ROOT @babel/helper-module-imports@7.29.7 OK for: @babel/helper-module-transforms@7.29.7 want: ^7.29.7
526 silly placeDep ROOT @babel/helper-plugin-utils@7.29.7 OK for: @babel/plugin-transform-react-jsx-self@7.29.7 want: ^7.29.7
527 silly placeDep ROOT @babel/helper-globals@7.29.7 OK for: @babel/traverse@7.29.8 want: ^7.29.7
528 silly placeDep ROOT @babel/helper-string-parser@7.29.7 OK for: @babel/types@7.29.8 want: ^7.29.7
529 silly placeDep ROOT @jridgewell/sourcemap-codec@1.6.0 OK for: @jridgewell/gen-mapping@0.3.13 want: ^1.5.0
530 silly placeDep ROOT @jridgewell/resolve-uri@3.1.2 OK for: @jridgewell/trace-mapping@0.3.31 want: ^3.1.0
531 silly placeDep ROOT @types/babel__generator@7.27.0 OK for: @types/babel__core@7.20.5 want: *
532 silly placeDep ROOT @types/babel__template@7.4.4 OK for: @types/babel__core@7.20.5 want: *
533 silly placeDep ROOT @types/babel__traverse@7.28.0 OK for: @types/babel__core@7.20.5 want: *
534 silly fetch manifest react@^16.8.0 || ^17.0.0 || ^18.0.0 || ^19.0.0
535 silly packumentCache full:https://registry.npmjs.org/react cache-miss
536 http cache https://registry.npmjs.org/react 39ms (cache hit)
537 silly packumentCache full:https://registry.npmjs.org/react set size:6951203 disposed:false
538 silly fetch manifest react-dom@^16.8.0 || ^17.0.0 || ^18.0.0 || ^19.0.0
539 silly packumentCache full:https://registry.npmjs.org/react-dom cache-miss
540 http cache https://registry.npmjs.org/react-dom 44ms (cache hit)
541 silly packumentCache full:https://registry.npmjs.org/react-dom set size:9352158 disposed:false
542 silly fetch manifest react@^16.8.0 || ^17.0.0 || ^18.0.0
543 silly packumentCache full:https://registry.npmjs.org/react cache-miss
544 http cache https://registry.npmjs.org/react 43ms (cache hit)
545 silly packumentCache full:https://registry.npmjs.org/react set size:6951203 disposed:false
546 silly fetch manifest react-dom@^16.8.0 || ^17.0.0 || ^18.0.0
547 silly packumentCache full:https://registry.npmjs.org/react-dom cache-miss
548 http cache https://registry.npmjs.org/react-dom 53ms (cache hit)
549 silly packumentCache full:https://registry.npmjs.org/react-dom set size:9352158 disposed:false
550 silly placeDep ROOT @floating-ui/dom@1.8.0 OK for: antd-mobile@5.42.3 want: ^1.4.2
551 silly placeDep ROOT @rc-component/mini-decimal@1.1.4 OK for: antd-mobile@5.42.3 want: ^1.1.0
552 silly placeDep ROOT @react-spring/web@9.6.1 OK for: antd-mobile@5.42.3 want: ~9.6.1
553 silly placeDep ROOT @use-gesture/react@10.3.0 OK for: antd-mobile@5.42.3 want: 10.3.0
554 silly placeDep ROOT ahooks@3.9.7 OK for: antd-mobile@5.42.3 want: ^3.7.6
555 silly placeDep ROOT antd-mobile-icons@0.3.0 OK for: antd-mobile@5.42.3 want: ^0.3.0
556 silly placeDep ROOT antd-mobile-v5-count@1.0.1 OK for: antd-mobile@5.42.3 want: ^1.0.1
557 silly placeDep ROOT classnames@2.5.1 OK for: antd-mobile@5.42.3 want: ^2.3.2
558 silly placeDep ROOT dayjs@1.11.23 OK for: antd-mobile@5.42.3 want: ^1.11.7
559 silly placeDep ROOT deepmerge@4.3.1 OK for: antd-mobile@5.42.3 want: ^4.3.1
560 silly placeDep ROOT nano-memoize@3.0.16 OK for: antd-mobile@5.42.3 want: ^3.0.16
561 silly placeDep ROOT rc-field-form@1.44.0 OK for: antd-mobile@5.42.3 want: ^1.34.2
562 silly placeDep ROOT rc-segmented@2.4.1 OK for: antd-mobile@5.42.3 want: ~2.4.1
563 silly placeDep ROOT rc-util@5.44.4 OK for: antd-mobile@5.42.3 want: ^5.44.4
564 silly placeDep ROOT react-fast-compare@3.2.2 OK for: antd-mobile@5.42.3 want: ^3.2.2
565 silly placeDep ROOT react-is@18.3.1 OK for: antd-mobile@5.42.3 want: ^18.2.0
566 silly placeDep ROOT runes2@1.1.4 OK for: antd-mobile@5.42.3 want: ^1.1.2
567 silly placeDep ROOT staged-components@1.1.3 OK for: antd-mobile@5.42.3 want: ^1.1.3
568 silly placeDep ROOT tslib@2.8.1 OK for: antd-mobile@5.42.3 want: ^2.5.0
569 silly placeDep ROOT use-sync-external-store@1.6.0 OK for: antd-mobile@5.42.3 want: ^1.2.0
570 silly fetch manifest @floating-ui/core@^1.8.0
571 silly packumentCache full:https://registry.npmjs.org/@floating-ui%2fcore cache-miss
572 silly fetch manifest @floating-ui/utils@^0.2.12
573 silly packumentCache full:https://registry.npmjs.org/@floating-ui%2futils cache-miss
574 silly fetch manifest @babel/runtime@^7.18.0
575 silly packumentCache full:https://registry.npmjs.org/@babel%2fruntime cache-miss
576 silly fetch manifest @react-spring/core@~9.6.1
577 silly packumentCache full:https://registry.npmjs.org/@react-spring%2fcore cache-miss
578 silly fetch manifest @react-spring/types@~9.6.1
579 silly packumentCache full:https://registry.npmjs.org/@react-spring%2ftypes cache-miss
580 silly fetch manifest @react-spring/shared@~9.6.1
581 silly packumentCache full:https://registry.npmjs.org/@react-spring%2fshared cache-miss
582 silly fetch manifest @react-spring/animated@~9.6.1
583 silly packumentCache full:https://registry.npmjs.org/@react-spring%2fanimated cache-miss
584 silly fetch manifest @use-gesture/core@10.3.0
585 silly packumentCache full:https://registry.npmjs.org/@use-gesture%2fcore cache-miss
586 silly fetch manifest @types/js-cookie@^3.0.6
587 silly packumentCache full:https://registry.npmjs.org/@types%2fjs-cookie cache-miss
588 silly fetch manifest @babel/runtime@^7.21.0
589 silly packumentCache full:https://registry.npmjs.org/@babel%2fruntime cache-miss
590 silly fetch manifest dayjs@^1.9.1
591 silly packumentCache full:https://registry.npmjs.org/dayjs cache-miss
592 http cache https://registry.npmjs.org/dayjs 22ms (cache hit)
593 silly packumentCache full:https://registry.npmjs.org/dayjs set size:497431 disposed:false
594 silly fetch manifest intersection-observer@^0.12.0
595 silly packumentCache full:https://registry.npmjs.org/intersection-observer cache-miss
596 http fetch GET 200 https://registry.npmjs.org/intersection-observer 519ms (cache miss)
597 silly packumentCache full:https://registry.npmjs.org/intersection-observer set size:undefined disposed:false
598 silly fetch manifest js-cookie@^3.0.5
599 silly packumentCache full:https://registry.npmjs.org/js-cookie cache-miss
600 http fetch GET 200 https://registry.npmjs.org/@floating-ui%2futils 968ms (cache miss)
601 silly packumentCache full:https://registry.npmjs.org/@floating-ui%2futils set size:undefined disposed:false
602 silly fetch manifest lodash@^4.17.21
603 silly packumentCache full:https://registry.npmjs.org/lodash cache-miss
604 http fetch GET 200 https://registry.npmjs.org/@use-gesture%2fcore 966ms (cache miss)
605 silly packumentCache full:https://registry.npmjs.org/@use-gesture%2fcore set size:undefined disposed:false
606 silly fetch manifest resize-observer-polyfill@^1.5.1
607 silly packumentCache full:https://registry.npmjs.org/resize-observer-polyfill cache-miss
608 http fetch GET 200 https://registry.npmjs.org/@types%2fjs-cookie 1105ms (cache miss)
609 silly packumentCache full:https://registry.npmjs.org/@types%2fjs-cookie set size:undefined disposed:false
610 silly fetch manifest screenfull@^5.0.0
611 silly packumentCache full:https://registry.npmjs.org/screenfull cache-miss
612 http fetch GET 200 https://registry.npmjs.org/@react-spring%2fcore 1369ms (cache miss)
613 silly packumentCache full:https://registry.npmjs.org/@react-spring%2fcore set size:undefined disposed:false
614 silly fetch manifest tslib@^2.4.1
615 silly packumentCache full:https://registry.npmjs.org/tslib cache-miss
616 http cache https://registry.npmjs.org/tslib 6ms (cache hit)
617 silly packumentCache full:https://registry.npmjs.org/tslib set size:108843 disposed:false
618 silly fetch manifest rc-util@^5.32.2
619 silly packumentCache full:https://registry.npmjs.org/rc-util cache-miss
620 http fetch GET 200 https://registry.npmjs.org/js-cookie 829ms (cache miss)
621 silly packumentCache full:https://registry.npmjs.org/js-cookie set size:undefined disposed:false
622 silly fetch manifest @babel/runtime@^7.18.0
623 silly packumentCache full:https://registry.npmjs.org/@babel%2fruntime cache-miss
624 http cache https://registry.npmjs.org/rc-util 12ms (cache hit)
625 silly packumentCache full:https://registry.npmjs.org/rc-util set size:667153 disposed:false
626 silly fetch manifest async-validator@^4.1.0
627 silly packumentCache full:https://registry.npmjs.org/async-validator cache-miss
628 http fetch GET 200 https://registry.npmjs.org/@babel%2fruntime 1491ms (cache miss)
629 silly packumentCache full:https://registry.npmjs.org/@babel%2fruntime set size:undefined disposed:false
630 silly fetch manifest rc-util@^5.17.0
631 silly packumentCache full:https://registry.npmjs.org/rc-util cache-hit
632 silly fetch manifest rc-motion@^2.4.4
633 silly packumentCache full:https://registry.npmjs.org/rc-motion cache-miss
634 http fetch GET 200 https://registry.npmjs.org/@react-spring%2fanimated 1535ms (cache miss)
635 silly packumentCache full:https://registry.npmjs.org/@react-spring%2fanimated set size:undefined disposed:false
636 silly fetch manifest @babel/runtime@^7.11.1
637 silly packumentCache full:https://registry.npmjs.org/@babel%2fruntime cache-miss
638 http fetch GET 200 https://registry.npmjs.org/resize-observer-polyfill 572ms (cache miss)
639 silly packumentCache full:https://registry.npmjs.org/resize-observer-polyfill set size:undefined disposed:false
640 silly fetch manifest @babel/runtime@^7.18.3
641 silly packumentCache full:https://registry.npmjs.org/@babel%2fruntime cache-miss
642 http cache https://registry.npmjs.org/@babel%2fruntime 40ms (cache hit)
643 silly packumentCache full:https://registry.npmjs.org/@babel%2fruntime set size:3471810 disposed:false
644 http cache https://registry.npmjs.org/@babel%2fruntime 61ms (cache hit)
645 silly packumentCache full:https://registry.npmjs.org/@babel%2fruntime set size:3471810 disposed:false
646 http fetch GET 200 https://registry.npmjs.org/screenfull 802ms (cache miss)
647 silly packumentCache full:https://registry.npmjs.org/screenfull set size:undefined disposed:false
648 http fetch GET 200 https://registry.npmjs.org/rc-motion 572ms (cache miss)
649 silly packumentCache full:https://registry.npmjs.org/rc-motion set size:undefined disposed:false
650 http fetch GET 200 https://registry.npmjs.org/@react-spring%2ftypes 2131ms (cache miss)
651 silly packumentCache full:https://registry.npmjs.org/@react-spring%2ftypes set size:undefined disposed:false
652 http fetch GET 200 https://registry.npmjs.org/@react-spring%2fshared 2323ms (cache miss)
653 silly packumentCache full:https://registry.npmjs.org/@react-spring%2fshared set size:undefined disposed:false
654 http fetch GET 200 https://registry.npmjs.org/async-validator 1545ms (cache miss)
655 silly packumentCache full:https://registry.npmjs.org/async-validator set size:undefined disposed:false
656 http fetch GET 200 https://registry.npmjs.org/@babel%2fruntime 2138ms (cache miss)
657 silly packumentCache full:https://registry.npmjs.org/@babel%2fruntime set size:undefined disposed:false
658 http fetch GET 200 https://registry.npmjs.org/@floating-ui%2fcore 3620ms (cache miss)
659 silly packumentCache full:https://registry.npmjs.org/@floating-ui%2fcore set size:undefined disposed:false
660 http fetch GET 200 https://registry.npmjs.org/lodash 2664ms (cache miss)
661 silly packumentCache full:https://registry.npmjs.org/lodash set size:undefined disposed:false
662 http fetch GET 200 https://registry.npmjs.org/@babel%2fruntime 7430ms (cache miss)
663 silly packumentCache full:https://registry.npmjs.org/@babel%2fruntime set size:undefined disposed:false
664 silly placeDep ROOT @floating-ui/core@1.8.0 OK for: @floating-ui/dom@1.8.0 want: ^1.8.0
665 silly placeDep ROOT @floating-ui/utils@0.2.12 OK for: @floating-ui/dom@1.8.0 want: ^0.2.12
666 silly placeDep ROOT @babel/runtime@7.29.7 OK for: @rc-component/mini-decimal@1.1.4 want: ^7.18.0
667 silly placeDep ROOT @react-spring/animated@9.6.1 OK for: @react-spring/web@9.6.1 want: ~9.6.1
668 silly placeDep ROOT @react-spring/core@9.6.1 OK for: @react-spring/web@9.6.1 want: ~9.6.1
669 silly placeDep ROOT @react-spring/shared@9.6.1 OK for: @react-spring/web@9.6.1 want: ~9.6.1
670 silly placeDep ROOT @react-spring/types@9.6.1 OK for: @react-spring/web@9.6.1 want: ~9.6.1
671 silly fetch manifest @react-spring/rafz@~9.6.1
672 silly packumentCache full:https://registry.npmjs.org/@react-spring%2frafz cache-miss
673 silly fetch manifest @react-spring/rafz@~9.6.1
674 silly packumentCache full:https://registry.npmjs.org/@react-spring%2frafz cache-miss
675 http fetch GET 200 https://registry.npmjs.org/@react-spring%2frafz 921ms (cache miss)
676 silly packumentCache full:https://registry.npmjs.org/@react-spring%2frafz set size:undefined disposed:false
677 http fetch GET 200 https://registry.npmjs.org/@react-spring%2frafz 4276ms (cache miss)
678 silly packumentCache full:https://registry.npmjs.org/@react-spring%2frafz set size:undefined disposed:false
679 silly placeDep ROOT @react-spring/rafz@9.6.1 OK for: @react-spring/core@9.6.1 want: ~9.6.1
680 silly placeDep ROOT @use-gesture/core@10.3.0 OK for: @use-gesture/react@10.3.0 want: 10.3.0
681 silly placeDep ROOT @types/js-cookie@3.0.6 OK for: ahooks@3.9.7 want: ^3.0.6
682 silly placeDep ROOT intersection-observer@0.12.2 OK for: ahooks@3.9.7 want: ^0.12.0
683 silly placeDep ROOT js-cookie@3.0.8 OK for: ahooks@3.9.7 want: ^3.0.5
684 silly placeDep ROOT lodash@4.18.1 OK for: ahooks@3.9.7 want: ^4.17.21
685 silly placeDep ROOT resize-observer-polyfill@1.5.1 OK for: ahooks@3.9.7 want: ^1.5.1
686 silly placeDep ROOT screenfull@5.2.0 OK for: ahooks@3.9.7 want: ^5.0.0
687 silly placeDep ROOT follow-redirects@1.16.0 OK for: axios@1.20.0 want: ^1.16.0
688 silly placeDep ROOT form-data@4.0.6 OK for: axios@1.20.0 want: ^4.0.6
689 silly placeDep ROOT https-proxy-agent@5.0.1 OK for: axios@1.20.0 want: ^5.0.1
690 silly placeDep ROOT proxy-from-env@2.1.0 OK for: axios@1.20.0 want: ^2.1.0
691 silly fetch manifest hasown@^2.0.4
692 silly packumentCache full:https://registry.npmjs.org/hasown cache-miss
693 silly fetch manifest asynckit@^0.4.0
694 silly packumentCache full:https://registry.npmjs.org/asynckit cache-miss
695 silly fetch manifest mime-types@^2.1.35
696 silly packumentCache full:https://registry.npmjs.org/mime-types cache-miss
697 silly fetch manifest combined-stream@^1.0.8
698 silly packumentCache full:https://registry.npmjs.org/combined-stream cache-miss
699 silly fetch manifest es-set-tostringtag@^2.1.0
700 silly packumentCache full:https://registry.npmjs.org/es-set-tostringtag cache-miss
701 silly fetch manifest agent-base@6
702 silly packumentCache full:https://registry.npmjs.org/agent-base cache-miss
703 http fetch GET 200 https://registry.npmjs.org/combined-stream 378ms (cache miss)
704 silly packumentCache full:https://registry.npmjs.org/combined-stream set size:undefined disposed:false
705 http fetch GET 200 https://registry.npmjs.org/hasown 465ms (cache miss)
706 silly packumentCache full:https://registry.npmjs.org/hasown set size:undefined disposed:false
707 http fetch GET 200 https://registry.npmjs.org/agent-base 522ms (cache miss)
708 silly packumentCache full:https://registry.npmjs.org/agent-base set size:undefined disposed:false
709 http fetch GET 200 https://registry.npmjs.org/asynckit 633ms (cache miss)
710 silly packumentCache full:https://registry.npmjs.org/asynckit set size:undefined disposed:false
711 http fetch GET 200 https://registry.npmjs.org/es-set-tostringtag 689ms (cache miss)
712 silly packumentCache full:https://registry.npmjs.org/es-set-tostringtag set size:undefined disposed:false
713 http fetch GET 200 https://registry.npmjs.org/mime-types 3831ms (cache miss)
714 silly packumentCache full:https://registry.npmjs.org/mime-types set size:undefined disposed:false
715 silly fetch manifest browserslist@>= 4.21.0
716 silly packumentCache full:https://registry.npmjs.org/browserslist cache-miss
717 http cache https://registry.npmjs.org/browserslist 19ms (cache hit)
718 silly packumentCache full:https://registry.npmjs.org/browserslist set size:521015 disposed:false
719 silly placeDep ROOT baseline-browser-mapping@2.11.21 OK for: browserslist@4.28.9 want: ^2.11.20
720 silly placeDep ROOT caniuse-lite@1.0.30001810 OK for: browserslist@4.28.9 want: ^1.0.30001810
721 silly placeDep ROOT electron-to-chromium@1.5.422 OK for: browserslist@4.28.9 want: ^1.5.420
722 silly placeDep ROOT node-releases@2.0.54 OK for: browserslist@4.28.9 want: ^2.0.54
723 silly placeDep ROOT update-browserslist-db@1.3.2 OK for: browserslist@4.28.9 want: ^1.3.2
724 silly fetch manifest escalade@^3.2.0
725 silly packumentCache full:https://registry.npmjs.org/escalade cache-miss
726 http fetch GET 200 https://registry.npmjs.org/escalade 3723ms (cache miss)
727 silly packumentCache full:https://registry.npmjs.org/escalade set size:undefined disposed:false
728 silly placeDep ROOT ms@2.1.3 OK for: debug@4.4.3 want: ^2.1.3
729 silly placeDep ROOT asynckit@0.4.0 OK for: form-data@4.0.6 want: ^0.4.0
730 silly placeDep ROOT combined-stream@1.0.8 OK for: form-data@4.0.6 want: ^1.0.8
731 silly placeDep ROOT es-set-tostringtag@2.1.0 OK for: form-data@4.0.6 want: ^2.1.0
732 silly placeDep ROOT hasown@2.0.4 OK for: form-data@4.0.6 want: ^2.0.4
733 silly placeDep ROOT mime-types@2.1.35 OK for: form-data@4.0.6 want: ^2.1.35
734 silly fetch manifest delayed-stream@~1.0.0
735 silly packumentCache full:https://registry.npmjs.org/delayed-stream cache-miss
736 silly fetch manifest es-errors@^1.3.0
737 silly packumentCache full:https://registry.npmjs.org/es-errors cache-miss
738 silly fetch manifest get-intrinsic@^1.2.6
739 silly packumentCache full:https://registry.npmjs.org/get-intrinsic cache-miss
740 silly fetch manifest has-tostringtag@^1.0.2
741 silly packumentCache full:https://registry.npmjs.org/has-tostringtag cache-miss
742 silly fetch manifest hasown@^2.0.2
743 silly packumentCache full:https://registry.npmjs.org/hasown cache-miss
744 silly fetch manifest function-bind@^1.1.2
745 silly packumentCache full:https://registry.npmjs.org/function-bind cache-miss
746 silly fetch manifest mime-db@1.52.0
747 silly packumentCache full:https://registry.npmjs.org/mime-db cache-miss
748 http cache https://registry.npmjs.org/hasown 21ms (cache hit)
749 silly packumentCache full:https://registry.npmjs.org/hasown set size:18361 disposed:false
750 http fetch GET 200 https://registry.npmjs.org/function-bind 470ms (cache miss)
751 silly packumentCache full:https://registry.npmjs.org/function-bind set size:undefined disposed:false
752 http fetch GET 200 https://registry.npmjs.org/es-errors 475ms (cache miss)
753 silly packumentCache full:https://registry.npmjs.org/es-errors set size:undefined disposed:false
754 http fetch GET 200 https://registry.npmjs.org/delayed-stream 575ms (cache miss)
755 silly packumentCache full:https://registry.npmjs.org/delayed-stream set size:undefined disposed:false
756 http fetch GET 200 https://registry.npmjs.org/has-tostringtag 642ms (cache miss)
757 silly packumentCache full:https://registry.npmjs.org/has-tostringtag set size:undefined disposed:false
758 http fetch GET 200 https://registry.npmjs.org/get-intrinsic 772ms (cache miss)
759 silly packumentCache full:https://registry.npmjs.org/get-intrinsic set size:undefined disposed:false
760 http fetch GET 200 https://registry.npmjs.org/mime-db 1188ms (cache miss)
761 silly packumentCache full:https://registry.npmjs.org/mime-db set size:undefined disposed:false
762 silly placeDep ROOT delayed-stream@1.0.0 OK for: combined-stream@1.0.8 want: ~1.0.0
763 silly placeDep ROOT es-errors@1.3.0 OK for: es-set-tostringtag@2.1.0 want: ^1.3.0
764 silly placeDep ROOT get-intrinsic@1.3.0 OK for: es-set-tostringtag@2.1.0 want: ^1.2.6
765 silly placeDep ROOT has-tostringtag@1.0.2 OK for: es-set-tostringtag@2.1.0 want: ^1.0.2
766 silly fetch manifest gopd@^1.2.0
767 silly packumentCache full:https://registry.npmjs.org/gopd cache-miss
768 silly fetch manifest get-proto@^1.0.1
769 silly packumentCache full:https://registry.npmjs.org/get-proto cache-miss
770 silly fetch manifest has-symbols@^1.1.0
771 silly packumentCache full:https://registry.npmjs.org/has-symbols cache-miss
772 silly fetch manifest es-object-atoms@^1.1.1
773 silly packumentCache full:https://registry.npmjs.org/es-object-atoms cache-miss
774 silly fetch manifest math-intrinsics@^1.1.0
775 silly packumentCache full:https://registry.npmjs.org/math-intrinsics cache-miss
776 silly fetch manifest es-define-property@^1.0.1
777 silly packumentCache full:https://registry.npmjs.org/es-define-property cache-miss
778 silly fetch manifest call-bind-apply-helpers@^1.0.2
779 silly packumentCache full:https://registry.npmjs.org/call-bind-apply-helpers cache-miss
780 silly fetch manifest has-symbols@^1.0.3
781 silly packumentCache full:https://registry.npmjs.org/has-symbols cache-miss
782 http fetch GET 200 https://registry.npmjs.org/es-object-atoms 292ms (cache miss)
783 silly packumentCache full:https://registry.npmjs.org/es-object-atoms set size:undefined disposed:false
784 http fetch GET 200 https://registry.npmjs.org/call-bind-apply-helpers 310ms (cache miss)
785 silly packumentCache full:https://registry.npmjs.org/call-bind-apply-helpers set size:undefined disposed:false
786 http fetch GET 200 https://registry.npmjs.org/has-symbols 319ms (cache miss)
787 silly packumentCache full:https://registry.npmjs.org/has-symbols set size:undefined disposed:false
788 http fetch GET 200 https://registry.npmjs.org/math-intrinsics 450ms (cache miss)
789 silly packumentCache full:https://registry.npmjs.org/math-intrinsics set size:undefined disposed:false
790 http fetch GET 200 https://registry.npmjs.org/gopd 893ms (cache miss)
791 silly packumentCache full:https://registry.npmjs.org/gopd set size:undefined disposed:false
792 http fetch GET 200 https://registry.npmjs.org/get-proto 997ms (cache miss)
793 silly packumentCache full:https://registry.npmjs.org/get-proto set size:undefined disposed:false
794 http fetch GET 200 https://registry.npmjs.org/has-symbols 1087ms (cache miss)
795 silly packumentCache full:https://registry.npmjs.org/has-symbols set size:undefined disposed:false
796 http fetch GET 200 https://registry.npmjs.org/es-define-property 1314ms (cache miss)
797 silly packumentCache full:https://registry.npmjs.org/es-define-property set size:undefined disposed:false
798 silly placeDep ROOT call-bind-apply-helpers@1.0.2 OK for: get-intrinsic@1.3.0 want: ^1.0.2
799 silly placeDep ROOT es-define-property@1.0.1 OK for: get-intrinsic@1.3.0 want: ^1.0.1
800 silly placeDep ROOT es-object-atoms@1.1.2 OK for: get-intrinsic@1.3.0 want: ^1.1.1
801 silly placeDep ROOT function-bind@1.1.2 OK for: get-intrinsic@1.3.0 want: ^1.1.2
802 silly placeDep ROOT get-proto@1.0.1 OK for: get-intrinsic@1.3.0 want: ^1.0.1
803 silly placeDep ROOT gopd@1.2.0 OK for: get-intrinsic@1.3.0 want: ^1.2.0
804 silly placeDep ROOT has-symbols@1.1.0 OK for: get-intrinsic@1.3.0 want: ^1.1.0
805 silly placeDep ROOT math-intrinsics@1.1.0 OK for: get-intrinsic@1.3.0 want: ^1.1.0
806 silly fetch manifest dunder-proto@^1.0.1
807 silly packumentCache full:https://registry.npmjs.org/dunder-proto cache-miss
808 http fetch GET 200 https://registry.npmjs.org/dunder-proto 255ms (cache miss)
809 silly packumentCache full:https://registry.npmjs.org/dunder-proto set size:undefined disposed:false
810 silly placeDep ROOT dunder-proto@1.0.1 OK for: get-proto@1.0.1 want: ^1.0.1
811 silly placeDep ROOT agent-base@6.0.2 OK for: https-proxy-agent@5.0.1 want: 6
812 silly placeDep ROOT yallist@3.1.1 OK for: lru-cache@5.1.1 want: ^3.0.2
813 silly placeDep ROOT mime-db@1.52.0 OK for: mime-types@2.1.35 want: 1.52.0
814 silly placeDep ROOT async-validator@4.2.5 OK for: rc-field-form@1.44.0 want: ^4.1.0
815 silly fetch manifest react@>=16.0.0
816 silly packumentCache full:https://registry.npmjs.org/react cache-miss
817 http cache https://registry.npmjs.org/react 64ms (cache hit)
818 silly packumentCache full:https://registry.npmjs.org/react set size:6951203 disposed:false
819 silly fetch manifest react-dom@>=16.0.0
820 silly packumentCache full:https://registry.npmjs.org/react-dom cache-miss
821 http cache https://registry.npmjs.org/react-dom 39ms (cache hit)
822 silly packumentCache full:https://registry.npmjs.org/react-dom set size:9352158 disposed:false
823 silly placeDep ROOT rc-motion@2.9.5 OK for: rc-segmented@2.4.1 want: ^2.4.4
824 silly placeDep ROOT loose-envify@1.4.0 OK for: react@18.3.1 want: ^1.1.0
825 silly placeDep ROOT scheduler@0.23.2 OK for: react-dom@18.3.1 want: ^0.23.2
826 silly fetch manifest react@>=16.8
827 silly packumentCache full:https://registry.npmjs.org/react cache-miss
828 http cache https://registry.npmjs.org/react 59ms (cache hit)
829 silly packumentCache full:https://registry.npmjs.org/react set size:6951203 disposed:false
830 silly placeDep ROOT @remix-run/router@1.23.4 OK for: react-router-dom@6.30.6 want: 1.23.4
831 silly placeDep ROOT react-router@6.30.6 OK for: react-router-dom@6.30.6 want: 6.30.6
832 silly placeDep ROOT escalade@3.2.0 OK for: update-browserslist-db@1.3.2 want: ^3.2.0
833 silly placeDep ROOT esbuild@0.21.5 OK for: vite@5.4.21 want: ^0.21.3
834 silly placeDep ROOT fsevents@2.3.3 OK for: vite@5.4.21 want: ~2.3.3
835 silly placeDep ROOT postcss@8.5.28 OK for: vite@5.4.21 want: ^8.4.43
836 silly placeDep ROOT rollup@4.63.1 OK for: vite@5.4.21 want: ^4.20.0
837 silly fetch manifest @esbuild/aix-ppc64@0.21.5
838 silly packumentCache full:https://registry.npmjs.org/@esbuild%2faix-ppc64 cache-miss
839 silly fetch manifest @esbuild/linux-arm@0.21.5
840 silly packumentCache full:https://registry.npmjs.org/@esbuild%2flinux-arm cache-miss
841 silly fetch manifest @esbuild/linux-x64@0.21.5
842 silly packumentCache full:https://registry.npmjs.org/@esbuild%2flinux-x64 cache-miss
843 silly fetch manifest @esbuild/sunos-x64@0.21.5
844 silly packumentCache full:https://registry.npmjs.org/@esbuild%2fsunos-x64 cache-miss
845 silly fetch manifest @esbuild/win32-x64@0.21.5
846 silly packumentCache full:https://registry.npmjs.org/@esbuild%2fwin32-x64 cache-miss
847 silly fetch manifest @esbuild/darwin-x64@0.21.5
848 silly packumentCache full:https://registry.npmjs.org/@esbuild%2fdarwin-x64 cache-miss
849 silly fetch manifest @esbuild/linux-ia32@0.21.5
850 silly packumentCache full:https://registry.npmjs.org/@esbuild%2flinux-ia32 cache-miss
851 silly fetch manifest @esbuild/netbsd-x64@0.21.5
852 silly packumentCache full:https://registry.npmjs.org/@esbuild%2fnetbsd-x64 cache-miss
853 silly fetch manifest @esbuild/win32-ia32@0.21.5
854 silly packumentCache full:https://registry.npmjs.org/@esbuild%2fwin32-ia32 cache-miss
855 silly fetch manifest @esbuild/android-arm@0.21.5
856 silly packumentCache full:https://registry.npmjs.org/@esbuild%2fandroid-arm cache-miss
857 silly fetch manifest @esbuild/android-x64@0.21.5
858 silly packumentCache full:https://registry.npmjs.org/@esbuild%2fandroid-x64 cache-miss
859 http fetch GET 200 https://registry.npmjs.org/@esbuild%2faix-ppc64 508ms (cache miss)
860 silly packumentCache full:https://registry.npmjs.org/@esbuild%2faix-ppc64 set size:undefined disposed:false
861 silly fetch manifest @esbuild/freebsd-x64@0.21.5
862 silly packumentCache full:https://registry.npmjs.org/@esbuild%2ffreebsd-x64 cache-miss
863 http fetch GET 200 https://registry.npmjs.org/@esbuild%2fnetbsd-x64 787ms (cache miss)
864 silly packumentCache full:https://registry.npmjs.org/@esbuild%2fnetbsd-x64 set size:undefined disposed:false
865 silly fetch manifest @esbuild/linux-arm64@0.21.5
866 silly packumentCache full:https://registry.npmjs.org/@esbuild%2flinux-arm64 cache-miss
867 http fetch GET 200 https://registry.npmjs.org/@esbuild%2flinux-ia32 1408ms (cache miss)
868 silly packumentCache full:https://registry.npmjs.org/@esbuild%2flinux-ia32 set size:undefined disposed:false
869 silly fetch manifest @esbuild/linux-ppc64@0.21.5
870 silly packumentCache full:https://registry.npmjs.org/@esbuild%2flinux-ppc64 cache-miss
871 http fetch GET 200 https://registry.npmjs.org/@esbuild%2flinux-arm 1445ms (cache miss)
872 silly packumentCache full:https://registry.npmjs.org/@esbuild%2flinux-arm set size:undefined disposed:false
873 silly fetch manifest @esbuild/linux-s390x@0.21.5
874 silly packumentCache full:https://registry.npmjs.org/@esbuild%2flinux-s390x cache-miss
875 http fetch GET 200 https://registry.npmjs.org/@esbuild%2fandroid-arm 1479ms (cache miss)
876 silly packumentCache full:https://registry.npmjs.org/@esbuild%2fandroid-arm set size:undefined disposed:false
877 silly fetch manifest @esbuild/openbsd-x64@0.21.5
878 silly packumentCache full:https://registry.npmjs.org/@esbuild%2fopenbsd-x64 cache-miss
879 http fetch GET 200 https://registry.npmjs.org/@esbuild%2fandroid-x64 1550ms (cache miss)
880 silly packumentCache full:https://registry.npmjs.org/@esbuild%2fandroid-x64 set size:undefined disposed:false
881 silly fetch manifest @esbuild/win32-arm64@0.21.5
882 silly packumentCache full:https://registry.npmjs.org/@esbuild%2fwin32-arm64 cache-miss
883 http fetch GET 200 https://registry.npmjs.org/@esbuild%2flinux-arm64 797ms (cache miss)
884 silly packumentCache full:https://registry.npmjs.org/@esbuild%2flinux-arm64 set size:undefined disposed:false
885 silly fetch manifest @esbuild/darwin-arm64@0.21.5
886 silly packumentCache full:https://registry.npmjs.org/@esbuild%2fdarwin-arm64 cache-miss
887 http fetch GET 200 https://registry.npmjs.org/@esbuild%2fsunos-x64 1839ms (cache miss)
888 silly packumentCache full:https://registry.npmjs.org/@esbuild%2fsunos-x64 set size:undefined disposed:false
889 silly fetch manifest @esbuild/android-arm64@0.21.5
890 silly packumentCache full:https://registry.npmjs.org/@esbuild%2fandroid-arm64 cache-miss
891 http fetch GET 200 https://registry.npmjs.org/@esbuild%2fwin32-x64 1971ms (cache miss)
892 silly packumentCache full:https://registry.npmjs.org/@esbuild%2fwin32-x64 set size:undefined disposed:false
893 silly fetch manifest @esbuild/freebsd-arm64@0.21.5
894 silly packumentCache full:https://registry.npmjs.org/@esbuild%2ffreebsd-arm64 cache-miss
895 http fetch GET 200 https://registry.npmjs.org/@esbuild%2ffreebsd-x64 1569ms (cache miss)
896 silly packumentCache full:https://registry.npmjs.org/@esbuild%2ffreebsd-x64 set size:undefined disposed:false
897 silly fetch manifest @esbuild/linux-loong64@0.21.5
898 silly packumentCache full:https://registry.npmjs.org/@esbuild%2flinux-loong64 cache-miss
899 http fetch GET 200 https://registry.npmjs.org/@esbuild%2flinux-s390x 993ms (cache miss)
900 silly packumentCache full:https://registry.npmjs.org/@esbuild%2flinux-s390x set size:undefined disposed:false
901 silly fetch manifest @esbuild/linux-riscv64@0.21.5
902 silly packumentCache full:https://registry.npmjs.org/@esbuild%2flinux-riscv64 cache-miss
903 http fetch GET 200 https://registry.npmjs.org/@esbuild%2flinux-x64 2678ms (cache miss)
904 silly packumentCache full:https://registry.npmjs.org/@esbuild%2flinux-x64 set size:undefined disposed:false
905 silly fetch manifest @esbuild/linux-mips64el@0.21.5
906 silly packumentCache full:https://registry.npmjs.org/@esbuild%2flinux-mips64el cache-miss
907 http fetch GET 200 https://registry.npmjs.org/@esbuild%2fwin32-arm64 1267ms (cache miss)
908 silly packumentCache full:https://registry.npmjs.org/@esbuild%2fwin32-arm64 set size:undefined disposed:false
909 silly fetch manifest nanoid@^3.3.18
910 silly packumentCache full:https://registry.npmjs.org/nanoid cache-miss
911 http fetch GET 200 https://registry.npmjs.org/@esbuild%2flinux-ppc64 1476ms (cache miss)
912 silly packumentCache full:https://registry.npmjs.org/@esbuild%2flinux-ppc64 set size:undefined disposed:false
913 silly fetch manifest source-map-js@^1.2.1
914 silly packumentCache full:https://registry.npmjs.org/source-map-js cache-miss
915 http fetch GET 200 https://registry.npmjs.org/@esbuild%2fwin32-ia32 2902ms (cache miss)
916 silly packumentCache full:https://registry.npmjs.org/@esbuild%2fwin32-ia32 set size:undefined disposed:false
917 silly fetch manifest @types/estree@1.0.9
918 silly packumentCache full:https://registry.npmjs.org/@types%2festree cache-miss
919 http fetch GET 200 https://registry.npmjs.org/@esbuild%2fdarwin-arm64 1314ms (cache miss)
920 silly packumentCache full:https://registry.npmjs.org/@esbuild%2fdarwin-arm64 set size:undefined disposed:false
921 silly fetch manifest @rollup/rollup-darwin-x64@4.63.1
922 silly packumentCache full:https://registry.npmjs.org/@rollup%2frollup-darwin-x64 cache-miss
923 http fetch GET 200 https://registry.npmjs.org/@esbuild%2fdarwin-x64 3056ms (cache miss)
924 silly packumentCache full:https://registry.npmjs.org/@esbuild%2fdarwin-x64 set size:undefined disposed:false
925 silly fetch manifest @rollup/rollup-freebsd-x64@4.63.1
926 silly packumentCache full:https://registry.npmjs.org/@rollup%2frollup-freebsd-x64 cache-miss
927 http fetch GET 200 https://registry.npmjs.org/@esbuild%2fopenbsd-x64 1599ms (cache miss)
928 silly packumentCache full:https://registry.npmjs.org/@esbuild%2fopenbsd-x64 set size:undefined disposed:false
929 silly fetch manifest @rollup/rollup-openbsd-x64@4.63.1
930 silly packumentCache full:https://registry.npmjs.org/@rollup%2frollup-openbsd-x64 cache-miss
931 http fetch GET 200 https://registry.npmjs.org/@esbuild%2fandroid-arm64 1743ms (cache miss)
932 silly packumentCache full:https://registry.npmjs.org/@esbuild%2fandroid-arm64 set size:undefined disposed:false
933 silly fetch manifest @napi-rs/lzma-linux-x64-gnu@1.5.1
934 silly packumentCache full:https://registry.npmjs.org/@napi-rs%2flzma-linux-x64-gnu cache-miss
935 http fetch GET 200 https://registry.npmjs.org/@rollup%2frollup-openbsd-x64 596ms (cache miss)
936 silly packumentCache full:https://registry.npmjs.org/@rollup%2frollup-openbsd-x64 set size:undefined disposed:false
937 silly fetch manifest @rollup/rollup-darwin-arm64@4.63.1
938 silly packumentCache full:https://registry.npmjs.org/@rollup%2frollup-darwin-arm64 cache-miss
939 http fetch GET 200 https://registry.npmjs.org/@types%2festree 928ms (cache miss)
940 silly packumentCache full:https://registry.npmjs.org/@types%2festree set size:undefined disposed:false
941 silly fetch manifest @rollup/rollup-android-arm64@4.63.1
942 silly packumentCache full:https://registry.npmjs.org/@rollup%2frollup-android-arm64 cache-miss
943 http fetch GET 200 https://registry.npmjs.org/@esbuild%2flinux-riscv64 1516ms (cache miss)
944 silly packumentCache full:https://registry.npmjs.org/@esbuild%2flinux-riscv64 set size:undefined disposed:false
945 silly fetch manifest @rollup/rollup-freebsd-arm64@4.63.1
946 silly packumentCache full:https://registry.npmjs.org/@rollup%2frollup-freebsd-arm64 cache-miss
947 http fetch GET 200 https://registry.npmjs.org/@rollup%2frollup-darwin-x64 1056ms (cache miss)
948 silly packumentCache full:https://registry.npmjs.org/@rollup%2frollup-darwin-x64 set size:undefined disposed:false
949 silly fetch manifest @rollup/rollup-linux-x64-gnu@4.63.1
950 silly packumentCache full:https://registry.npmjs.org/@rollup%2frollup-linux-x64-gnu cache-miss
951 http fetch GET 200 https://registry.npmjs.org/@esbuild%2flinux-mips64el 1325ms (cache miss)
952 silly packumentCache full:https://registry.npmjs.org/@esbuild%2flinux-mips64el set size:undefined disposed:false
953 silly fetch manifest @rollup/rollup-win32-x64-gnu@4.63.1
954 silly packumentCache full:https://registry.npmjs.org/@rollup%2frollup-win32-x64-gnu cache-miss
955 http fetch GET 200 https://registry.npmjs.org/source-map-js 1123ms (cache miss)
956 silly packumentCache full:https://registry.npmjs.org/source-map-js set size:undefined disposed:false
957 silly fetch manifest @rollup/rollup-linux-x64-musl@4.63.1
958 silly packumentCache full:https://registry.npmjs.org/@rollup%2frollup-linux-x64-musl cache-miss
959 http fetch GET 200 https://registry.npmjs.org/@napi-rs%2flzma-linux-x64-gnu 423ms (cache miss)
960 silly packumentCache full:https://registry.npmjs.org/@napi-rs%2flzma-linux-x64-gnu set size:undefined disposed:false
961 silly fetch manifest @rollup/rollup-win32-x64-msvc@4.63.1
962 silly packumentCache full:https://registry.npmjs.org/@rollup%2frollup-win32-x64-msvc cache-miss
963 http fetch GET 200 https://registry.npmjs.org/@esbuild%2flinux-loong64 1966ms (cache miss)
964 silly packumentCache full:https://registry.npmjs.org/@esbuild%2flinux-loong64 set size:undefined disposed:false
965 silly fetch manifest @rollup/rollup-linux-arm64-gnu@4.63.1
966 silly packumentCache full:https://registry.npmjs.org/@rollup%2frollup-linux-arm64-gnu cache-miss
967 http fetch GET 200 https://registry.npmjs.org/@esbuild%2ffreebsd-arm64 2121ms (cache miss)
968 silly packumentCache full:https://registry.npmjs.org/@esbuild%2ffreebsd-arm64 set size:undefined disposed:false
969 silly fetch manifest @rollup/rollup-linux-ppc64-gnu@4.63.1
970 silly packumentCache full:https://registry.npmjs.org/@rollup%2frollup-linux-ppc64-gnu cache-miss
971 http fetch GET 200 https://registry.npmjs.org/nanoid 1482ms (cache miss)
972 silly packumentCache full:https://registry.npmjs.org/nanoid set size:undefined disposed:false
973 silly fetch manifest @rollup/rollup-linux-s390x-gnu@4.63.1
974 silly packumentCache full:https://registry.npmjs.org/@rollup%2frollup-linux-s390x-gnu cache-miss
975 http fetch GET 200 https://registry.npmjs.org/@rollup%2frollup-freebsd-x64 1907ms (cache miss)
976 silly packumentCache full:https://registry.npmjs.org/@rollup%2frollup-freebsd-x64 set size:undefined disposed:false
977 silly fetch manifest @rollup/rollup-win32-ia32-msvc@4.63.1
978 silly packumentCache full:https://registry.npmjs.org/@rollup%2frollup-win32-ia32-msvc cache-miss
979 http fetch GET 200 https://registry.npmjs.org/@rollup%2frollup-linux-x64-gnu 1120ms (cache miss)
980 silly packumentCache full:https://registry.npmjs.org/@rollup%2frollup-linux-x64-gnu set size:undefined disposed:false
981 silly fetch manifest @rollup/rollup-android-arm-eabi@4.63.1
982 silly packumentCache full:https://registry.npmjs.org/@rollup%2frollup-android-arm-eabi cache-miss
983 http fetch GET 200 https://registry.npmjs.org/@rollup%2frollup-win32-x64-gnu 1230ms (cache miss)
984 silly packumentCache full:https://registry.npmjs.org/@rollup%2frollup-win32-x64-gnu set size:undefined disposed:false
985 silly fetch manifest @rollup/rollup-linux-arm64-musl@4.63.1
986 silly packumentCache full:https://registry.npmjs.org/@rollup%2frollup-linux-arm64-musl cache-miss
987 http fetch GET 200 https://registry.npmjs.org/@rollup%2frollup-linux-ppc64-gnu 1210ms (cache miss)
988 silly packumentCache full:https://registry.npmjs.org/@rollup%2frollup-linux-ppc64-gnu set size:undefined disposed:false
989 silly fetch manifest @rollup/rollup-linux-ppc64-musl@4.63.1
990 silly packumentCache full:https://registry.npmjs.org/@rollup%2frollup-linux-ppc64-musl cache-miss
991 http fetch GET 200 https://registry.npmjs.org/@rollup%2frollup-linux-x64-musl 1350ms (cache miss)
992 silly packumentCache full:https://registry.npmjs.org/@rollup%2frollup-linux-x64-musl set size:undefined disposed:false
993 silly fetch manifest @rollup/rollup-win32-arm64-msvc@4.63.1
994 silly packumentCache full:https://registry.npmjs.org/@rollup%2frollup-win32-arm64-msvc cache-miss
995 http fetch GET 200 https://registry.npmjs.org/@rollup%2frollup-freebsd-arm64 1451ms (cache miss)
996 silly packumentCache full:https://registry.npmjs.org/@rollup%2frollup-freebsd-arm64 set size:undefined disposed:false
997 silly fetch manifest @rollup/rollup-linux-loong64-gnu@4.63.1
998 silly packumentCache full:https://registry.npmjs.org/@rollup%2frollup-linux-loong64-gnu cache-miss
999 http fetch GET 200 https://registry.npmjs.org/@rollup%2frollup-linux-s390x-gnu 1264ms (cache miss)
1000 silly packumentCache full:https://registry.npmjs.org/@rollup%2frollup-linux-s390x-gnu set size:undefined disposed:false
1001 silly fetch manifest @rollup/rollup-linux-riscv64-gnu@4.63.1
1002 silly packumentCache full:https://registry.npmjs.org/@rollup%2frollup-linux-riscv64-gnu cache-miss
1003 http fetch GET 200 https://registry.npmjs.org/@rollup%2frollup-darwin-arm64 1936ms (cache miss)
1004 silly packumentCache full:https://registry.npmjs.org/@rollup%2frollup-darwin-arm64 set size:undefined disposed:false
1005 silly fetch manifest @rollup/rollup-openharmony-arm64@4.63.1
1006 silly packumentCache full:https://registry.npmjs.org/@rollup%2frollup-openharmony-arm64 cache-miss
1007 http fetch GET 200 https://registry.npmjs.org/@rollup%2frollup-linux-arm64-gnu 1781ms (cache miss)
1008 silly packumentCache full:https://registry.npmjs.org/@rollup%2frollup-linux-arm64-gnu set size:undefined disposed:false
1009 silly fetch manifest @rollup/rollup-linux-loong64-musl@4.63.1
1010 silly packumentCache full:https://registry.npmjs.org/@rollup%2frollup-linux-loong64-musl cache-miss
1011 http fetch GET 200 https://registry.npmjs.org/@rollup%2frollup-linux-loong64-gnu 480ms (cache miss)
1012 silly packumentCache full:https://registry.npmjs.org/@rollup%2frollup-linux-loong64-gnu set size:undefined disposed:false
1013 silly fetch manifest @rollup/rollup-linux-riscv64-musl@4.63.1
1014 silly packumentCache full:https://registry.npmjs.org/@rollup%2frollup-linux-riscv64-musl cache-miss
1015 http fetch GET 200 https://registry.npmjs.org/@rollup%2frollup-win32-x64-msvc 1906ms (cache miss)
1016 silly packumentCache full:https://registry.npmjs.org/@rollup%2frollup-win32-x64-msvc set size:undefined disposed:false
1017 silly fetch manifest @rollup/rollup-linux-arm-gnueabihf@4.63.1
1018 silly packumentCache full:https://registry.npmjs.org/@rollup%2frollup-linux-arm-gnueabihf cache-miss
1019 http fetch GET 200 https://registry.npmjs.org/@rollup%2frollup-linux-ppc64-musl 779ms (cache miss)
1020 silly packumentCache full:https://registry.npmjs.org/@rollup%2frollup-linux-ppc64-musl set size:undefined disposed:false
1021 silly fetch manifest @rollup/rollup-linux-arm-musleabihf@4.63.1
1022 silly packumentCache full:https://registry.npmjs.org/@rollup%2frollup-linux-arm-musleabihf cache-miss
1023 http fetch GET 200 https://registry.npmjs.org/@rollup%2frollup-openharmony-arm64 578ms (cache miss)
1024 silly packumentCache full:https://registry.npmjs.org/@rollup%2frollup-openharmony-arm64 set size:undefined disposed:false
1025 http fetch GET 200 https://registry.npmjs.org/@rollup%2frollup-win32-arm64-msvc 1247ms (cache miss)
1026 silly packumentCache full:https://registry.npmjs.org/@rollup%2frollup-win32-arm64-msvc set size:undefined disposed:false
1027 http fetch GET 200 https://registry.npmjs.org/@rollup%2frollup-linux-riscv64-gnu 1185ms (cache miss)
1028 silly packumentCache full:https://registry.npmjs.org/@rollup%2frollup-linux-riscv64-gnu set size:undefined disposed:false
1029 http fetch GET 200 https://registry.npmjs.org/@rollup%2frollup-linux-loong64-musl 1085ms (cache miss)
1030 silly packumentCache full:https://registry.npmjs.org/@rollup%2frollup-linux-loong64-musl set size:undefined disposed:false
1031 http fetch GET 200 https://registry.npmjs.org/@rollup%2frollup-android-arm64 3181ms (cache miss)
1032 silly packumentCache full:https://registry.npmjs.org/@rollup%2frollup-android-arm64 set size:undefined disposed:false
1033 http fetch GET 200 https://registry.npmjs.org/@rollup%2frollup-linux-arm64-musl 1797ms (cache miss)
1034 silly packumentCache full:https://registry.npmjs.org/@rollup%2frollup-linux-arm64-musl set size:undefined disposed:false
1035 http fetch GET 200 https://registry.npmjs.org/@rollup%2frollup-android-arm-eabi 2149ms (cache miss)
1036 silly packumentCache full:https://registry.npmjs.org/@rollup%2frollup-android-arm-eabi set size:undefined disposed:false
1037 http fetch GET 200 https://registry.npmjs.org/@rollup%2frollup-linux-arm-gnueabihf 1422ms (cache miss)
1038 silly packumentCache full:https://registry.npmjs.org/@rollup%2frollup-linux-arm-gnueabihf set size:undefined disposed:false
1039 http fetch GET 200 https://registry.npmjs.org/@rollup%2frollup-win32-ia32-msvc 3508ms (cache miss)
1040 silly packumentCache full:https://registry.npmjs.org/@rollup%2frollup-win32-ia32-msvc set size:undefined disposed:false
1041 http fetch GET 200 https://registry.npmjs.org/@rollup%2frollup-linux-arm-musleabihf 2427ms (cache miss)
1042 silly packumentCache full:https://registry.npmjs.org/@rollup%2frollup-linux-arm-musleabihf set size:undefined disposed:false
1043 http fetch GET 200 https://registry.npmjs.org/@rollup%2frollup-linux-riscv64-musl 3700ms (cache miss)
1044 silly packumentCache full:https://registry.npmjs.org/@rollup%2frollup-linux-riscv64-musl set size:undefined disposed:false
1045 silly placeDep ROOT @esbuild/aix-ppc64@0.21.5 OK for: esbuild@0.21.5 want: 0.21.5
1046 silly placeDep ROOT @esbuild/android-arm@0.21.5 OK for: esbuild@0.21.5 want: 0.21.5
1047 silly placeDep ROOT @esbuild/android-arm64@0.21.5 OK for: esbuild@0.21.5 want: 0.21.5
1048 silly placeDep ROOT @esbuild/android-x64@0.21.5 OK for: esbuild@0.21.5 want: 0.21.5
1049 silly placeDep ROOT @esbuild/darwin-arm64@0.21.5 OK for: esbuild@0.21.5 want: 0.21.5
1050 silly placeDep ROOT @esbuild/darwin-x64@0.21.5 OK for: esbuild@0.21.5 want: 0.21.5
1051 silly placeDep ROOT @esbuild/freebsd-arm64@0.21.5 OK for: esbuild@0.21.5 want: 0.21.5
1052 silly placeDep ROOT @esbuild/freebsd-x64@0.21.5 OK for: esbuild@0.21.5 want: 0.21.5
1053 silly placeDep ROOT @esbuild/linux-arm@0.21.5 OK for: esbuild@0.21.5 want: 0.21.5
1054 silly placeDep ROOT @esbuild/linux-arm64@0.21.5 OK for: esbuild@0.21.5 want: 0.21.5
1055 silly placeDep ROOT @esbuild/linux-ia32@0.21.5 OK for: esbuild@0.21.5 want: 0.21.5
1056 silly placeDep ROOT @esbuild/linux-loong64@0.21.5 OK for: esbuild@0.21.5 want: 0.21.5
1057 silly placeDep ROOT @esbuild/linux-mips64el@0.21.5 OK for: esbuild@0.21.5 want: 0.21.5
1058 silly placeDep ROOT @esbuild/linux-ppc64@0.21.5 OK for: esbuild@0.21.5 want: 0.21.5
1059 silly placeDep ROOT @esbuild/linux-riscv64@0.21.5 OK for: esbuild@0.21.5 want: 0.21.5
1060 silly placeDep ROOT @esbuild/linux-s390x@0.21.5 OK for: esbuild@0.21.5 want: 0.21.5
1061 silly placeDep ROOT @esbuild/linux-x64@0.21.5 OK for: esbuild@0.21.5 want: 0.21.5
1062 silly placeDep ROOT @esbuild/netbsd-x64@0.21.5 OK for: esbuild@0.21.5 want: 0.21.5
1063 silly placeDep ROOT @esbuild/openbsd-x64@0.21.5 OK for: esbuild@0.21.5 want: 0.21.5
1064 silly placeDep ROOT @esbuild/sunos-x64@0.21.5 OK for: esbuild@0.21.5 want: 0.21.5
1065 silly placeDep ROOT @esbuild/win32-arm64@0.21.5 OK for: esbuild@0.21.5 want: 0.21.5
1066 silly placeDep ROOT @esbuild/win32-ia32@0.21.5 OK for: esbuild@0.21.5 want: 0.21.5
1067 silly placeDep ROOT @esbuild/win32-x64@0.21.5 OK for: esbuild@0.21.5 want: 0.21.5
1068 silly placeDep ROOT nanoid@3.3.18 OK for: postcss@8.5.28 want: ^3.3.18
1069 silly placeDep ROOT source-map-js@1.2.1 OK for: postcss@8.5.28 want: ^1.2.1
1070 silly placeDep ROOT @napi-rs/lzma-linux-x64-gnu@1.5.1 OK for: rollup@4.63.1 want: 1.5.1
1071 silly placeDep ROOT @rollup/rollup-android-arm-eabi@4.63.1 OK for: rollup@4.63.1 want: 4.63.1
1072 silly placeDep ROOT @rollup/rollup-android-arm64@4.63.1 OK for: rollup@4.63.1 want: 4.63.1
1073 silly placeDep ROOT @rollup/rollup-darwin-arm64@4.63.1 OK for: rollup@4.63.1 want: 4.63.1
1074 silly placeDep ROOT @rollup/rollup-darwin-x64@4.63.1 OK for: rollup@4.63.1 want: 4.63.1
1075 silly placeDep ROOT @rollup/rollup-freebsd-arm64@4.63.1 OK for: rollup@4.63.1 want: 4.63.1
1076 silly placeDep ROOT @rollup/rollup-freebsd-x64@4.63.1 OK for: rollup@4.63.1 want: 4.63.1
1077 silly placeDep ROOT @rollup/rollup-linux-arm-gnueabihf@4.63.1 OK for: rollup@4.63.1 want: 4.63.1
1078 silly placeDep ROOT @rollup/rollup-linux-arm-musleabihf@4.63.1 OK for: rollup@4.63.1 want: 4.63.1
1079 silly placeDep ROOT @rollup/rollup-linux-arm64-gnu@4.63.1 OK for: rollup@4.63.1 want: 4.63.1
1080 silly placeDep ROOT @rollup/rollup-linux-arm64-musl@4.63.1 OK for: rollup@4.63.1 want: 4.63.1
1081 silly placeDep ROOT @rollup/rollup-linux-loong64-gnu@4.63.1 OK for: rollup@4.63.1 want: 4.63.1
1082 silly placeDep ROOT @rollup/rollup-linux-loong64-musl@4.63.1 OK for: rollup@4.63.1 want: 4.63.1
1083 silly placeDep ROOT @rollup/rollup-linux-ppc64-gnu@4.63.1 OK for: rollup@4.63.1 want: 4.63.1
1084 silly placeDep ROOT @rollup/rollup-linux-ppc64-musl@4.63.1 OK for: rollup@4.63.1 want: 4.63.1
1085 silly placeDep ROOT @rollup/rollup-linux-riscv64-gnu@4.63.1 OK for: rollup@4.63.1 want: 4.63.1
1086 silly placeDep ROOT @rollup/rollup-linux-riscv64-musl@4.63.1 OK for: rollup@4.63.1 want: 4.63.1
1087 silly placeDep ROOT @rollup/rollup-linux-s390x-gnu@4.63.1 OK for: rollup@4.63.1 want: 4.63.1
1088 silly placeDep ROOT @rollup/rollup-linux-x64-gnu@4.63.1 OK for: rollup@4.63.1 want: 4.63.1
1089 silly placeDep ROOT @rollup/rollup-linux-x64-musl@4.63.1 OK for: rollup@4.63.1 want: 4.63.1
1090 silly placeDep ROOT @rollup/rollup-openbsd-x64@4.63.1 OK for: rollup@4.63.1 want: 4.63.1
1091 silly placeDep ROOT @rollup/rollup-openharmony-arm64@4.63.1 OK for: rollup@4.63.1 want: 4.63.1
1092 silly placeDep ROOT @rollup/rollup-win32-arm64-msvc@4.63.1 OK for: rollup@4.63.1 want: 4.63.1
1093 silly placeDep ROOT @rollup/rollup-win32-ia32-msvc@4.63.1 OK for: rollup@4.63.1 want: 4.63.1
1094 silly placeDep ROOT @rollup/rollup-win32-x64-gnu@4.63.1 OK for: rollup@4.63.1 want: 4.63.1
1095 silly placeDep ROOT @rollup/rollup-win32-x64-msvc@4.63.1 OK for: rollup@4.63.1 want: 4.63.1
1096 silly placeDep ROOT @types/estree@1.0.9 OK for: rollup@4.63.1 want: 1.0.9
1097 silly reify moves {}
1098 silly audit bulk request {
1098 silly audit   '@tanstack/react-query': [ '5.102.8' ],
1098 silly audit   react: [ '18.3.1' ],
1098 silly audit   '@types/react': [ '18.3.31' ],
1098 silly audit   '@types/react-dom': [ '18.3.7' ],
1098 silly audit   '@vitejs/plugin-react': [ '4.7.0' ],
1098 silly audit   vite: [ '5.4.21' ],
1098 silly audit   'antd-mobile': [ '5.42.3' ],
1098 silly audit   'react-dom': [ '18.3.1' ],
1098 silly audit   axios: [ '1.20.0' ],
1098 silly audit   'react-router-dom': [ '6.30.6' ],
1098 silly audit   typescript: [ '5.6.3' ],
1098 silly audit   zustand: [ '5.0.15' ],
1098 silly audit   '@tanstack/query-core': [ '5.102.8' ],
1098 silly audit   '@types/prop-types': [ '15.7.15' ],
1098 silly audit   csstype: [ '3.2.3' ],
1098 silly audit   '@babel/core': [ '7.29.7' ],
1098 silly audit   '@babel/plugin-transform-react-jsx-self': [ '7.29.7' ],
1098 silly audit   '@babel/plugin-transform-react-jsx-source': [ '7.29.7' ],
1098 silly audit   '@rolldown/pluginutils': [ '1.0.0-beta.27' ],
1098 silly audit   '@types/babel__core': [ '7.20.5' ],
1098 silly audit   'react-refresh': [ '0.17.0' ],
1098 silly audit   '@babel/code-frame': [ '7.29.7' ],
1098 silly audit   '@babel/generator': [ '7.29.8' ],
1098 silly audit   '@babel/helper-compilation-targets': [ '7.29.7' ],
1098 silly audit   '@babel/helper-module-transforms': [ '7.29.7' ],
1098 silly audit   '@babel/helpers': [ '7.29.7' ],
1098 silly audit   '@babel/parser': [ '7.29.8' ],
1098 silly audit   '@babel/template': [ '7.29.7' ],
1098 silly audit   '@babel/traverse': [ '7.29.8' ],
1098 silly audit   '@babel/types': [ '7.29.8' ],
1098 silly audit   '@jridgewell/remapping': [ '2.3.5' ],
1098 silly audit   'convert-source-map': [ '2.0.0' ],
1098 silly audit   debug: [ '4.4.3' ],
1098 silly audit   gensync: [ '1.0.0-beta.2' ],
1098 silly audit   json5: [ '2.2.3' ],
1098 silly audit   semver: [ '6.3.1' ],
1098 silly audit   '@babel/helper-validator-identifier': [ '7.29.7' ],
1098 silly audit   'js-tokens': [ '4.0.0' ],
1098 silly audit   picocolors: [ '1.1.1' ],
1098 silly audit   '@jridgewell/gen-mapping': [ '0.3.13' ],
1098 silly audit   '@jridgewell/trace-mapping': [ '0.3.31' ],
1098 silly audit   jsesc: [ '3.1.0' ],
1098 silly audit   '@babel/compat-data': [ '7.29.7' ],
1098 silly audit   '@babel/helper-validator-option': [ '7.29.7' ],
1098 silly audit   browserslist: [ '4.28.9' ],
1098 silly audit   'lru-cache': [ '5.1.1' ],
1098 silly audit   '@babel/helper-module-imports': [ '7.29.7' ],
1098 silly audit   '@babel/helper-plugin-utils': [ '7.29.7' ],
1098 silly audit   '@babel/helper-globals': [ '7.29.7' ],
1098 silly audit   '@babel/helper-string-parser': [ '7.29.7' ],
1098 silly audit   '@jridgewell/sourcemap-codec': [ '1.6.0' ],
1098 silly audit   '@jridgewell/resolve-uri': [ '3.1.2' ],
1098 silly audit   '@types/babel__generator': [ '7.27.0' ],
1098 silly audit   '@types/babel__template': [ '7.4.4' ],
1098 silly audit   '@types/babel__traverse': [ '7.28.0' ],
1098 silly audit   '@floating-ui/dom': [ '1.8.0' ],
1098 silly audit   '@rc-component/mini-decimal': [ '1.1.4' ],
1098 silly audit   '@react-spring/web': [ '9.6.1' ],
1098 silly audit   '@use-gesture/react': [ '10.3.0' ],
1098 silly audit   ahooks: [ '3.9.7' ],
1098 silly audit   'antd-mobile-icons': [ '0.3.0' ],
1098 silly audit   'antd-mobile-v5-count': [ '1.0.1' ],
1098 silly audit   classnames: [ '2.5.1' ],
1098 silly audit   dayjs: [ '1.11.23' ],
1098 silly audit   deepmerge: [ '4.3.1' ],
1098 silly audit   'nano-memoize': [ '3.0.16' ],
1098 silly audit   'rc-field-form': [ '1.44.0' ],
1098 silly audit   'rc-segmented': [ '2.4.1' ],
1098 silly audit   'rc-util': [ '5.44.4' ],
1098 silly audit   'react-fast-compare': [ '3.2.2' ],
1098 silly audit   'react-is': [ '18.3.1' ],
1098 silly audit   runes2: [ '1.1.4' ],
1098 silly audit   'staged-components': [ '1.1.3' ],
1098 silly audit   tslib: [ '2.8.1' ],
1098 silly audit   'use-sync-external-store': [ '1.6.0' ],
1098 silly audit   '@floating-ui/core': [ '1.8.0' ],
1098 silly audit   '@floating-ui/utils': [ '0.2.12' ],
1098 silly audit   '@babel/runtime': [ '7.29.7' ],
1098 silly audit   '@react-spring/animated': [ '9.6.1' ],
1098 silly audit   '@react-spring/core': [ '9.6.1' ],
1098 silly audit   '@react-spring/shared': [ '9.6.1' ],
1098 silly audit   '@react-spring/types': [ '9.6.1' ],
1098 silly audit   '@react-spring/rafz': [ '9.6.1' ],
1098 silly audit   '@use-gesture/core': [ '10.3.0' ],
1098 silly audit   '@types/js-cookie': [ '3.0.6' ],
1098 silly audit   'intersection-observer': [ '0.12.2' ],
1098 silly audit   'js-cookie': [ '3.0.8' ],
1098 silly audit   lodash: [ '4.18.1' ],
1098 silly audit   'resize-observer-polyfill': [ '1.5.1' ],
1098 silly audit   screenfull: [ '5.2.0' ],
1098 silly audit   'follow-redirects': [ '1.16.0' ],
1098 silly audit   'form-data': [ '4.0.6' ],
1098 silly audit   'https-proxy-agent': [ '5.0.1' ],
1098 silly audit   'proxy-from-env': [ '2.1.0' ],
1098 silly audit   'baseline-browser-mapping': [ '2.11.21' ],
1098 silly audit   'caniuse-lite': [ '1.0.30001810' ],
1098 silly audit   'electron-to-chromium': [ '1.5.422' ],
1098 silly audit   'node-releases': [ '2.0.54' ],
1098 silly audit   'update-browserslist-db': [ '1.3.2' ],
1098 silly audit   ms: [ '2.1.3' ],
1098 silly audit   asynckit: [ '0.4.0' ],
1098 silly audit   'combined-stream': [ '1.0.8' ],
1098 silly audit   'es-set-tostringtag': [ '2.1.0' ],
1098 silly audit   hasown: [ '2.0.4' ],
1098 silly audit   'mime-types': [ '2.1.35' ],
1098 silly audit   'delayed-stream': [ '1.0.0' ],
1098 silly audit   'es-errors': [ '1.3.0' ],
1098 silly audit   'get-intrinsic': [ '1.3.0' ],
1098 silly audit   'has-tostringtag': [ '1.0.2' ],
1098 silly audit   'call-bind-apply-helpers': [ '1.0.2' ],
1098 silly audit   'es-define-property': [ '1.0.1' ],
1098 silly audit   'es-object-atoms': [ '1.1.2' ],
1098 silly audit   'function-bind': [ '1.1.2' ],
1098 silly audit   'get-proto': [ '1.0.1' ],
1098 silly audit   gopd: [ '1.2.0' ],
1098 silly audit   'has-symbols': [ '1.1.0' ],
1098 silly audit   'math-intrinsics': [ '1.1.0' ],
1098 silly audit   'dunder-proto': [ '1.0.1' ],
1098 silly audit   'agent-base': [ '6.0.2' ],
1098 silly audit   yallist: [ '3.1.1' ],
1098 silly audit   'mime-db': [ '1.52.0' ],
1098 silly audit   'async-validator': [ '4.2.5' ],
1098 silly audit   'rc-motion': [ '2.9.5' ],
1098 silly audit   'loose-envify': [ '1.4.0' ],
1098 silly audit   scheduler: [ '0.23.2' ],
1098 silly audit   '@remix-run/router': [ '1.23.4' ],
1098 silly audit   'react-router': [ '6.30.6' ],
1098 silly audit   escalade: [ '3.2.0' ],
1098 silly audit   esbuild: [ '0.21.5' ],
1098 silly audit   fsevents: [ '2.3.3' ],
1098 silly audit   postcss: [ '8.5.28' ],
1098 silly audit   rollup: [ '4.63.1' ],
1098 silly audit   '@esbuild/aix-ppc64': [ '0.21.5' ],
1098 silly audit   '@esbuild/android-arm': [ '0.21.5' ],
1098 silly audit   '@esbuild/android-arm64': [ '0.21.5' ],
1098 silly audit   '@esbuild/android-x64': [ '0.21.5' ],
1098 silly audit   '@esbuild/darwin-arm64': [ '0.21.5' ],
1098 silly audit   '@esbuild/darwin-x64': [ '0.21.5' ],
1098 silly audit   '@esbuild/freebsd-arm64': [ '0.21.5' ],
1098 silly audit   '@esbuild/freebsd-x64': [ '0.21.5' ],
1098 silly audit   '@esbuild/linux-arm': [ '0.21.5' ],
1098 silly audit   '@esbuild/linux-arm64': [ '0.21.5' ],
1098 silly audit   '@esbuild/linux-ia32': [ '0.21.5' ],
1098 silly audit   '@esbuild/linux-loong64': [ '0.21.5' ],
1098 silly audit   '@esbuild/linux-mips64el': [ '0.21.5' ],
1098 silly audit   '@esbuild/linux-ppc64': [ '0.21.5' ],
1098 silly audit   '@esbuild/linux-riscv64': [ '0.21.5' ],
1098 silly audit   '@esbuild/linux-s390x': [ '0.21.5' ],
1098 silly audit   '@esbuild/linux-x64': [ '0.21.5' ],
1098 silly audit   '@esbuild/netbsd-x64': [ '0.21.5' ],
1098 silly audit   '@esbuild/openbsd-x64': [ '0.21.5' ],
1098 silly audit   '@esbuild/sunos-x64': [ '0.21.5' ],
1098 silly audit   '@esbuild/win32-arm64': [ '0.21.5' ],
1098 silly audit   '@esbuild/win32-ia32': [ '0.21.5' ],
1098 silly audit   '@esbuild/win32-x64': [ '0.21.5' ],
1098 silly audit   nanoid: [ '3.3.18' ],
1098 silly audit   'source-map-js': [ '1.2.1' ],
1098 silly audit   '@napi-rs/lzma-linux-x64-gnu': [ '1.5.1' ],
1098 silly audit   '@rollup/rollup-android-arm-eabi': [ '4.63.1' ],
1098 silly audit   '@rollup/rollup-android-arm64': [ '4.63.1' ],
1098 silly audit   '@rollup/rollup-darwin-arm64': [ '4.63.1' ],
1098 silly audit   '@rollup/rollup-darwin-x64': [ '4.63.1' ],
1098 silly audit   '@rollup/rollup-freebsd-arm64': [ '4.63.1' ],
1098 silly audit   '@rollup/rollup-freebsd-x64': [ '4.63.1' ],
1098 silly audit   '@rollup/rollup-linux-arm-gnueabihf': [ '4.63.1' ],
1098 silly audit   '@rollup/rollup-linux-arm-musleabihf': [ '4.63.1' ],
1098 silly audit   '@rollup/rollup-linux-arm64-gnu': [ '4.63.1' ],
1098 silly audit   '@rollup/rollup-linux-arm64-musl': [ '4.63.1' ],
1098 silly audit   '@rollup/rollup-linux-loong64-gnu': [ '4.63.1' ],
1098 silly audit   '@rollup/rollup-linux-loong64-musl': [ '4.63.1' ],
1098 silly audit   '@rollup/rollup-linux-ppc64-gnu': [ '4.63.1' ],
1098 silly audit   '@rollup/rollup-linux-ppc64-musl': [ '4.63.1' ],
1098 silly audit   '@rollup/rollup-linux-riscv64-gnu': [ '4.63.1' ],
1098 silly audit   '@rollup/rollup-linux-riscv64-musl': [ '4.63.1' ],
1098 silly audit   '@rollup/rollup-linux-s390x-gnu': [ '4.63.1' ],
1098 silly audit   '@rollup/rollup-linux-x64-gnu': [ '4.63.1' ],
1098 silly audit   '@rollup/rollup-linux-x64-musl': [ '4.63.1' ],
1098 silly audit   '@rollup/rollup-openbsd-x64': [ '4.63.1' ],
1098 silly audit   '@rollup/rollup-openharmony-arm64': [ '4.63.1' ],
1098 silly audit   '@rollup/rollup-win32-arm64-msvc': [ '4.63.1' ],
1098 silly audit   '@rollup/rollup-win32-ia32-msvc': [ '4.63.1' ],
1098 silly audit   '@rollup/rollup-win32-x64-gnu': [ '4.63.1' ],
1098 silly audit   '@rollup/rollup-win32-x64-msvc': [ '4.63.1' ],
1098 silly audit   '@types/estree': [ '1.0.9' ]
1098 silly audit }
1099 http cache @rollup/rollup-win32-x64-msvc@https://registry.npmjs.org/@rollup/rollup-win32-x64-msvc/-/rollup-win32-x64-msvc-4.63.1.tgz 0ms (cache hit)
1100 http cache @types/estree@https://registry.npmjs.org/@types/estree/-/estree-1.0.9.tgz 0ms (cache hit)
1101 http cache @esbuild/win32-x64@https://registry.npmjs.org/@esbuild/win32-x64/-/win32-x64-0.21.5.tgz 0ms (cache hit)
1102 http cache @rollup/rollup-win32-x64-gnu@https://registry.npmjs.org/@rollup/rollup-win32-x64-gnu/-/rollup-win32-x64-gnu-4.63.1.tgz 0ms (cache hit)
1103 http cache rollup@https://registry.npmjs.org/rollup/-/rollup-4.63.1.tgz 0ms (cache hit)
1104 http cache source-map-js@https://registry.npmjs.org/source-map-js/-/source-map-js-1.2.1.tgz 0ms (cache hit)
1105 http cache nanoid@https://registry.npmjs.org/nanoid/-/nanoid-3.3.18.tgz 0ms (cache hit)
1106 http cache @remix-run/router@https://registry.npmjs.org/@remix-run/router/-/router-1.23.4.tgz 0ms (cache hit)
1107 http cache postcss@https://registry.npmjs.org/postcss/-/postcss-8.5.28.tgz 0ms (cache hit)
1108 http cache esbuild@https://registry.npmjs.org/esbuild/-/esbuild-0.21.5.tgz 0ms (cache hit)
1109 http cache escalade@https://registry.npmjs.org/escalade/-/escalade-3.2.0.tgz 0ms (cache hit)
1110 http cache react-router@https://registry.npmjs.org/react-router/-/react-router-6.30.6.tgz 0ms (cache hit)
1111 http cache loose-envify@https://registry.npmjs.org/loose-envify/-/loose-envify-1.4.0.tgz 0ms (cache hit)
1112 http cache rc-motion@https://registry.npmjs.org/rc-motion/-/rc-motion-2.9.5.tgz 0ms (cache hit)
1113 http cache yallist@https://registry.npmjs.org/yallist/-/yallist-3.1.1.tgz 0ms (cache hit)
1114 http cache mime-db@https://registry.npmjs.org/mime-db/-/mime-db-1.52.0.tgz 0ms (cache hit)
1115 http cache async-validator@https://registry.npmjs.org/async-validator/-/async-validator-4.2.5.tgz 0ms (cache hit)
1116 http cache scheduler@https://registry.npmjs.org/scheduler/-/scheduler-0.23.2.tgz 0ms (cache hit)
1117 http cache dunder-proto@https://registry.npmjs.org/dunder-proto/-/dunder-proto-1.0.1.tgz 0ms (cache hit)
1118 http cache agent-base@https://registry.npmjs.org/agent-base/-/agent-base-6.0.2.tgz 0ms (cache hit)
1119 http cache math-intrinsics@https://registry.npmjs.org/math-intrinsics/-/math-intrinsics-1.1.0.tgz 0ms (cache hit)
1120 http cache has-symbols@https://registry.npmjs.org/has-symbols/-/has-symbols-1.1.0.tgz 1ms (cache hit)
1121 http cache gopd@https://registry.npmjs.org/gopd/-/gopd-1.2.0.tgz 0ms (cache hit)
1122 http cache get-proto@https://registry.npmjs.org/get-proto/-/get-proto-1.0.1.tgz 0ms (cache hit)
1123 http cache function-bind@https://registry.npmjs.org/function-bind/-/function-bind-1.1.2.tgz 0ms (cache hit)
1124 http cache es-object-atoms@https://registry.npmjs.org/es-object-atoms/-/es-object-atoms-1.1.2.tgz 0ms (cache hit)
1125 http cache es-define-property@https://registry.npmjs.org/es-define-property/-/es-define-property-1.0.1.tgz 0ms (cache hit)
1126 http cache call-bind-apply-helpers@https://registry.npmjs.org/call-bind-apply-helpers/-/call-bind-apply-helpers-1.0.2.tgz 0ms (cache hit)
1127 http cache has-tostringtag@https://registry.npmjs.org/has-tostringtag/-/has-tostringtag-1.0.2.tgz 0ms (cache hit)
1128 http cache delayed-stream@https://registry.npmjs.org/delayed-stream/-/delayed-stream-1.0.0.tgz 0ms (cache hit)
1129 http cache es-errors@https://registry.npmjs.org/es-errors/-/es-errors-1.3.0.tgz 0ms (cache hit)
1130 http cache get-intrinsic@https://registry.npmjs.org/get-intrinsic/-/get-intrinsic-1.3.0.tgz 0ms (cache hit)
1131 http cache hasown@https://registry.npmjs.org/hasown/-/hasown-2.0.4.tgz 0ms (cache hit)
1132 http cache mime-types@https://registry.npmjs.org/mime-types/-/mime-types-2.1.35.tgz 0ms (cache hit)
1133 http cache es-set-tostringtag@https://registry.npmjs.org/es-set-tostringtag/-/es-set-tostringtag-2.1.0.tgz 0ms (cache hit)
1134 http cache ms@https://registry.npmjs.org/ms/-/ms-2.1.3.tgz 0ms (cache hit)
1135 http cache combined-stream@https://registry.npmjs.org/combined-stream/-/combined-stream-1.0.8.tgz 0ms (cache hit)
1136 http cache caniuse-lite@https://registry.npmjs.org/caniuse-lite/-/caniuse-lite-1.0.30001810.tgz 0ms (cache hit)
1137 http cache update-browserslist-db@https://registry.npmjs.org/update-browserslist-db/-/update-browserslist-db-1.3.2.tgz 0ms (cache hit)
1138 http cache asynckit@https://registry.npmjs.org/asynckit/-/asynckit-0.4.0.tgz 0ms (cache hit)
1139 http cache proxy-from-env@https://registry.npmjs.org/proxy-from-env/-/proxy-from-env-2.1.0.tgz 0ms (cache hit)
1140 http cache electron-to-chromium@https://registry.npmjs.org/electron-to-chromium/-/electron-to-chromium-1.5.422.tgz 0ms (cache hit)
1141 http cache https-proxy-agent@https://registry.npmjs.org/https-proxy-agent/-/https-proxy-agent-5.0.1.tgz 0ms (cache hit)
1142 http cache baseline-browser-mapping@https://registry.npmjs.org/baseline-browser-mapping/-/baseline-browser-mapping-2.11.21.tgz 0ms (cache hit)
1143 http cache follow-redirects@https://registry.npmjs.org/follow-redirects/-/follow-redirects-1.16.0.tgz 0ms (cache hit)
1144 http cache node-releases@https://registry.npmjs.org/node-releases/-/node-releases-2.0.54.tgz 0ms (cache hit)
1145 http cache form-data@https://registry.npmjs.org/form-data/-/form-data-4.0.6.tgz 0ms (cache hit)
1146 http cache resize-observer-polyfill@https://registry.npmjs.org/resize-observer-polyfill/-/resize-observer-polyfill-1.5.1.tgz 0ms (cache hit)
1147 http cache @use-gesture/core@https://registry.npmjs.org/@use-gesture/core/-/core-10.3.0.tgz 0ms (cache hit)
1148 http cache js-cookie@https://registry.npmjs.org/js-cookie/-/js-cookie-3.0.8.tgz 0ms (cache hit)
1149 http cache lodash@https://registry.npmjs.org/lodash/-/lodash-4.18.1.tgz 0ms (cache hit)
1150 http cache @types/js-cookie@https://registry.npmjs.org/@types/js-cookie/-/js-cookie-3.0.6.tgz 0ms (cache hit)
1151 http cache @react-spring/shared@https://registry.npmjs.org/@react-spring/shared/-/shared-9.6.1.tgz 0ms (cache hit)
1152 http cache @react-spring/core@https://registry.npmjs.org/@react-spring/core/-/core-9.6.1.tgz 0ms (cache hit)
1153 http cache intersection-observer@https://registry.npmjs.org/intersection-observer/-/intersection-observer-0.12.2.tgz 0ms (cache hit)
1154 http cache @react-spring/rafz@https://registry.npmjs.org/@react-spring/rafz/-/rafz-9.6.1.tgz 1ms (cache hit)
1155 http cache @react-spring/types@https://registry.npmjs.org/@react-spring/types/-/types-9.6.1.tgz 0ms (cache hit)
1156 http cache @react-spring/animated@https://registry.npmjs.org/@react-spring/animated/-/animated-9.6.1.tgz 1ms (cache hit)
1157 http cache @floating-ui/core@https://registry.npmjs.org/@floating-ui/core/-/core-1.8.0.tgz 0ms (cache hit)
1158 http cache @babel/runtime@https://registry.npmjs.org/@babel/runtime/-/runtime-7.29.7.tgz 0ms (cache hit)
1159 http cache @floating-ui/utils@https://registry.npmjs.org/@floating-ui/utils/-/utils-0.2.12.tgz 0ms (cache hit)
1160 http cache use-sync-external-store@https://registry.npmjs.org/use-sync-external-store/-/use-sync-external-store-1.6.0.tgz 0ms (cache hit)
1161 http cache staged-components@https://registry.npmjs.org/staged-components/-/staged-components-1.1.3.tgz 0ms (cache hit)
1162 http cache runes2@https://registry.npmjs.org/runes2/-/runes2-1.1.4.tgz 0ms (cache hit)
1163 http cache react-is@https://registry.npmjs.org/react-is/-/react-is-18.3.1.tgz 0ms (cache hit)
1164 http cache react-fast-compare@https://registry.npmjs.org/react-fast-compare/-/react-fast-compare-3.2.2.tgz 0ms (cache hit)
1165 http cache rc-segmented@https://registry.npmjs.org/rc-segmented/-/rc-segmented-2.4.1.tgz 0ms (cache hit)
1166 http cache rc-util@https://registry.npmjs.org/rc-util/-/rc-util-5.44.4.tgz 0ms (cache hit)
1167 http cache rc-field-form@https://registry.npmjs.org/rc-field-form/-/rc-field-form-1.44.0.tgz 0ms (cache hit)
1168 http cache screenfull@https://registry.npmjs.org/screenfull/-/screenfull-5.2.0.tgz 0ms (cache hit)
1169 http cache deepmerge@https://registry.npmjs.org/deepmerge/-/deepmerge-4.3.1.tgz 0ms (cache hit)
1170 http cache nano-memoize@https://registry.npmjs.org/nano-memoize/-/nano-memoize-3.0.16.tgz 0ms (cache hit)
1171 http cache tslib@https://registry.npmjs.org/tslib/-/tslib-2.8.1.tgz 0ms (cache hit)
1172 http cache dayjs@https://registry.npmjs.org/dayjs/-/dayjs-1.11.23.tgz 0ms (cache hit)
1173 http cache @use-gesture/react@https://registry.npmjs.org/@use-gesture/react/-/react-10.3.0.tgz 0ms (cache hit)
1174 http cache antd-mobile-icons@https://registry.npmjs.org/antd-mobile-icons/-/antd-mobile-icons-0.3.0.tgz 0ms (cache hit)
1175 http cache ahooks@https://registry.npmjs.org/ahooks/-/ahooks-3.9.7.tgz 0ms (cache hit)
1176 http cache @react-spring/web@https://registry.npmjs.org/@react-spring/web/-/web-9.6.1.tgz 0ms (cache hit)
1177 http cache antd-mobile-v5-count@https://registry.npmjs.org/antd-mobile-v5-count/-/antd-mobile-v5-count-1.0.1.tgz 0ms (cache hit)
1178 http cache classnames@https://registry.npmjs.org/classnames/-/classnames-2.5.1.tgz 0ms (cache hit)
1179 http cache @babel/helper-string-parser@https://registry.npmjs.org/@babel/helper-string-parser/-/helper-string-parser-7.29.7.tgz 0ms (cache hit)
1180 http cache @floating-ui/dom@https://registry.npmjs.org/@floating-ui/dom/-/dom-1.8.0.tgz 0ms (cache hit)
1181 http cache @rc-component/mini-decimal@https://registry.npmjs.org/@rc-component/mini-decimal/-/mini-decimal-1.1.4.tgz 0ms (cache hit)
1182 http cache @types/babel__generator@https://registry.npmjs.org/@types/babel__generator/-/babel__generator-7.27.0.tgz 0ms (cache hit)
1183 http cache @types/babel__template@https://registry.npmjs.org/@types/babel__template/-/babel__template-7.4.4.tgz 0ms (cache hit)
1184 http cache @types/babel__traverse@https://registry.npmjs.org/@types/babel__traverse/-/babel__traverse-7.28.0.tgz 0ms (cache hit)
1185 http cache @jridgewell/resolve-uri@https://registry.npmjs.org/@jridgewell/resolve-uri/-/resolve-uri-3.1.2.tgz 0ms (cache hit)
1186 http cache @babel/helper-globals@https://registry.npmjs.org/@babel/helper-globals/-/helper-globals-7.29.7.tgz 1ms (cache hit)
1187 http cache @jridgewell/sourcemap-codec@https://registry.npmjs.org/@jridgewell/sourcemap-codec/-/sourcemap-codec-1.6.0.tgz 0ms (cache hit)
1188 http cache @babel/helper-plugin-utils@https://registry.npmjs.org/@babel/helper-plugin-utils/-/helper-plugin-utils-7.29.7.tgz 0ms (cache hit)
1189 http cache lru-cache@https://registry.npmjs.org/lru-cache/-/lru-cache-5.1.1.tgz 0ms (cache hit)
1190 http cache browserslist@https://registry.npmjs.org/browserslist/-/browserslist-4.28.9.tgz 0ms (cache hit)
1191 http cache @babel/helper-module-imports@https://registry.npmjs.org/@babel/helper-module-imports/-/helper-module-imports-7.29.7.tgz 0ms (cache hit)
1192 http cache jsesc@https://registry.npmjs.org/jsesc/-/jsesc-3.1.0.tgz 0ms (cache hit)
1193 http cache @babel/compat-data@https://registry.npmjs.org/@babel/compat-data/-/compat-data-7.29.7.tgz 0ms (cache hit)
1194 http cache @jridgewell/trace-mapping@https://registry.npmjs.org/@jridgewell/trace-mapping/-/trace-mapping-0.3.31.tgz 0ms (cache hit)
1195 http cache @jridgewell/gen-mapping@https://registry.npmjs.org/@jridgewell/gen-mapping/-/gen-mapping-0.3.13.tgz 0ms (cache hit)
1196 http cache @babel/helper-validator-option@https://registry.npmjs.org/@babel/helper-validator-option/-/helper-validator-option-7.29.7.tgz 0ms (cache hit)
1197 http cache js-tokens@https://registry.npmjs.org/js-tokens/-/js-tokens-4.0.0.tgz 0ms (cache hit)
1198 http cache picocolors@https://registry.npmjs.org/picocolors/-/picocolors-1.1.1.tgz 0ms (cache hit)
1199 http cache @babel/helper-validator-identifier@https://registry.npmjs.org/@babel/helper-validator-identifier/-/helper-validator-identifier-7.29.7.tgz 0ms (cache hit)
1200 http cache semver@https://registry.npmjs.org/semver/-/semver-6.3.1.tgz 0ms (cache hit)
1201 http cache json5@https://registry.npmjs.org/json5/-/json5-2.2.3.tgz 0ms (cache hit)
1202 http cache debug@https://registry.npmjs.org/debug/-/debug-4.4.3.tgz 0ms (cache hit)
1203 http cache @babel/types@https://registry.npmjs.org/@babel/types/-/types-7.29.8.tgz 0ms (cache hit)
1204 http cache convert-source-map@https://registry.npmjs.org/convert-source-map/-/convert-source-map-2.0.0.tgz 0ms (cache hit)
1205 http cache @babel/template@https://registry.npmjs.org/@babel/template/-/template-7.29.7.tgz 0ms (cache hit)
1206 http cache @babel/traverse@https://registry.npmjs.org/@babel/traverse/-/traverse-7.29.8.tgz 0ms (cache hit)
1207 http cache @babel/helpers@https://registry.npmjs.org/@babel/helpers/-/helpers-7.29.7.tgz 0ms (cache hit)
1208 http cache @babel/helper-module-transforms@https://registry.npmjs.org/@babel/helper-module-transforms/-/helper-module-transforms-7.29.7.tgz 1ms (cache hit)
1209 http cache @babel/parser@https://registry.npmjs.org/@babel/parser/-/parser-7.29.8.tgz 0ms (cache hit)
1210 http cache @babel/helper-compilation-targets@https://registry.npmjs.org/@babel/helper-compilation-targets/-/helper-compilation-targets-7.29.7.tgz 0ms (cache hit)
1211 http cache @babel/code-frame@https://registry.npmjs.org/@babel/code-frame/-/code-frame-7.29.7.tgz 0ms (cache hit)
1212 http cache @types/babel__core@https://registry.npmjs.org/@types/babel__core/-/babel__core-7.20.5.tgz 0ms (cache hit)
1213 http cache react-refresh@https://registry.npmjs.org/react-refresh/-/react-refresh-0.17.0.tgz 0ms (cache hit)
1214 http cache @babel/generator@https://registry.npmjs.org/@babel/generator/-/generator-7.29.8.tgz 0ms (cache hit)
1215 http cache @rolldown/pluginutils@https://registry.npmjs.org/@rolldown/pluginutils/-/pluginutils-1.0.0-beta.27.tgz 0ms (cache hit)
1216 http cache @jridgewell/remapping@https://registry.npmjs.org/@jridgewell/remapping/-/remapping-2.3.5.tgz 0ms (cache hit)
1217 http cache @babel/core@https://registry.npmjs.org/@babel/core/-/core-7.29.7.tgz 0ms (cache hit)
1218 http cache csstype@https://registry.npmjs.org/csstype/-/csstype-3.2.3.tgz 0ms (cache hit)
1219 http cache @babel/plugin-transform-react-jsx-source@https://registry.npmjs.org/@babel/plugin-transform-react-jsx-source/-/plugin-transform-react-jsx-source-7.29.7.tgz 0ms (cache hit)
1220 http cache @types/prop-types@https://registry.npmjs.org/@types/prop-types/-/prop-types-15.7.15.tgz 0ms (cache hit)
1221 http cache @tanstack/query-core@https://registry.npmjs.org/@tanstack/query-core/-/query-core-5.102.8.tgz 0ms (cache hit)
1222 http cache @babel/plugin-transform-react-jsx-self@https://registry.npmjs.org/@babel/plugin-transform-react-jsx-self/-/plugin-transform-react-jsx-self-7.29.7.tgz 0ms (cache hit)
1223 http cache zustand@https://registry.npmjs.org/zustand/-/zustand-5.0.15.tgz 0ms (cache hit)
1224 http cache react-router-dom@https://registry.npmjs.org/react-router-dom/-/react-router-dom-6.30.6.tgz 0ms (cache hit)
1225 http cache antd-mobile@https://registry.npmjs.org/antd-mobile/-/antd-mobile-5.42.3.tgz 0ms (cache hit)
1226 http cache typescript@https://registry.npmjs.org/typescript/-/typescript-5.6.3.tgz 0ms (cache hit)
1227 http cache @types/react-dom@https://registry.npmjs.org/@types/react-dom/-/react-dom-18.3.7.tgz 0ms (cache hit)
1228 http cache axios@https://registry.npmjs.org/axios/-/axios-1.20.0.tgz 0ms (cache hit)
1229 http cache @types/react@https://registry.npmjs.org/@types/react/-/react-18.3.31.tgz 0ms (cache hit)
1230 http cache @vitejs/plugin-react@https://registry.npmjs.org/@vitejs/plugin-react/-/plugin-react-4.7.0.tgz 0ms (cache hit)
1231 http cache @tanstack/react-query@https://registry.npmjs.org/@tanstack/react-query/-/react-query-5.102.8.tgz 0ms (cache hit)
1232 http cache react-dom@https://registry.npmjs.org/react-dom/-/react-dom-18.3.1.tgz 0ms (cache hit)
1233 http cache gensync@https://registry.npmjs.org/gensync/-/gensync-1.0.0-beta.2.tgz 0ms (cache hit)
1234 silly tarball no local data for @rollup/rollup-win32-x64-msvc@https://registry.npmjs.org/@rollup/rollup-win32-x64-msvc/-/rollup-win32-x64-msvc-4.63.1.tgz. Extracting by manifest.
1235 silly tarball no local data for @types/estree@https://registry.npmjs.org/@types/estree/-/estree-1.0.9.tgz. Extracting by manifest.
1236 http cache vite@https://registry.npmjs.org/vite/-/vite-5.4.21.tgz 0ms (cache hit)
1237 silly tarball no local data for @esbuild/win32-x64@https://registry.npmjs.org/@esbuild/win32-x64/-/win32-x64-0.21.5.tgz. Extracting by manifest.
1238 silly tarball no local data for @rollup/rollup-win32-x64-gnu@https://registry.npmjs.org/@rollup/rollup-win32-x64-gnu/-/rollup-win32-x64-gnu-4.63.1.tgz. Extracting by manifest.
1239 silly tarball no local data for rollup@https://registry.npmjs.org/rollup/-/rollup-4.63.1.tgz. Extracting by manifest.
1240 silly tarball no local data for source-map-js@https://registry.npmjs.org/source-map-js/-/source-map-js-1.2.1.tgz. Extracting by manifest.
1241 silly tarball no local data for nanoid@https://registry.npmjs.org/nanoid/-/nanoid-3.3.18.tgz. Extracting by manifest.
1242 silly tarball no local data for @remix-run/router@https://registry.npmjs.org/@remix-run/router/-/router-1.23.4.tgz. Extracting by manifest.
1243 silly tarball no local data for postcss@https://registry.npmjs.org/postcss/-/postcss-8.5.28.tgz. Extracting by manifest.
1244 silly tarball no local data for esbuild@https://registry.npmjs.org/esbuild/-/esbuild-0.21.5.tgz. Extracting by manifest.
1245 http cache react@https://registry.npmjs.org/react/-/react-18.3.1.tgz 0ms (cache hit)
1246 silly tarball no local data for escalade@https://registry.npmjs.org/escalade/-/escalade-3.2.0.tgz. Extracting by manifest.
1247 silly tarball no local data for react-router@https://registry.npmjs.org/react-router/-/react-router-6.30.6.tgz. Extracting by manifest.
1248 silly tarball no local data for loose-envify@https://registry.npmjs.org/loose-envify/-/loose-envify-1.4.0.tgz. Extracting by manifest.
1249 silly tarball no local data for rc-motion@https://registry.npmjs.org/rc-motion/-/rc-motion-2.9.5.tgz. Extracting by manifest.
1250 silly tarball no local data for yallist@https://registry.npmjs.org/yallist/-/yallist-3.1.1.tgz. Extracting by manifest.
1251 silly tarball no local data for mime-db@https://registry.npmjs.org/mime-db/-/mime-db-1.52.0.tgz. Extracting by manifest.
1252 silly tarball no local data for async-validator@https://registry.npmjs.org/async-validator/-/async-validator-4.2.5.tgz. Extracting by manifest.
1253 silly tarball no local data for scheduler@https://registry.npmjs.org/scheduler/-/scheduler-0.23.2.tgz. Extracting by manifest.
1254 silly tarball no local data for dunder-proto@https://registry.npmjs.org/dunder-proto/-/dunder-proto-1.0.1.tgz. Extracting by manifest.
1255 silly tarball no local data for agent-base@https://registry.npmjs.org/agent-base/-/agent-base-6.0.2.tgz. Extracting by manifest.
1256 silly tarball no local data for math-intrinsics@https://registry.npmjs.org/math-intrinsics/-/math-intrinsics-1.1.0.tgz. Extracting by manifest.
1257 silly tarball no local data for has-symbols@https://registry.npmjs.org/has-symbols/-/has-symbols-1.1.0.tgz. Extracting by manifest.
1258 silly tarball no local data for gopd@https://registry.npmjs.org/gopd/-/gopd-1.2.0.tgz. Extracting by manifest.
1259 silly tarball no local data for get-proto@https://registry.npmjs.org/get-proto/-/get-proto-1.0.1.tgz. Extracting by manifest.
1260 silly tarball no local data for function-bind@https://registry.npmjs.org/function-bind/-/function-bind-1.1.2.tgz. Extracting by manifest.
1261 silly tarball no local data for es-object-atoms@https://registry.npmjs.org/es-object-atoms/-/es-object-atoms-1.1.2.tgz. Extracting by manifest.
1262 silly tarball no local data for es-define-property@https://registry.npmjs.org/es-define-property/-/es-define-property-1.0.1.tgz. Extracting by manifest.
1263 silly tarball no local data for call-bind-apply-helpers@https://registry.npmjs.org/call-bind-apply-helpers/-/call-bind-apply-helpers-1.0.2.tgz. Extracting by manifest.
1264 silly tarball no local data for has-tostringtag@https://registry.npmjs.org/has-tostringtag/-/has-tostringtag-1.0.2.tgz. Extracting by manifest.
1265 silly tarball no local data for delayed-stream@https://registry.npmjs.org/delayed-stream/-/delayed-stream-1.0.0.tgz. Extracting by manifest.
1266 silly tarball no local data for es-errors@https://registry.npmjs.org/es-errors/-/es-errors-1.3.0.tgz. Extracting by manifest.
1267 silly tarball no local data for get-intrinsic@https://registry.npmjs.org/get-intrinsic/-/get-intrinsic-1.3.0.tgz. Extracting by manifest.
1268 silly tarball no local data for hasown@https://registry.npmjs.org/hasown/-/hasown-2.0.4.tgz. Extracting by manifest.
1269 silly tarball no local data for mime-types@https://registry.npmjs.org/mime-types/-/mime-types-2.1.35.tgz. Extracting by manifest.
1270 silly tarball no local data for es-set-tostringtag@https://registry.npmjs.org/es-set-tostringtag/-/es-set-tostringtag-2.1.0.tgz. Extracting by manifest.
1271 silly tarball no local data for ms@https://registry.npmjs.org/ms/-/ms-2.1.3.tgz. Extracting by manifest.
1272 silly tarball no local data for combined-stream@https://registry.npmjs.org/combined-stream/-/combined-stream-1.0.8.tgz. Extracting by manifest.
1273 silly tarball no local data for caniuse-lite@https://registry.npmjs.org/caniuse-lite/-/caniuse-lite-1.0.30001810.tgz. Extracting by manifest.
1274 silly tarball no local data for update-browserslist-db@https://registry.npmjs.org/update-browserslist-db/-/update-browserslist-db-1.3.2.tgz. Extracting by manifest.
1275 silly tarball no local data for asynckit@https://registry.npmjs.org/asynckit/-/asynckit-0.4.0.tgz. Extracting by manifest.
1276 silly tarball no local data for proxy-from-env@https://registry.npmjs.org/proxy-from-env/-/proxy-from-env-2.1.0.tgz. Extracting by manifest.
1277 silly tarball no local data for electron-to-chromium@https://registry.npmjs.org/electron-to-chromium/-/electron-to-chromium-1.5.422.tgz. Extracting by manifest.
1278 silly tarball no local data for https-proxy-agent@https://registry.npmjs.org/https-proxy-agent/-/https-proxy-agent-5.0.1.tgz. Extracting by manifest.
1279 silly tarball no local data for baseline-browser-mapping@https://registry.npmjs.org/baseline-browser-mapping/-/baseline-browser-mapping-2.11.21.tgz. Extracting by manifest.
1280 silly tarball no local data for follow-redirects@https://registry.npmjs.org/follow-redirects/-/follow-redirects-1.16.0.tgz. Extracting by manifest.
1281 silly tarball no local data for node-releases@https://registry.npmjs.org/node-releases/-/node-releases-2.0.54.tgz. Extracting by manifest.
1282 silly tarball no local data for form-data@https://registry.npmjs.org/form-data/-/form-data-4.0.6.tgz. Extracting by manifest.
1283 silly tarball no local data for resize-observer-polyfill@https://registry.npmjs.org/resize-observer-polyfill/-/resize-observer-polyfill-1.5.1.tgz. Extracting by manifest.
1284 silly tarball no local data for @use-gesture/core@https://registry.npmjs.org/@use-gesture/core/-/core-10.3.0.tgz. Extracting by manifest.
1285 silly tarball no local data for js-cookie@https://registry.npmjs.org/js-cookie/-/js-cookie-3.0.8.tgz. Extracting by manifest.
1286 silly tarball no local data for lodash@https://registry.npmjs.org/lodash/-/lodash-4.18.1.tgz. Extracting by manifest.
1287 silly tarball no local data for @types/js-cookie@https://registry.npmjs.org/@types/js-cookie/-/js-cookie-3.0.6.tgz. Extracting by manifest.
1288 silly tarball no local data for @react-spring/shared@https://registry.npmjs.org/@react-spring/shared/-/shared-9.6.1.tgz. Extracting by manifest.
1289 silly tarball no local data for @react-spring/core@https://registry.npmjs.org/@react-spring/core/-/core-9.6.1.tgz. Extracting by manifest.
1290 silly tarball no local data for intersection-observer@https://registry.npmjs.org/intersection-observer/-/intersection-observer-0.12.2.tgz. Extracting by manifest.
1291 silly tarball no local data for @react-spring/rafz@https://registry.npmjs.org/@react-spring/rafz/-/rafz-9.6.1.tgz. Extracting by manifest.
1292 silly tarball no local data for @react-spring/types@https://registry.npmjs.org/@react-spring/types/-/types-9.6.1.tgz. Extracting by manifest.
1293 silly tarball no local data for @react-spring/animated@https://registry.npmjs.org/@react-spring/animated/-/animated-9.6.1.tgz. Extracting by manifest.
1294 silly tarball no local data for @floating-ui/core@https://registry.npmjs.org/@floating-ui/core/-/core-1.8.0.tgz. Extracting by manifest.
1295 silly tarball no local data for @babel/runtime@https://registry.npmjs.org/@babel/runtime/-/runtime-7.29.7.tgz. Extracting by manifest.
1296 silly tarball no local data for @floating-ui/utils@https://registry.npmjs.org/@floating-ui/utils/-/utils-0.2.12.tgz. Extracting by manifest.
1297 silly tarball no local data for use-sync-external-store@https://registry.npmjs.org/use-sync-external-store/-/use-sync-external-store-1.6.0.tgz. Extracting by manifest.
1298 silly tarball no local data for staged-components@https://registry.npmjs.org/staged-components/-/staged-components-1.1.3.tgz. Extracting by manifest.
1299 silly tarball no local data for runes2@https://registry.npmjs.org/runes2/-/runes2-1.1.4.tgz. Extracting by manifest.
1300 silly tarball no local data for react-is@https://registry.npmjs.org/react-is/-/react-is-18.3.1.tgz. Extracting by manifest.
1301 silly tarball no local data for react-fast-compare@https://registry.npmjs.org/react-fast-compare/-/react-fast-compare-3.2.2.tgz. Extracting by manifest.
1302 silly tarball no local data for rc-segmented@https://registry.npmjs.org/rc-segmented/-/rc-segmented-2.4.1.tgz. Extracting by manifest.
1303 silly tarball no local data for rc-util@https://registry.npmjs.org/rc-util/-/rc-util-5.44.4.tgz. Extracting by manifest.
1304 silly tarball no local data for rc-field-form@https://registry.npmjs.org/rc-field-form/-/rc-field-form-1.44.0.tgz. Extracting by manifest.
1305 silly tarball no local data for screenfull@https://registry.npmjs.org/screenfull/-/screenfull-5.2.0.tgz. Extracting by manifest.
1306 silly tarball no local data for deepmerge@https://registry.npmjs.org/deepmerge/-/deepmerge-4.3.1.tgz. Extracting by manifest.
1307 silly tarball no local data for nano-memoize@https://registry.npmjs.org/nano-memoize/-/nano-memoize-3.0.16.tgz. Extracting by manifest.
1308 silly tarball no local data for tslib@https://registry.npmjs.org/tslib/-/tslib-2.8.1.tgz. Extracting by manifest.
1309 silly tarball no local data for dayjs@https://registry.npmjs.org/dayjs/-/dayjs-1.11.23.tgz. Extracting by manifest.
1310 silly tarball no local data for @use-gesture/react@https://registry.npmjs.org/@use-gesture/react/-/react-10.3.0.tgz. Extracting by manifest.
1311 silly tarball no local data for antd-mobile-icons@https://registry.npmjs.org/antd-mobile-icons/-/antd-mobile-icons-0.3.0.tgz. Extracting by manifest.
1312 silly tarball no local data for ahooks@https://registry.npmjs.org/ahooks/-/ahooks-3.9.7.tgz. Extracting by manifest.
1313 silly tarball no local data for @react-spring/web@https://registry.npmjs.org/@react-spring/web/-/web-9.6.1.tgz. Extracting by manifest.
1314 silly tarball no local data for antd-mobile-v5-count@https://registry.npmjs.org/antd-mobile-v5-count/-/antd-mobile-v5-count-1.0.1.tgz. Extracting by manifest.
1315 silly tarball no local data for classnames@https://registry.npmjs.org/classnames/-/classnames-2.5.1.tgz. Extracting by manifest.
1316 silly tarball no local data for @babel/helper-string-parser@https://registry.npmjs.org/@babel/helper-string-parser/-/helper-string-parser-7.29.7.tgz. Extracting by manifest.
1317 silly tarball no local data for @floating-ui/dom@https://registry.npmjs.org/@floating-ui/dom/-/dom-1.8.0.tgz. Extracting by manifest.
1318 silly tarball no local data for @rc-component/mini-decimal@https://registry.npmjs.org/@rc-component/mini-decimal/-/mini-decimal-1.1.4.tgz. Extracting by manifest.
1319 silly tarball no local data for @types/babel__generator@https://registry.npmjs.org/@types/babel__generator/-/babel__generator-7.27.0.tgz. Extracting by manifest.
1320 silly tarball no local data for @types/babel__template@https://registry.npmjs.org/@types/babel__template/-/babel__template-7.4.4.tgz. Extracting by manifest.
1321 silly tarball no local data for @types/babel__traverse@https://registry.npmjs.org/@types/babel__traverse/-/babel__traverse-7.28.0.tgz. Extracting by manifest.
1322 silly tarball no local data for @jridgewell/resolve-uri@https://registry.npmjs.org/@jridgewell/resolve-uri/-/resolve-uri-3.1.2.tgz. Extracting by manifest.
1323 silly tarball no local data for @babel/helper-globals@https://registry.npmjs.org/@babel/helper-globals/-/helper-globals-7.29.7.tgz. Extracting by manifest.
1324 silly tarball no local data for @jridgewell/sourcemap-codec@https://registry.npmjs.org/@jridgewell/sourcemap-codec/-/sourcemap-codec-1.6.0.tgz. Extracting by manifest.
1325 silly tarball no local data for @babel/helper-plugin-utils@https://registry.npmjs.org/@babel/helper-plugin-utils/-/helper-plugin-utils-7.29.7.tgz. Extracting by manifest.
1326 silly tarball no local data for lru-cache@https://registry.npmjs.org/lru-cache/-/lru-cache-5.1.1.tgz. Extracting by manifest.
1327 silly tarball no local data for browserslist@https://registry.npmjs.org/browserslist/-/browserslist-4.28.9.tgz. Extracting by manifest.
1328 silly tarball no local data for @babel/helper-module-imports@https://registry.npmjs.org/@babel/helper-module-imports/-/helper-module-imports-7.29.7.tgz. Extracting by manifest.
1329 silly tarball no local data for jsesc@https://registry.npmjs.org/jsesc/-/jsesc-3.1.0.tgz. Extracting by manifest.
1330 silly tarball no local data for @babel/compat-data@https://registry.npmjs.org/@babel/compat-data/-/compat-data-7.29.7.tgz. Extracting by manifest.
1331 silly tarball no local data for @jridgewell/trace-mapping@https://registry.npmjs.org/@jridgewell/trace-mapping/-/trace-mapping-0.3.31.tgz. Extracting by manifest.
1332 silly tarball no local data for @jridgewell/gen-mapping@https://registry.npmjs.org/@jridgewell/gen-mapping/-/gen-mapping-0.3.13.tgz. Extracting by manifest.
1333 silly tarball no local data for @babel/helper-validator-option@https://registry.npmjs.org/@babel/helper-validator-option/-/helper-validator-option-7.29.7.tgz. Extracting by manifest.
1334 silly tarball no local data for js-tokens@https://registry.npmjs.org/js-tokens/-/js-tokens-4.0.0.tgz. Extracting by manifest.
1335 silly tarball no local data for picocolors@https://registry.npmjs.org/picocolors/-/picocolors-1.1.1.tgz. Extracting by manifest.
1336 silly tarball no local data for @babel/helper-validator-identifier@https://registry.npmjs.org/@babel/helper-validator-identifier/-/helper-validator-identifier-7.29.7.tgz. Extracting by manifest.
1337 silly tarball no local data for semver@https://registry.npmjs.org/semver/-/semver-6.3.1.tgz. Extracting by manifest.
1338 silly tarball no local data for json5@https://registry.npmjs.org/json5/-/json5-2.2.3.tgz. Extracting by manifest.
1339 silly tarball no local data for debug@https://registry.npmjs.org/debug/-/debug-4.4.3.tgz. Extracting by manifest.
1340 silly tarball no local data for @babel/types@https://registry.npmjs.org/@babel/types/-/types-7.29.8.tgz. Extracting by manifest.
1341 silly tarball no local data for convert-source-map@https://registry.npmjs.org/convert-source-map/-/convert-source-map-2.0.0.tgz. Extracting by manifest.
1342 silly tarball no local data for @babel/template@https://registry.npmjs.org/@babel/template/-/template-7.29.7.tgz. Extracting by manifest.
1343 silly tarball no local data for @babel/traverse@https://registry.npmjs.org/@babel/traverse/-/traverse-7.29.8.tgz. Extracting by manifest.
1344 silly tarball no local data for @babel/helpers@https://registry.npmjs.org/@babel/helpers/-/helpers-7.29.7.tgz. Extracting by manifest.
1345 silly tarball no local data for @babel/helper-module-transforms@https://registry.npmjs.org/@babel/helper-module-transforms/-/helper-module-transforms-7.29.7.tgz. Extracting by manifest.
1346 silly tarball no local data for @babel/parser@https://registry.npmjs.org/@babel/parser/-/parser-7.29.8.tgz. Extracting by manifest.
1347 silly tarball no local data for @babel/helper-compilation-targets@https://registry.npmjs.org/@babel/helper-compilation-targets/-/helper-compilation-targets-7.29.7.tgz. Extracting by manifest.
1348 silly tarball no local data for @babel/code-frame@https://registry.npmjs.org/@babel/code-frame/-/code-frame-7.29.7.tgz. Extracting by manifest.
1349 silly tarball no local data for @types/babel__core@https://registry.npmjs.org/@types/babel__core/-/babel__core-7.20.5.tgz. Extracting by manifest.
1350 silly tarball no local data for react-refresh@https://registry.npmjs.org/react-refresh/-/react-refresh-0.17.0.tgz. Extracting by manifest.
1351 silly tarball no local data for @babel/generator@https://registry.npmjs.org/@babel/generator/-/generator-7.29.8.tgz. Extracting by manifest.
1352 silly tarball no local data for @rolldown/pluginutils@https://registry.npmjs.org/@rolldown/pluginutils/-/pluginutils-1.0.0-beta.27.tgz. Extracting by manifest.
1353 silly tarball no local data for @jridgewell/remapping@https://registry.npmjs.org/@jridgewell/remapping/-/remapping-2.3.5.tgz. Extracting by manifest.
1354 silly tarball no local data for @babel/core@https://registry.npmjs.org/@babel/core/-/core-7.29.7.tgz. Extracting by manifest.
1355 silly tarball no local data for csstype@https://registry.npmjs.org/csstype/-/csstype-3.2.3.tgz. Extracting by manifest.
1356 silly tarball no local data for @babel/plugin-transform-react-jsx-source@https://registry.npmjs.org/@babel/plugin-transform-react-jsx-source/-/plugin-transform-react-jsx-source-7.29.7.tgz. Extracting by manifest.
1357 silly tarball no local data for @types/prop-types@https://registry.npmjs.org/@types/prop-types/-/prop-types-15.7.15.tgz. Extracting by manifest.
1358 silly tarball no local data for @tanstack/query-core@https://registry.npmjs.org/@tanstack/query-core/-/query-core-5.102.8.tgz. Extracting by manifest.
1359 silly tarball no local data for @babel/plugin-transform-react-jsx-self@https://registry.npmjs.org/@babel/plugin-transform-react-jsx-self/-/plugin-transform-react-jsx-self-7.29.7.tgz. Extracting by manifest.
1360 silly tarball no local data for zustand@https://registry.npmjs.org/zustand/-/zustand-5.0.15.tgz. Extracting by manifest.
1361 silly tarball no local data for react-router-dom@https://registry.npmjs.org/react-router-dom/-/react-router-dom-6.30.6.tgz. Extracting by manifest.
1362 silly tarball no local data for antd-mobile@https://registry.npmjs.org/antd-mobile/-/antd-mobile-5.42.3.tgz. Extracting by manifest.
1363 silly tarball no local data for typescript@https://registry.npmjs.org/typescript/-/typescript-5.6.3.tgz. Extracting by manifest.
1364 silly tarball no local data for @types/react-dom@https://registry.npmjs.org/@types/react-dom/-/react-dom-18.3.7.tgz. Extracting by manifest.
1365 silly tarball no local data for axios@https://registry.npmjs.org/axios/-/axios-1.20.0.tgz. Extracting by manifest.
1366 silly tarball no local data for @types/react@https://registry.npmjs.org/@types/react/-/react-18.3.31.tgz. Extracting by manifest.
1367 silly tarball no local data for @vitejs/plugin-react@https://registry.npmjs.org/@vitejs/plugin-react/-/plugin-react-4.7.0.tgz. Extracting by manifest.
1368 silly tarball no local data for @tanstack/react-query@https://registry.npmjs.org/@tanstack/react-query/-/react-query-5.102.8.tgz. Extracting by manifest.
1369 silly tarball no local data for react-dom@https://registry.npmjs.org/react-dom/-/react-dom-18.3.1.tgz. Extracting by manifest.
1370 silly tarball no local data for gensync@https://registry.npmjs.org/gensync/-/gensync-1.0.0-beta.2.tgz. Extracting by manifest.
1371 silly tarball no local data for vite@https://registry.npmjs.org/vite/-/vite-5.4.21.tgz. Extracting by manifest.
1372 silly tarball no local data for react@https://registry.npmjs.org/react/-/react-18.3.1.tgz. Extracting by manifest.
1373 http fetch POST 200 https://registry.npmjs.org/-/npm/v1/security/advisories/bulk 327ms
1374 silly audit report {
1374 silly audit report   vite: [
1374 silly audit report     {
1374 silly audit report       id: 1120784,
1374 silly audit report       url: 'https://github.com/advisories/GHSA-v6wh-96g9-6wx3',
1374 silly audit report       title: 'launch-editor: NTLMv2 hash disclosure via UNC path handling on Windows',
1374 silly audit report       severity: 'moderate',
1374 silly audit report       vulnerable_versions: '<=6.4.2',
1374 silly audit report       cwe: [Array],
1374 silly audit report       cvss: [Object]
1374 silly audit report     },
1374 silly audit report     {
1374 silly audit report       id: 1116229,
1374 silly audit report       url: 'https://github.com/advisories/GHSA-4w7w-66w2-5vf9',
1374 silly audit report       title: 'Vite Vulnerable to Path Traversal in Optimized Deps `.map` Handling',
1374 silly audit report       severity: 'moderate',
1374 silly audit report       vulnerable_versions: '<=6.4.1',
1374 silly audit report       cwe: [Array],
1374 silly audit report       cvss: [Object]
1374 silly audit report     },
1374 silly audit report     {
1374 silly audit report       id: 1123525,
1374 silly audit report       url: 'https://github.com/advisories/GHSA-fx2h-pf6j-xcff',
1374 silly audit report       title: 'vite: `server.fs.deny` bypass on Windows alternate paths',
1374 silly audit report       severity: 'high',
1374 silly audit report       vulnerable_versions: '<=6.4.2',
1374 silly audit report       cwe: [Array],
1374 silly audit report       cvss: [Object]
1374 silly audit report     }
1374 silly audit report   ],
1374 silly audit report   'react-router': [
1374 silly audit report     {
1374 silly audit report       id: 1124268,
1374 silly audit report       url: 'https://github.com/advisories/GHSA-wrjc-x8rr-h8h6',
1374 silly audit report       title: 'React Router: Open redirect via backslash in <Link> and useNavigate (CVE-2025-68470 bypass)',
1374 silly audit report       severity: 'moderate',
1374 silly audit report       vulnerable_versions: '>=6.0.0 <7.18.0',
1374 silly audit report       cwe: [Array],
1374 silly audit report       cvss: [Object]
1374 silly audit report     },
1374 silly audit report     {
1374 silly audit report       id: 1124272,
1374 silly audit report       url: 'https://github.com/advisories/GHSA-337j-9hxr-rhxg',
1374 silly audit report       title: 'React Router: Arbitrary Constructor Injection via deserializeErrors() in React Router SSR Hydration',
1374 silly audit report       severity: 'moderate',
1374 silly audit report       vulnerable_versions: '>=6.4.0 <7.18.0',
1374 silly audit report       cwe: [Array],
1374 silly audit report       cvss: [Object]
1374 silly audit report     }
1374 silly audit report   ],
1374 silly audit report   esbuild: [
1374 silly audit report     {
1374 silly audit report       id: 1102341,
1374 silly audit report       url: 'https://github.com/advisories/GHSA-67mh-4wv8-2f99',
1374 silly audit report       title: 'esbuild enables any website to send any requests to the development server and read the response',
1374 silly audit report       severity: 'moderate',
1374 silly audit report       vulnerable_versions: '<=0.24.2',
1374 silly audit report       cwe: [Array],
1374 silly audit report       cvss: [Object]
1374 silly audit report     }
1374 silly audit report   ]
1374 silly audit report }
1375 silly packumentCache corgi:https://registry.npmjs.org/vite cache-miss
1376 silly packumentCache corgi:https://registry.npmjs.org/react-router cache-miss
1377 silly packumentCache corgi:https://registry.npmjs.org/esbuild cache-miss
1378 http fetch GET 200 https://registry.npmjs.org/yallist/-/yallist-3.1.1.tgz 494ms (cache miss)
1379 http fetch GET 200 https://registry.npmjs.org/nanoid/-/nanoid-3.3.18.tgz 585ms (cache miss)
1380 http fetch GET 200 https://registry.npmjs.org/@types/estree/-/estree-1.0.9.tgz 1005ms (cache miss)
1381 http fetch GET 200 https://registry.npmjs.org/loose-envify/-/loose-envify-1.4.0.tgz 1064ms (cache miss)
1382 http fetch GET 200 https://registry.npmjs.org/esbuild/-/esbuild-0.21.5.tgz 1207ms (cache miss)
1383 http fetch GET 200 https://registry.npmjs.org/escalade/-/escalade-3.2.0.tgz 1301ms (cache miss)
1384 http fetch GET 200 https://registry.npmjs.org/dunder-proto/-/dunder-proto-1.0.1.tgz 1327ms (cache miss)
1385 http fetch GET 200 https://registry.npmjs.org/mime-db/-/mime-db-1.52.0.tgz 1398ms (cache miss)
1386 http fetch GET 200 https://registry.npmjs.org/has-symbols/-/has-symbols-1.1.0.tgz 1549ms (cache miss)
1387 http fetch GET 200 https://registry.npmjs.org/gopd/-/gopd-1.2.0.tgz 1716ms (cache miss)
1388 http fetch GET 200 https://registry.npmjs.org/math-intrinsics/-/math-intrinsics-1.1.0.tgz 1825ms (cache miss)
1389 http fetch GET 200 https://registry.npmjs.org/agent-base/-/agent-base-6.0.2.tgz 1906ms (cache miss)
1390 http fetch GET 200 https://registry.npmjs.org/es-object-atoms/-/es-object-atoms-1.1.2.tgz 2109ms (cache miss)
1391 http fetch GET 200 https://registry.npmjs.org/react-router/-/react-router-6.30.6.tgz 2261ms (cache miss)
1392 http fetch GET 200 https://registry.npmjs.org/es-define-property/-/es-define-property-1.0.1.tgz 2351ms (cache miss)
1393 http fetch GET 200 https://registry.npmjs.org/source-map-js/-/source-map-js-1.2.1.tgz 2417ms (cache miss)
1394 http fetch GET 200 https://registry.npmjs.org/call-bind-apply-helpers/-/call-bind-apply-helpers-1.0.2.tgz 2412ms (cache miss)
1395 http fetch GET 200 https://registry.npmjs.org/function-bind/-/function-bind-1.1.2.tgz 2442ms (cache miss)
1396 http fetch GET 200 https://registry.npmjs.org/get-proto/-/get-proto-1.0.1.tgz 2469ms (cache miss)
1397 http fetch GET 200 https://registry.npmjs.org/scheduler/-/scheduler-0.23.2.tgz 2521ms (cache miss)
1398 http fetch GET 200 https://registry.npmjs.org/mime-types/-/mime-types-2.1.35.tgz 2848ms (cache miss)
1399 http fetch GET 200 https://registry.npmjs.org/hasown/-/hasown-2.0.4.tgz 2888ms (cache miss)
1400 http fetch GET 200 https://registry.npmjs.org/rc-motion/-/rc-motion-2.9.5.tgz 2915ms (cache miss)
1401 http fetch GET 200 https://registry.npmjs.org/combined-stream/-/combined-stream-1.0.8.tgz 3101ms (cache miss)
1402 http fetch GET 200 https://registry.npmjs.org/ms/-/ms-2.1.3.tgz 3201ms (cache miss)
1403 http fetch GET 200 https://registry.npmjs.org/postcss/-/postcss-8.5.28.tgz 3376ms (cache miss)
1404 http fetch GET 200 https://registry.npmjs.org/es-errors/-/es-errors-1.3.0.tgz 3473ms (cache miss)
1405 http fetch GET 200 https://registry.npmjs.org/get-intrinsic/-/get-intrinsic-1.3.0.tgz 3505ms (cache miss)
1406 http fetch GET 200 https://registry.npmjs.org/async-validator/-/async-validator-4.2.5.tgz 3569ms (cache miss)
1407 http fetch GET 200 https://registry.npmjs.org/es-set-tostringtag/-/es-set-tostringtag-2.1.0.tgz 3567ms (cache miss)
1408 http fetch GET 200 https://registry.npmjs.org/has-tostringtag/-/has-tostringtag-1.0.2.tgz 3603ms (cache miss)
1409 http fetch GET 200 https://registry.npmjs.org/asynckit/-/asynckit-0.4.0.tgz 3682ms (cache miss)
1410 http fetch GET 200 https://registry.npmjs.org/follow-redirects/-/follow-redirects-1.16.0.tgz 4095ms (cache miss)
1411 http fetch GET 200 https://registry.npmjs.org/update-browserslist-db/-/update-browserslist-db-1.3.2.tgz 4188ms (cache miss)
1412 http fetch GET 200 https://registry.npmjs.org/proxy-from-env/-/proxy-from-env-2.1.0.tgz 4211ms (cache miss)
1413 http fetch GET 200 https://registry.npmjs.org/https-proxy-agent/-/https-proxy-agent-5.0.1.tgz 4272ms (cache miss)
1414 http fetch GET 200 https://registry.npmjs.org/electron-to-chromium/-/electron-to-chromium-1.5.422.tgz 4330ms (cache miss)
1415 http fetch GET 200 https://registry.npmjs.org/form-data/-/form-data-4.0.6.tgz 4378ms (cache miss)
1416 http fetch GET 200 https://registry.npmjs.org/@types/js-cookie/-/js-cookie-3.0.6.tgz 4534ms (cache miss)
1417 http fetch GET 200 https://registry.npmjs.org/baseline-browser-mapping/-/baseline-browser-mapping-2.11.21.tgz 4583ms (cache miss)
1418 http fetch GET 200 https://registry.npmjs.org/js-cookie/-/js-cookie-3.0.8.tgz 4887ms (cache miss)
1419 http fetch GET 200 https://registry.npmjs.org/@react-spring/shared/-/shared-9.6.1.tgz 5304ms (cache miss)
1420 http fetch GET 200 https://registry.npmjs.org/@react-spring/rafz/-/rafz-9.6.1.tgz 5333ms (cache miss)
1421 http fetch GET 200 https://registry.npmjs.org/node-releases/-/node-releases-2.0.54.tgz 5648ms (cache miss)
1422 http fetch GET 200 https://registry.npmjs.org/delayed-stream/-/delayed-stream-1.0.0.tgz 5791ms (cache miss)
1423 http fetch GET 200 https://registry.npmjs.org/resize-observer-polyfill/-/resize-observer-polyfill-1.5.1.tgz 5894ms (cache miss)
1424 http fetch GET 200 https://registry.npmjs.org/@floating-ui/core/-/core-1.8.0.tgz 6141ms (cache miss)
1425 http fetch GET 200 https://registry.npmjs.org/@react-spring/animated/-/animated-9.6.1.tgz 6228ms (cache miss)
1426 http fetch GET 200 https://registry.npmjs.org/use-sync-external-store/-/use-sync-external-store-1.6.0.tgz 6231ms (cache miss)
1427 http fetch GET 200 https://registry.npmjs.org/@react-spring/types/-/types-9.6.1.tgz 6255ms (cache miss)
1428 http fetch GET 200 https://registry.npmjs.org/staged-components/-/staged-components-1.1.3.tgz 6266ms (cache miss)
1429 http fetch GET 200 https://registry.npmjs.org/intersection-observer/-/intersection-observer-0.12.2.tgz 6279ms (cache miss)
1430 warn deprecated intersection-observer@0.12.2: The Intersection Observer polyfill is no longer needed and can safely be removed. Intersection Observer has been Baseline since 2019.
1431 http fetch GET 200 https://registry.npmjs.org/react-is/-/react-is-18.3.1.tgz 6493ms (cache miss)
1432 http fetch GET 200 https://registry.npmjs.org/@floating-ui/utils/-/utils-0.2.12.tgz 6550ms (cache miss)
1433 http fetch GET 200 https://registry.npmjs.org/@react-spring/core/-/core-9.6.1.tgz 6662ms (cache miss)
1434 http fetch GET 200 https://registry.npmjs.org/caniuse-lite/-/caniuse-lite-1.0.30001810.tgz 6783ms (cache miss)
1435 http fetch GET 200 https://registry.npmjs.org/react-fast-compare/-/react-fast-compare-3.2.2.tgz 6870ms (cache miss)
1436 http fetch GET 200 https://registry.npmjs.org/@use-gesture/core/-/core-10.3.0.tgz 6921ms (cache miss)
1437 http fetch GET 200 https://registry.npmjs.org/deepmerge/-/deepmerge-4.3.1.tgz 6914ms (cache miss)
1438 http fetch GET 200 https://registry.npmjs.org/rc-segmented/-/rc-segmented-2.4.1.tgz 6955ms (cache miss)
1439 http fetch GET 200 https://registry.npmjs.org/screenfull/-/screenfull-5.2.0.tgz 7349ms (cache miss)
1440 http fetch GET 200 https://registry.npmjs.org/@babel/runtime/-/runtime-7.29.7.tgz 7482ms (cache miss)
1441 http fetch GET 200 https://registry.npmjs.org/tslib/-/tslib-2.8.1.tgz 7542ms (cache miss)
1442 http fetch GET 200 https://registry.npmjs.org/@use-gesture/react/-/react-10.3.0.tgz 7613ms (cache miss)
1443 http fetch GET 200 https://registry.npmjs.org/rc-util/-/rc-util-5.44.4.tgz 7774ms (cache miss)
1444 http fetch GET 200 https://registry.npmjs.org/antd-mobile-v5-count/-/antd-mobile-v5-count-1.0.1.tgz 7941ms (cache miss)
1445 http fetch GET 200 https://registry.npmjs.org/classnames/-/classnames-2.5.1.tgz 8006ms (cache miss)
1446 http fetch GET 200 https://registry.npmjs.org/@babel/helper-string-parser/-/helper-string-parser-7.29.7.tgz 8293ms (cache miss)
1447 http fetch GET 200 https://registry.npmjs.org/@rc-component/mini-decimal/-/mini-decimal-1.1.4.tgz 8782ms (cache miss)
1448 http fetch GET 200 https://registry.npmjs.org/@react-spring/web/-/web-9.6.1.tgz 9005ms (cache miss)
1449 http fetch GET 200 https://registry.npmjs.org/nano-memoize/-/nano-memoize-3.0.16.tgz 9132ms (cache miss)
1450 http fetch GET 200 https://registry.npmjs.org/rc-field-form/-/rc-field-form-1.44.0.tgz 9137ms (cache miss)
1451 http fetch GET 200 https://registry.npmjs.org/@types/babel__template/-/babel__template-7.4.4.tgz 9171ms (cache miss)
1452 http fetch GET 200 https://registry.npmjs.org/runes2/-/runes2-1.1.4.tgz 9435ms (cache miss)
1453 http fetch GET 200 https://registry.npmjs.org/@floating-ui/dom/-/dom-1.8.0.tgz 9444ms (cache miss)
1454 http fetch GET 200 https://registry.npmjs.org/@types/babel__generator/-/babel__generator-7.27.0.tgz 9553ms (cache miss)
1455 http fetch GET 200 https://registry.npmjs.org/@jridgewell/resolve-uri/-/resolve-uri-3.1.2.tgz 9563ms (cache miss)
1456 http fetch GET 200 https://registry.npmjs.org/@types/babel__traverse/-/babel__traverse-7.28.0.tgz 9600ms (cache miss)
1457 http fetch GET 200 https://registry.npmjs.org/@babel/helper-globals/-/helper-globals-7.29.7.tgz 9702ms (cache miss)
1458 http fetch GET 200 https://registry.npmjs.org/dayjs/-/dayjs-1.11.23.tgz 9997ms (cache miss)
1459 http fetch GET 200 https://registry.npmjs.org/@babel/helper-module-imports/-/helper-module-imports-7.29.7.tgz 10193ms (cache miss)
1460 http fetch GET 200 https://registry.npmjs.org/lru-cache/-/lru-cache-5.1.1.tgz 10423ms (cache miss)
1461 http fetch GET 200 https://registry.npmjs.org/@babel/compat-data/-/compat-data-7.29.7.tgz 10521ms (cache miss)
1462 http fetch GET 200 https://registry.npmjs.org/jsesc/-/jsesc-3.1.0.tgz 10592ms (cache miss)
1463 http fetch GET 200 https://registry.npmjs.org/@babel/helper-plugin-utils/-/helper-plugin-utils-7.29.7.tgz 10767ms (cache miss)
1464 http fetch GET 200 https://registry.npmjs.org/browserslist/-/browserslist-4.28.9.tgz 10895ms (cache miss)
1465 http fetch GET 200 https://registry.npmjs.org/picocolors/-/picocolors-1.1.1.tgz 11044ms (cache miss)
1466 http fetch GET 200 https://registry.npmjs.org/@jridgewell/gen-mapping/-/gen-mapping-0.3.13.tgz 11384ms (cache miss)
1467 http fetch GET 200 https://registry.npmjs.org/js-tokens/-/js-tokens-4.0.0.tgz 11420ms (cache miss)
1468 http fetch GET 200 https://registry.npmjs.org/@babel/helper-validator-option/-/helper-validator-option-7.29.7.tgz 11583ms (cache miss)
1469 http fetch GET 200 https://registry.npmjs.org/antd-mobile-icons/-/antd-mobile-icons-0.3.0.tgz 11819ms (cache miss)
1470 http fetch GET 200 https://registry.npmjs.org/convert-source-map/-/convert-source-map-2.0.0.tgz 11913ms (cache miss)
1471 http fetch GET 200 https://registry.npmjs.org/json5/-/json5-2.2.3.tgz 11956ms (cache miss)
1472 http fetch GET 200 https://registry.npmjs.org/@jridgewell/trace-mapping/-/trace-mapping-0.3.31.tgz 11970ms (cache miss)
1473 http fetch GET 200 https://registry.npmjs.org/@babel/helper-validator-identifier/-/helper-validator-identifier-7.29.7.tgz 11982ms (cache miss)
1474 http fetch GET 200 https://registry.npmjs.org/debug/-/debug-4.4.3.tgz 12466ms (cache miss)
1475 http fetch GET 200 https://registry.npmjs.org/semver/-/semver-6.3.1.tgz 12615ms (cache miss)
1476 http fetch GET 200 https://registry.npmjs.org/@jridgewell/sourcemap-codec/-/sourcemap-codec-1.6.0.tgz 12644ms (cache miss)
1477 http fetch GET 200 https://registry.npmjs.org/ahooks/-/ahooks-3.9.7.tgz 12846ms (cache miss)
1478 http fetch GET 200 https://registry.npmjs.org/@babel/helper-module-transforms/-/helper-module-transforms-7.29.7.tgz 13228ms (cache miss)
1479 http fetch GET 200 https://registry.npmjs.org/react-refresh/-/react-refresh-0.17.0.tgz 13290ms (cache miss)
1480 http fetch GET 200 https://registry.npmjs.org/@babel/helper-compilation-targets/-/helper-compilation-targets-7.29.7.tgz 13315ms (cache miss)
1481 http fetch GET 200 https://registry.npmjs.org/@types/babel__core/-/babel__core-7.20.5.tgz 13383ms (cache miss)
1482 http fetch GET 200 https://registry.npmjs.org/@rolldown/pluginutils/-/pluginutils-1.0.0-beta.27.tgz 13517ms (cache miss)
1483 http fetch GET 200 https://registry.npmjs.org/@babel/helpers/-/helpers-7.29.7.tgz 13972ms (cache miss)
1484 http fetch GET 200 https://registry.npmjs.org/@jridgewell/remapping/-/remapping-2.3.5.tgz 14050ms (cache miss)
1485 http fetch GET 200 https://registry.npmjs.org/@babel/code-frame/-/code-frame-7.29.7.tgz 14217ms (cache miss)
1486 http fetch GET 200 https://registry.npmjs.org/@babel/plugin-transform-react-jsx-source/-/plugin-transform-react-jsx-source-7.29.7.tgz 14482ms (cache miss)
1487 http fetch GET 200 https://registry.npmjs.org/@babel/template/-/template-7.29.7.tgz 14523ms (cache miss)
1488 http fetch GET 200 https://registry.npmjs.org/csstype/-/csstype-3.2.3.tgz 14599ms (cache miss)
1489 http fetch GET 200 https://registry.npmjs.org/@babel/plugin-transform-react-jsx-self/-/plugin-transform-react-jsx-self-7.29.7.tgz 14980ms (cache miss)
1490 http fetch GET 200 https://registry.npmjs.org/zustand/-/zustand-5.0.15.tgz 15148ms (cache miss)
1491 http fetch GET 200 https://registry.npmjs.org/@types/prop-types/-/prop-types-15.7.15.tgz 15751ms (cache miss)
1492 http fetch GET 200 https://registry.npmjs.org/@babel/generator/-/generator-7.29.8.tgz 15879ms (cache miss)
1493 http fetch GET 200 https://registry.npmjs.org/@rollup/rollup-win32-x64-msvc/-/rollup-win32-x64-msvc-4.63.1.tgz 16319ms (cache miss)
1494 http fetch GET 200 https://registry.npmjs.org/@types/react-dom/-/react-dom-18.3.7.tgz 16231ms (cache miss)
1495 http fetch GET 200 https://registry.npmjs.org/react-router-dom/-/react-router-dom-6.30.6.tgz 17020ms (cache miss)
1496 http fetch GET 200 https://registry.npmjs.org/@babel/traverse/-/traverse-7.29.8.tgz 17673ms (cache miss)
1497 http fetch GET 200 https://registry.npmjs.org/@vitejs/plugin-react/-/plugin-react-4.7.0.tgz 17822ms (cache miss)
1498 http fetch GET 200 https://registry.npmjs.org/@types/react/-/react-18.3.31.tgz 19388ms (cache miss)
1499 http fetch GET 200 https://registry.npmjs.org/@babel/core/-/core-7.29.7.tgz 19847ms (cache miss)
1500 http fetch GET 200 https://registry.npmjs.org/gensync/-/gensync-1.0.0-beta.2.tgz 19875ms (cache miss)
1501 http fetch GET 200 https://registry.npmjs.org/@babel/types/-/types-7.29.8.tgz 20412ms (cache miss)
1502 http fetch GET 200 https://registry.npmjs.org/@tanstack/react-query/-/react-query-5.102.8.tgz 21057ms (cache miss)
1503 http fetch GET 200 https://registry.npmjs.org/react/-/react-18.3.1.tgz 21877ms (cache miss)
1504 http fetch GET 200 https://registry.npmjs.org/rollup/-/rollup-4.63.1.tgz 22580ms (cache miss)
1505 http fetch GET 200 https://registry.npmjs.org/react-dom/-/react-dom-18.3.1.tgz 25102ms (cache miss)
1506 http fetch GET 200 https://registry.npmjs.org/@rollup/rollup-win32-x64-gnu/-/rollup-win32-x64-gnu-4.63.1.tgz 26230ms (cache miss)
1507 http fetch GET 200 https://registry.npmjs.org/@tanstack/query-core/-/query-core-5.102.8.tgz 26579ms (cache miss)
1508 http fetch GET 200 https://registry.npmjs.org/vite 28022ms (cache miss)
1509 silly packumentCache corgi:https://registry.npmjs.org/vite set size:undefined disposed:false
1510 http fetch GET 200 https://registry.npmjs.org/axios/-/axios-1.20.0.tgz 29394ms (cache miss)
1511 http fetch GET 200 https://registry.npmjs.org/@babel/parser/-/parser-7.29.8.tgz 31638ms (cache miss)
1512 http fetch GET 200 https://registry.npmjs.org/esbuild 31641ms (cache miss)
1513 silly packumentCache corgi:https://registry.npmjs.org/esbuild set size:undefined disposed:false
1514 http fetch GET 200 https://registry.npmjs.org/@remix-run/router/-/router-1.23.4.tgz 33746ms (cache miss)
1515 http fetch GET 200 https://registry.npmjs.org/react-router 34818ms (cache miss)
1516 silly packumentCache corgi:https://registry.npmjs.org/react-router set size:undefined disposed:false
1517 silly packumentCache corgi:https://registry.npmjs.org/@vitejs%2fplugin-react cache-miss
1518 http fetch GET 200 https://registry.npmjs.org/@vitejs%2fplugin-react 3708ms (cache miss)
1519 silly packumentCache corgi:https://registry.npmjs.org/@vitejs%2fplugin-react set size:undefined disposed:false
1520 silly packumentCache corgi:https://registry.npmjs.org/react-router-dom cache-miss
1521 http fetch GET 200 https://registry.npmjs.org/react-router-dom 3066ms (cache miss)
1522 silly packumentCache corgi:https://registry.npmjs.org/react-router-dom set size:undefined disposed:false
1523 http fetch GET 200 https://registry.npmjs.org/vite/-/vite-5.4.21.tgz 42623ms (cache miss)
1524 http fetch GET 200 https://registry.npmjs.org/lodash/-/lodash-4.18.1.tgz 42920ms (cache miss)
1525 http fetch GET 200 https://registry.npmjs.org/@esbuild/win32-x64/-/win32-x64-0.21.5.tgz 204705ms (cache miss)
1526 http fetch GET 200 https://registry.npmjs.org/antd-mobile/-/antd-mobile-5.42.3.tgz 278498ms (cache miss)
1527 http fetch GET 200 https://registry.npmjs.org/typescript/-/typescript-5.6.3.tgz 508397ms (cache miss)
1528 info run esbuild@0.21.5 postinstall node_modules/esbuild node install.js
1529 info run esbuild@0.21.5 postinstall { code: 'EPERM', signal: undefined }
1530 warn cleanup Failed to remove some directories [
1530 warn cleanup   [
1530 warn cleanup     '\\\\?\\C:\\Users\\wumoh\\Documents\\Vibecoding\\taichu\\frontend\\node_modules\\@use-gesture',
1530 warn cleanup     [Error: EPERM: operation not permitted, rmdir 'C:\Users\wumoh\Documents\Vibecoding\taichu\frontend\node_modules\@use-gesture\react\dist'] {
1530 warn cleanup       errno: -4048,
1530 warn cleanup       code: 'EPERM',
1530 warn cleanup       syscall: 'rmdir',
1530 warn cleanup       path: 'C:\\Users\\wumoh\\Documents\\Vibecoding\\taichu\\frontend\\node_modules\\@use-gesture\\react\\dist'
1530 warn cleanup     }
1530 warn cleanup   ],
1530 warn cleanup   [
1530 warn cleanup     '\\\\?\\C:\\Users\\wumoh\\Documents\\Vibecoding\\taichu\\frontend\\node_modules\\@react-spring\\core',
1530 warn cleanup     [Error: EPERM: operation not permitted, rmdir 'C:\Users\wumoh\Documents\Vibecoding\taichu\frontend\node_modules\@react-spring\core\dist'] {
1530 warn cleanup       errno: -4048,
1530 warn cleanup       code: 'EPERM',
1530 warn cleanup       syscall: 'rmdir',
1530 warn cleanup       path: 'C:\\Users\\wumoh\\Documents\\Vibecoding\\taichu\\frontend\\node_modules\\@react-spring\\core\\dist'
1530 warn cleanup     }
1530 warn cleanup   ],
1530 warn cleanup   [
1530 warn cleanup     '\\\\?\\C:\\Users\\wumoh\\Documents\\Vibecoding\\taichu\\frontend\\node_modules',
1530 warn cleanup     [Error: EPERM: operation not permitted, rmdir 'C:\Users\wumoh\Documents\Vibecoding\taichu\frontend\node_modules\@react-spring\shared'] {
1530 warn cleanup       errno: -4048,
1530 warn cleanup       code: 'EPERM',
1530 warn cleanup       syscall: 'rmdir',
1530 warn cleanup       path: 'C:\\Users\\wumoh\\Documents\\Vibecoding\\taichu\\frontend\\node_modules\\@react-spring\\shared'
1530 warn cleanup     }
1530 warn cleanup   ],
1530 warn cleanup   [
1530 warn cleanup     '\\\\?\\C:\\Users\\wumoh\\Documents\\Vibecoding\\taichu\\frontend\\node_modules\\@tanstack',
1530 warn cleanup     [Error: EPERM: operation not permitted, rmdir 'C:\Users\wumoh\Documents\Vibecoding\taichu\frontend\node_modules\@tanstack\react-query\build\codemods\src'] {
1530 warn cleanup       errno: -4048,
1530 warn cleanup       code: 'EPERM',
1530 warn cleanup       syscall: 'rmdir',
1530 warn cleanup       path: 'C:\\Users\\wumoh\\Documents\\Vibecoding\\taichu\\frontend\\node_modules\\@tanstack\\react-query\\build\\codemods\\src'
1530 warn cleanup     }
1530 warn cleanup   ]
1530 warn cleanup ]
1531 verbose stack Error: spawn EPERM
1531 verbose stack     at ChildProcess.spawn (node:internal/child_process:441:11)
1531 verbose stack     at spawn (node:child_process:796:9)
1531 verbose stack     at promiseSpawn (C:\Program Files\nodejs\node_modules\npm\node_modules\@npmcli\promise-spawn\lib\index.js:39:16)
1531 verbose stack     at spawnWithShell (C:\Program Files\nodejs\node_modules\npm\node_modules\@npmcli\promise-spawn\lib\index.js:124:10)
1531 verbose stack     at promiseSpawn (C:\Program Files\nodejs\node_modules\npm\node_modules\@npmcli\promise-spawn\lib\index.js:12:12)
1531 verbose stack     at runScriptPkg (C:\Program Files\nodejs\node_modules\npm\node_modules\@npmcli\run-script\lib\run-script-pkg.js:79:13)
1531 verbose stack     at runScript (C:\Program Files\nodejs\node_modules\npm\node_modules\@npmcli\run-script\lib\run-script.js:9:12)
1531 verbose stack     at C:\Program Files\nodejs\node_modules\npm\node_modules\@npmcli\arborist\lib\arborist\rebuild.js:328:17
1531 verbose stack     at run (C:\Program Files\nodejs\node_modules\npm\node_modules\promise-call-limit\dist\commonjs\index.js:67:22)
1531 verbose stack     at C:\Program Files\nodejs\node_modules\npm\node_modules\promise-call-limit\dist\commonjs\index.js:84:9
1532 error code EPERM
1533 error syscall spawn
1534 error errno -4048
1535 error Error: spawn EPERM
1535 error     at ChildProcess.spawn (node:internal/child_process:441:11)
1535 error     at spawn (node:child_process:796:9)
1535 error     at promiseSpawn (C:\Program Files\nodejs\node_modules\npm\node_modules\@npmcli\promise-spawn\lib\index.js:39:16)
1535 error     at spawnWithShell (C:\Program Files\nodejs\node_modules\npm\node_modules\@npmcli\promise-spawn\lib\index.js:124:10)
1535 error     at promiseSpawn (C:\Program Files\nodejs\node_modules\npm\node_modules\@npmcli\promise-spawn\lib\index.js:12:12)
1535 error     at runScriptPkg (C:\Program Files\nodejs\node_modules\npm\node_modules\@npmcli\run-script\lib\run-script-pkg.js:79:13)
1535 error     at runScript (C:\Program Files\nodejs\node_modules\npm\node_modules\@npmcli\run-script\lib\run-script.js:9:12)
1535 error     at C:\Program Files\nodejs\node_modules\npm\node_modules\@npmcli\arborist\lib\arborist\rebuild.js:328:17
1535 error     at run (C:\Program Files\nodejs\node_modules\npm\node_modules\promise-call-limit\dist\commonjs\index.js:67:22)
1535 error     at C:\Program Files\nodejs\node_modules\npm\node_modules\promise-call-limit\dist\commonjs\index.js:84:9 {
1535 error   errno: -4048,
1535 error   code: 'EPERM',
1535 error   syscall: 'spawn'
1535 error }
1536 error
1536 error The operation was rejected by your operating system.
1536 error It's possible that the file was already in use (by a text editor or antivirus), or that you lack permissions to access it.
1536 error
1536 error If you believe this might be a permissions issue, please double-check the permissions of the file and its containing directories, or try running the command again as root/Administrator.
1537 silly unfinished npm timer reify 1788600156083
1538 silly unfinished npm timer reify:build 1788600968430
1539 silly unfinished npm timer build 1788600968430
1540 silly unfinished npm timer build:deps 1788600968430
1541 silly unfinished npm timer build:run:postinstall 1788600968546
1542 silly unfinished npm timer build:run:postinstall:node_modules/esbuild 1788600968546
1543 verbose cwd C:\Users\wumoh\Documents\Vibecoding\taichu\frontend
1544 verbose os Windows_NT 10.0.26200
1545 verbose node v24.16.0
1546 verbose npm  v11.13.0
1547 notice
1547 notice New major version of npm available! 11.13.0 -> 12.0.2
1547 notice Changelog: https://github.com/npm/cli/releases/tag/v12.0.2
1547 notice To update run: npm install -g npm@12.0.2
1547 notice  { force: true, Symbol(proc-log.meta): true }
1548 verbose exit -4048
1549 verbose code -4048
1550 error A complete log of this run can be found in: C:\Users\wumoh\Documents\Vibecoding\taichu\frontend\.npm-cache\_logs\2026-09-05T09_22_35_620Z-debug-0.log
